object,label,face_index,radius_mm,center_x_mm,center_y_mm,center_z_mm,axis_x,axis_y,axis_z,bbox_xmin_mm,bbox_ymin_mm,bbox_zmin_mm,bbox_xmax_mm,bbox_ymax_mm,bbox_zmax_mm,bbox_xlen_mm,bbox_ylen_mm,bbox_zlen_mm
Part__Feature004,全倾转无人机总体装配模型004,1,7.9999999999999885,-280.8824563610076,172.43803743432272,286.1193194510611,-0.3967237909231765,0.7698118170795708,0.5000000000001934,-295.88905242292924,162.81492234473055,275.83978264488076,-270.76188555493434,206.0272420197931,311.54752268134285,25.1271668679949,43.21231967506256,35.7077400364621
Part__Feature005,全倾转无人机总体装配模型005,4,27.499999999999993,-346.94901916206726,302.42052645610113,369.5748528201016,0.39672379092317483,-0.7698118170795715,-0.5000000000001936,-325.3604508651963,200.80220912402692,279.2591542160068,-298.49418411433527,233.08037472726957,298.165010123926,26.86626675086103,32.278165603242655,18.905855907919204
Part__Feature006,全倾转无人机总体装配模型006,1,8.00000000000003,-280.88245636951694,172.43803743462487,838.0741035065902,-0.39672379092318344,0.7698118170798275,-0.4999999999997927,-303.6981884851321,161.94318736154221,811.7945667004171,-277.77757403529057,206.69513067076983,848.5023067368652,25.920614449841537,44.75194330922761,36.70774003644806
Part__Feature006,全倾转无人机总体装配模型006,2,8.00000000000003,-280.88245636951694,172.43803743462487,838.0741035065902,-0.39672379092318344,0.7698118170798275,-0.4999999999997927,-296.68250001328516,162.81492234503438,811.6459002763218,-270.7618855634436,207.566865654262,848.3536403127698,25.920614449841537,44.75194330922761,36.70774003644806
Part__Feature008,全倾转无人机总体装配模型008,5,27.500000000000018,-346.9490191705778,302.420526456446,754.6185701376188,0.39672379092318055,-0.7698118170798278,0.4999999999997945,-325.360450873706,200.80220912432856,826.0284128337522,-298.49418412284496,233.0803747275747,844.9342687416669,26.86626675086103,32.27816560324615,18.905855907914656
Part__Feature010,全倾转无人机总体装配模型010,1,3.999999999999944,552.0306966689279,95.11410399838266,678.7830029787248,2.7610131682735413e-28,8.50589271054556e-28,1.0,548.0306966689279,91.11410399838272,700.0967114777096,556.0306914113925,95.12058938626826,720.0967114777096,7.999994742464537,4.006485387885547,20.0
Part__Feature010,全倾转无人机总体装配模型010,2,3.9999999999999996,466.07720120336205,58.78420216552245,678.7830029787248,2.7610131682735413e-28,8.50589271054556e-28,1.0,462.07720120336205,54.78420216552245,700.0967114777096,470.0771959458266,58.79068755340805,720.0967114777096,7.999994742464537,4.006485387885597,20.0
Part__Feature010,全倾转无人机总体装配模型010,3,3.9999999999999996,380.12370573779606,22.454300332662214,678.7830029787248,2.7610131682735413e-28,8.50589271054556e-28,1.0,376.12370573779606,18.454300332662214,700.0967114777096,384.1237004802606,22.46078572054782,720.0967114777096,7.999994742464537,4.006485387885604,20.0
Part__Feature010,全倾转无人机总体装配模型010,4,3.9999999999999996,324.7034963808649,3.772884745359778,678.7830029787248,2.7610131682735413e-28,8.50589271054556e-28,1.0,320.7034963808649,-0.22711525464022175,700.0967114777096,328.70349112332946,3.7793701332453797,720.0967114777096,7.999994742464537,4.0064853878856015,20.0
Part__Feature010,全倾转无人机总体装配模型010,5,3.9999999999999996,140.01667184961065,4.399177535365978,678.7830029787248,2.7610131682735413e-28,8.50589271054556e-28,1.0,136.01667184961065,0.39917753536597855,700.0967114777097,144.01666659207518,4.40566292325158,720.0967114777096,7.999994742464537,4.006485387885601,19.999999999999886
Part__Feature010,全倾转无人机总体装配模型010,6,3.999999999999996,6.849827771273787,4.615087478500563,678.7830029787248,2.7610131682735413e-28,8.50589271054556e-28,1.0,2.8498277712737914,0.6150874785005667,700.0967114777097,10.849822513738324,4.621572866386164,720.0967114777096,7.9999947424645335,4.006485387885597,19.999999999999886
Part__Feature010,全倾转无人机总体装配模型010,7,3.9999999999999996,-126.3170163070631,4.830997421623573,678.7830029787248,2.7610131682735413e-28,8.50589271054556e-28,1.0,-130.31701630706308,0.8309974216235738,700.0967114777097,-122.31702156459856,4.837482809509175,720.0967114777096,7.999994742464523,4.006485387885601,19.999999999999886
Part__Feature010,全倾转无人机总体装配模型010,8,3.9999999999999996,-259.48386038539996,5.046907364746556,678.7830029787248,2.7610131682735413e-28,8.50589271054556e-28,1.0,-263.48386038539996,1.046907364746556,700.0967114777097,-255.48386564293543,5.053392752632157,720.0967114777096,7.999994742464537,4.006485387885601,19.999999999999886
Part__Feature010,全倾转无人机总体装配模型010,9,3.9999999999999996,-392.6507044637368,5.262817307869566,678.7830029787248,2.7610131682735413e-28,8.50589271054556e-28,1.0,-396.6507044637368,1.2628173078695668,700.0967114777097,-388.6507097212723,5.269302695755168,720.0967114777096,7.999994742464537,4.006485387885601,19.999999999999886
Part__Feature010,全倾转无人机总体装配模型010,10,3.9999999999999996,-392.6507044637368,5.262817307869566,445.4104199766946,-2.7610131682735413e-28,-8.50589271054556e-28,-1.0,-396.6507044637368,1.2628173078695668,404.09671147770973,-388.6507097212723,5.269302695755166,424.0967114777097,7.999994742464537,4.006485387885599,19.999999999999943
Part__Feature010,全倾转无人机总体装配模型010,11,3.999999999999944,552.0306966689279,95.11410399838266,445.4104199766946,-2.7610131682735413e-28,-8.50589271054556e-28,-1.0,548.0306966689279,91.11410399838272,404.09671147770973,556.0306914113925,95.12058938626828,424.0967114777098,7.999994742464537,4.0064853878855615,20.000000000000057
Part__Feature010,全倾转无人机总体装配模型010,12,3.9999999999999996,466.07720120336205,58.78420216552245,445.4104199766946,-2.7610131682735413e-28,-8.50589271054556e-28,-1.0,462.07720120336205,54.78420216552245,404.09671147770973,470.0771959458266,58.79068755340805,424.0967114777098,7.999994742464537,4.006485387885597,20.000000000000057
Part__Feature010,全倾转无人机总体装配模型010,13,3.9999999999999996,380.12370573779606,22.454300332662214,445.4104199766946,-2.7610131682735413e-28,-8.50589271054556e-28,-1.0,376.12370573779606,18.454300332662214,404.09671147770973,384.1237004802606,22.460785720547815,424.0967114777098,7.999994742464537,4.006485387885601,20.000000000000057
Part__Feature010,全倾转无人机总体装配模型010,14,3.9999999999999996,-259.48386038539996,5.046907364746556,445.4104199766946,-2.7610131682735413e-28,-8.50589271054556e-28,-1.0,-263.48386038539996,1.046907364746556,404.09671147770973,-255.48386564293543,5.053392752632155,424.0967114777097,7.999994742464537,4.006485387885599,19.999999999999943
Part__Feature010,全倾转无人机总体装配模型010,15,3.9999999999999996,-126.3170163070631,4.830997421623573,445.4104199766946,-2.7610131682735413e-28,-8.50589271054556e-28,-1.0,-130.31701630706308,0.8309974216235738,404.09671147770973,-122.31702156459856,4.837482809509173,424.0967114777097,7.999994742464523,4.006485387885599,19.999999999999943
Part__Feature010,全倾转无人机总体装配模型010,16,3.9999999999999987,6.849827771273787,4.615087478500563,445.4104199766946,-2.7610131682735413e-28,-8.50589271054556e-28,-1.0,2.8498277712737887,0.615087478500564,404.09671147770973,10.849822513738328,4.621572866386162,424.0967114777097,7.999994742464539,4.006485387885599,19.999999999999943
Part__Feature010,全倾转无人机总体装配模型010,17,3.9999999999999996,324.7034963808649,3.772884745359778,445.4104199766946,-2.7610131682735413e-28,-8.50589271054556e-28,-1.0,320.7034963808649,-0.22711525464022175,404.09671147770973,328.70349112332946,3.779370133245378,424.09671147770973,7.999994742464537,4.0064853878856,20.0
Part__Feature010,全倾转无人机总体装配模型010,18,3.999999999999944,-577.978595976354,5.397020600779262,445.4104199766946,-2.7610131682735413e-28,-8.50589271054556e-28,-1.0,-581.978595976354,1.3970206007793182,412.6514176274,-573.9786012338894,5.403505988664862,424.0967114777096,7.999994742464537,4.006485387885544,11.44529385030961
Part__Feature010,全倾转无人机总体装配模型010,19,3.999999999999944,-577.978595976354,5.397020600779262,678.7830029787248,2.7610131682735413e-28,8.50589271054556e-28,1.0,-581.978595976354,1.3970206007793182,700.0967114777098,-573.9786012338894,5.403505988664942,711.5420053280194,7.999994742464537,4.006485387885624,11.445293850309554
Part__Feature010,全倾转无人机总体装配模型010,21,48.99999999999993,-601.7214541289186,86.41130995121691,720.0967114777098,-2.7610131682735413e-28,-8.50589271054556e-28,-1.0,-650.7214541289185,50.7325302851373,434.0967114777098,-635.3075328154717,86.49075595281552,690.0967114777096,15.413921313446735,35.75822566767822,255.99999999999983
Part__Feature010,全倾转无人机总体装配模型010,23,1.6000000000000147,590.5192092813295,112.99502118689998,431.4070779764988,0.14077848616659613,0.9900411192635594,1.7617922927587733e-27,590.324700319838,122.93918464983408,431.4070779764988,590.9929018463523,125.0554712765204,432.44063888329475,0.6682015265142809,2.1162866266863176,1.0335609067959695
Part__Feature010,全倾转无人机总体装配模型010,24,1.6000000000000147,590.5987996931495,112.98370386131482,673.5028842590607,0.14077848616659613,0.9900411192635594,1.7617922927587733e-27,590.4225187639938,123.05726526850259,673.5028842590607,591.070442453349,125.08944287034412,674.5262258290498,0.6479236893551388,2.032177601841525,1.0233415699891566
Part__Feature010,全倾转无人机总体装配模型010,25,16.600000000000122,579.1828708762766,114.60698712274181,683.0967114777085,0.14077848616659613,0.9900411192635594,1.7617922927587733e-27,593.1012000081722,121.92430879474425,672.4795426890718,597.306895290051,124.70357158490626,693.8199058857166,4.205695281878775,2.779262790162008,21.34036319664483
Part__Feature010,全倾转无人机总体装配模型010,26,1.6000000000000147,590.5987996931495,112.98370386131482,673.5028842590607,0.14077848616659613,0.9900411192635594,1.7617922927587733e-27,590.4225187639938,122.71096483939816,671.9028842590607,593.5058406009485,125.08944287034412,673.5028842590607,3.083321836954724,2.3784780309459563,1.6000000000000227
Part__Feature010,全倾转无人机总体装配模型010,27,13.400000000000093,579.1828708762766,114.60698712274181,683.0967114777085,0.14077848616659613,0.9900411192635594,1.7617922927587733e-27,590.7108841058099,122.57243727517724,674.5262258290498,594.1387637084076,125.04745765121915,691.7527840721245,3.427879602597727,2.475020376041911,17.22655824307469
Part__Feature010,全倾转无人机总体装配模型010,28,16.600000000000122,579.1828708762766,114.60698712274181,441.0967114777109,0.14077848616659613,0.9900411192635594,1.7617922927587733e-27,593.1012000081722,121.92430879474425,430.3735170697028,597.306895290051,124.70357158490623,451.7138802663476,4.205695281878775,2.7792627901619795,21.340363196644773
Part__Feature010,全倾转无人机总体装配模型010,29,1.6000000000000147,590.5192092813295,112.99502118689998,431.4070779764988,0.14077848616659613,0.9900411192635594,1.7617922927587733e-27,590.2963849338619,122.39616732996443,429.80707797649876,593.4007528055187,124.98115128344726,431.4070779764988,3.104367871656791,2.5849839534828334,1.6000000000000227
Part__Feature010,全倾转无人机总体装配模型010,30,13.400000000000093,579.1828708762766,114.60698712274181,441.0967114777109,0.14077848616659613,0.9900411192635594,1.7617922927587733e-27,590.7108841058098,122.57243727517724,432.44063888329475,594.1387637084076,125.0474576512192,449.6671971263695,3.427879602597841,2.475020376041968,17.22655824307475
Part__Feature010,全倾转无人机总体装配模型010,32,5.0,-601.8543509055676,4.4445228800124585,409.0967114777098,-0.9999986856161355,0.0016213469713785454,-5.474694682234193e-28,319.52138489732545,-2.0959291641752724,404.0967114777098,348.2547981825735,2.9506380138985797,409.0967114777098,28.733413285248048,5.046567178073852,5.0
Part__Feature010,全倾转无人机总体装配模型010,39,48.99999999999993,-601.7214541289186,86.41130995121691,720.0967114777098,-2.7610131682735413e-28,-8.50589271054556e-28,-1.0,-650.7213897241091,86.49075595281553,434.0967114777098,-649.537322949292,97.11844257170992,690.0967114777096,1.1840667748170972,10.627686618894387,255.99999999999983
Part__Feature010,全倾转无人机总体装配模型010,41,30.00000000000001,-631.5758230374939,123.85355913756199,690.0967114777096,0.7818806305050678,0.6234281671860823,1.4908356389952956e-27,-622.1981331473888,146.24341729090852,690.0967114777096,-500.7939589559403,251.58816917873634,720.0967114777096,121.40417419144853,105.34475188782781,30.0
Part__Feature010,全倾转无人机总体装配模型010,43,30.00000000000003,-620.2623012225329,90.56305525304079,690.0967114777096,0.21851291062231146,0.9758340575586435,1.7803938770129033e-27,-649.5373229492922,90.56305525304053,690.0967114777096,-610.1910000488847,142.09481793180572,720.0967114777096,39.34632290040747,51.53176267876519,30.0
Part__Feature010,全倾转无人机总体装配模型010,45,3.999999999999944,-577.978595976354,5.397020600779262,678.7830029787248,2.7610131682735413e-28,8.50589271054556e-28,1.0,-581.9785907188185,5.390535212893662,700.0967114777098,-573.978595976354,9.397020600779207,712.7091992516234,7.999994742464537,4.0064853878855455,12.612487773913585
Part__Feature010,全倾转无人机总体装配模型010,46,29.999999999999982,-614.7446274971726,72.57668110110669,690.0967114777096,-0.7281383605322161,0.6854301772766184,7.654625357540595e-28,-635.3075328154702,-3.8402988940374527,690.096711477707,-556.7714426484778,72.57668110110563,720.0967114777096,78.53609016699238,76.4169799951431,30.000000000002615
Part__Feature010,全倾转无人机总体装配模型010,48,3.999999999999944,-577.978595976354,5.397020600779262,445.4104199766946,-2.7610131682735413e-28,-8.50589271054556e-28,-1.0,-581.9785907188185,5.39053521289366,411.48281604965365,-573.978595976354,9.397020600779207,424.0967114777096,7.999994742464537,4.006485387885547,12.613895428055969
Part__Feature010,全倾转无人机总体装配模型010,49,29.999999999999982,-614.7446274971726,72.57668110110669,434.0967114777098,-0.7281383605322161,0.6854301772766184,7.654625357540595e-28,-635.3075328154702,-3.8402988940374527,404.0967114777098,-556.7714426484778,72.57668110110565,434.0967114777124,78.53609016699238,76.4169799951431,30.000000000002615
Part__Feature010,全倾转无人机总体装配模型010,52,87.00000000000011,-485.1808814815982,-0.7446521168474607,434.0967114777098,-2.7610131682735413e-28,-8.50589271054556e-28,-1.0,-572.1807671302021,-0.8857093033592649,404.09671147770973,-398.1808814815981,86.25534788315265,434.0967114777096,173.999885648604,87.14105718651192,29.999999999999886
Part__Feature010,全倾转无人机总体装配模型010,54,87.0,232.61173987992407,-1.9084445392553995,434.0967114777098,-2.7610131682735413e-28,-8.50589271054556e-28,-1.0,145.61185423132025,-1.7673873527591935,404.09671147770973,319.3383431329253,85.0915554607446,434.09671147770973,173.72648890160502,86.85894281350379,30.0
Part__Feature010,全倾转无人机总体装配模型010,55,5.500000000000006,324.7034963808649,3.772884745359778,388.5403622916053,2.7610131682735413e-28,8.50589271054556e-28,1.0,319.2034963808649,-1.7271152546402284,404.09671147770973,330.1390576348394,4.983310549001876,434.09671147770973,10.93556125397447,6.710425803642105,30.0
Part__Feature010,全倾转无人机总体装配模型010,56,87.0,232.61173987992407,-1.9084445392553995,434.0967114777098,-2.7610131682735413e-28,-8.50589271054556e-28,-1.0,319.5278079175453,-2.0495017257672035,404.2057415154372,319.6117398799241,1.9121728034784724,434.09671147770973,0.083931962378756,3.961674529245676,29.89096996227255
Part__Feature010,全倾转无人机总体装配模型010,58,4.999999999999986,336.74039636622945,2.922733128955579,404.09671147770973,2.7610131682735413e-28,8.50589271054556e-28,1.0,336.73228963137257,-2.0772668710444067,407.33804665892757,338.68700381651286,-1.6827765534249717,434.09671147770973,1.9547141851402898,0.394490317619435,26.758664818782165
Part__Feature010,全倾转无人机总体装配模型010,59,87.0,232.61173987992407,-1.9084445392553995,690.0967114777096,2.7610131682735413e-28,8.50589271054556e-28,1.0,319.5278079175453,-2.049501725767225,690.0967114777096,319.6117398799241,1.9121728034784657,719.9876814399821,0.083931962378756,3.9616745292456903,29.890969962272493
Part__Feature010,全倾转无人机总体装配模型010,60,5.500000000000006,324.7034963808649,3.772884745359778,735.6530606638141,-2.7610131682735413e-28,-8.50589271054556e-28,-1.0,319.2034963808649,-1.7271152546402284,690.0967114777096,330.1390576348394,4.983310549001875,720.0967114777096,10.93556125397447,6.710425803642104,30.0
Part__Feature010,全倾转无人机总体装配模型010,61,5.0,-601.8543509055676,4.4445228800124585,715.0967114777096,-0.9999986856161355,0.0016213469713785454,-5.474694682234193e-28,319.52138489732545,-2.0959291641752724,715.0967114777096,348.2547981825735,2.950638013898576,720.0967114777096,28.733413285248048,5.046567178073849,5.0
Part__Feature010,全倾转无人机总体装配模型010,63,4.999999999999986,336.74039636622945,2.922733128955579,720.0967114777096,-2.7610131682735413e-28,-8.50589271054556e-28,-1.0,336.73228963137257,-2.0772668710444067,690.0967114777096,338.68700381651286,-1.6827765534249717,716.8553762964917,1.9547141851402898,0.394490317619435,26.75866481878211
Part__Feature010,全倾转无人机总体装配模型010,64,0.4999999999999892,-427.7862947713994,-325.10466385789726,719.5967114777096,-0.9211019364761116,-0.3893214900566847,-1.1691593990796019e-27,348.2547981825732,2.4435132956672945,719.5967114777096,572.146865782545,97.4540856130806,720.0967114777096,223.89206759997177,95.0105723174133,0.5
Part__Feature010,全倾转无人机总体装配模型010,66,0.5000000000000208,624.7025120977139,119.7500197896951,720.0967114777096,-2.7610131682735413e-28,-8.50589271054556e-28,-1.0,624.772901340797,119.28946882145699,652.0967114777095,625.2025120977139,120.24504034932693,690.0967114777096,0.42961075691687256,0.9555715278699353,38.000000000000114
Part__Feature010,全倾转无人机总体装配模型010,69,0.5000000000000208,624.7025120977139,119.7500197896951,404.09671147770973,2.7610131682735413e-28,8.50589271054556e-28,1.0,624.772901340797,119.28946882145699,434.0967114777098,625.2025120977139,120.24504034932693,472.09671147770985,0.42961075691687256,0.9555715278699353,38.00000000000006
Part__Feature010,全倾转无人机总体装配模型010,71,0.4999999999999892,-427.7862947713994,-325.10466385789726,404.5967114777097,-0.9211019364761116,-0.3893214900566847,-1.1691593990796019e-27,348.2547981825732,2.4435132956672945,404.0967114777097,572.146865782545,97.4540856130806,404.5967114777097,223.89206759997177,95.0105723174133,0.5
Part__Feature010,全倾转无人机总体装配模型010,72,3.9999999999999996,324.7034963808649,3.772884745359778,445.4104199766946,-2.7610131682735413e-28,-8.50589271054556e-28,-1.0,320.7035016384004,3.7663993574741768,404.09671147770973,328.7034963808649,7.772884745359777,424.09671147770973,7.999994742464537,4.006485387885601,20.0
Part__Feature010,全倾转无人机总体装配模型010,73,3.9999999999999987,6.849827771273787,4.615087478500563,445.4104199766946,-2.7610131682735413e-28,-8.50589271054556e-28,-1.0,2.8498330288092473,4.608602090614962,404.09671147770973,10.849827771273786,8.615087478500561,424.0967114777097,7.999994742464539,4.006485387885599,19.999999999999943
Part__Feature010,全倾转无人机总体装配模型010,74,3.9999999999999996,-126.3170163070631,4.830997421623573,445.4104199766946,-2.7610131682735413e-28,-8.50589271054556e-28,-1.0,-130.31701104952765,4.824512033737973,404.09671147770973,-122.3170163070631,8.830997421623573,424.0967114777097,7.999994742464551,4.006485387885601,19.999999999999943
Part__Feature010,全倾转无人机总体装配模型010,75,3.9999999999999996,-259.48386038539996,5.046907364746556,445.4104199766946,-2.7610131682735413e-28,-8.50589271054556e-28,-1.0,-263.4838551278645,5.040421976860955,404.09671147770973,-255.48386038539996,9.046907364746556,424.0967114777097,7.999994742464537,4.006485387885601,19.999999999999943
Part__Feature010,全倾转无人机总体装配模型010,76,3.9999999999999996,380.12370573779606,22.454300332662214,445.4104199766946,-2.7610131682735413e-28,-8.50589271054556e-28,-1.0,376.1237109953315,22.44781494477661,404.09671147770973,384.12370573779606,26.454300332662214,424.0967114777098,7.999994742464537,4.006485387885604,20.000000000000057
Part__Feature010,全倾转无人机总体装配模型010,77,3.9999999999999996,466.07720120336205,58.78420216552245,445.4104199766946,-2.7610131682735413e-28,-8.50589271054556e-28,-1.0,462.0772064608975,58.77771677763685,404.09671147770973,470.07720120336205,62.78420216552245,424.0967114777098,7.999994742464537,4.006485387885604,20.000000000000057
Part__Feature010,全倾转无人机总体装配模型010,78,3.999999999999944,552.0306966689279,95.11410399838266,445.4104199766946,-2.7610131682735413e-28,-8.50589271054556e-28,-1.0,548.0307019264634,95.10761861049704,404.09671147770973,556.0306966689279,99.1141039983826,424.0967114777098,7.999994742464537,4.0064853878855615,20.000000000000057
Part__Feature010,全倾转无人机总体装配模型010,79,3.9999999999999996,-392.6507044637368,5.262817307869566,445.4104199766946,-2.7610131682735413e-28,-8.50589271054556e-28,-1.0,-396.65069920620135,5.256331919983966,404.09671147770973,-388.6507044637368,9.262817307869566,424.0967114777097,7.999994742464537,4.006485387885601,19.999999999999943
Part__Feature010,全倾转无人机总体装配模型010,84,30.00000000000001,-631.5758230374939,123.85355913756199,434.0967114777098,0.7818806305050678,0.6234281671860823,1.4908356389952956e-27,-622.1981331473888,146.24341729090852,404.0967114777098,-500.7939589559403,251.58816917873634,434.0967114777098,121.40417419144853,105.34475188782781,30.0
Part__Feature010,全倾转无人机总体装配模型010,86,30.00000000000003,-620.2623012225329,90.56305525304079,434.0967114777098,0.21851291062231146,0.9758340575586435,1.7803938770129033e-27,-649.5373229492922,90.56305525304053,404.09671147770973,-610.1910000488847,142.09481793180572,434.0967114777098,39.34632290040747,51.53176267876519,30.000000000000057
Part__Feature010,全倾转无人机总体装配模型010,91,49.000000000000036,-591.6501529552704,131.38768531131234,720.0967114777098,-2.7610131682735413e-28,-8.50589271054556e-28,-1.0,-639.466021775644,142.09481793180558,434.0967114777098,-622.1981331473888,169.69983620606044,690.0967114777096,17.26788862825515,27.60501827425486,255.99999999999983
Part__Feature010,全倾转无人机总体装配模型010,93,99.00000000000601,-457.77741542016383,174.18198675867657,720.0967114777098,-2.7610131682735413e-28,-8.50589271054556e-28,-1.0,-519.4968039715228,251.58816917873628,434.0967114777098,-443.8403452896698,273.18198675868257,690.0967114777096,75.656458681853,21.59381757994629,255.99999999999983
Part__Feature010,全倾转无人机总体装配模型010,95,29.99999999999999,-576.9218029653173,260.8177484911398,434.0967114777098,0.9900411192635594,-0.1407784861665961,3.052460047287682e-28,-448.0636998746679,90.54378433000673,404.0967114777098,624.7730591626528,272.1960575657749,434.0967114777098,1072.8367590373207,181.65227323576815,30.0
Part__Feature010,全倾转无人机总体装配模型010,97,29.99999999999999,-576.9218029653173,260.8177484911398,690.0967114777096,0.9900411192635594,-0.1407784861665961,3.052460047287682e-28,-448.0636998746679,90.54378433000673,690.0967114777096,624.7730591626528,272.1960575657749,720.0967114777096,1072.8367590373207,181.65227323576815,30.0
Part__Feature010,全倾转无人机总体装配模型010,98,3.9999999999999996,-392.6507044637368,5.262817307869566,678.7830029787248,2.7610131682735413e-28,8.50589271054556e-28,1.0,-396.65069920620135,5.256331919983966,700.0967114777097,-388.6507044637368,9.262817307869566,720.0967114777096,7.999994742464537,4.006485387885601,19.999999999999886
Part__Feature010,全倾转无人机总体装配模型010,99,3.9999999999999996,-259.48386038539996,5.046907364746556,678.7830029787248,2.7610131682735413e-28,8.50589271054556e-28,1.0,-263.4838551278645,5.040421976860955,700.0967114777097,-255.48386038539996,9.046907364746556,720.0967114777096,7.999994742464537,4.006485387885601,19.999999999999886
Part__Feature010,全倾转无人机总体装配模型010,100,3.9999999999999996,-126.3170163070631,4.830997421623573,678.7830029787248,2.7610131682735413e-28,8.50589271054556e-28,1.0,-130.31701104952765,4.824512033737973,700.0967114777097,-122.3170163070631,8.830997421623573,720.0967114777096,7.999994742464551,4.006485387885601,19.999999999999886
Part__Feature010,全倾转无人机总体装配模型010,101,3.999999999999996,6.849827771273787,4.615087478500563,678.7830029787248,2.7610131682735413e-28,8.50589271054556e-28,1.0,2.84983302880925,4.608602090614962,700.0967114777097,10.849827771273784,8.61508747850056,720.0967114777096,7.9999947424645335,4.006485387885597,19.999999999999886
Part__Feature010,全倾转无人机总体装配模型010,102,3.9999999999999996,140.01667184961065,4.399177535365978,678.7830029787248,2.7610131682735413e-28,8.50589271054556e-28,1.0,136.0166771071461,4.3926921474803775,700.0967114777097,144.01667184961065,8.399177535365977,720.0967114777096,7.999994742464537,4.0064853878856,19.999999999999886
Part__Feature010,全倾转无人机总体装配模型010,103,3.9999999999999996,324.7034963808649,3.772884745359778,678.7830029787248,2.7610131682735413e-28,8.50589271054556e-28,1.0,320.7035016384004,3.7663993574741763,700.0967114777096,328.7034963808649,7.772884745359777,720.0967114777096,7.999994742464537,4.006485387885601,20.0
Part__Feature010,全倾转无人机总体装配模型010,104,3.9999999999999996,380.12370573779606,22.454300332662214,678.7830029787248,2.7610131682735413e-28,8.50589271054556e-28,1.0,376.1237109953315,22.44781494477661,700.0967114777096,384.12370573779606,26.454300332662214,720.0967114777096,7.999994742464537,4.006485387885604,20.0
Part__Feature010,全倾转无人机总体装配模型010,105,3.9999999999999996,466.07720120336205,58.78420216552245,678.7830029787248,2.7610131682735413e-28,8.50589271054556e-28,1.0,462.0772064608975,58.777716777636854,700.0967114777096,470.07720120336205,62.78420216552245,720.0967114777096,7.999994742464537,4.006485387885597,20.0
Part__Feature010,全倾转无人机总体装配模型010,106,3.999999999999944,552.0306966689279,95.11410399838266,678.7830029787248,2.7610131682735413e-28,8.50589271054556e-28,1.0,548.0307019264634,95.10761861049706,700.0967114777096,556.0306966689279,99.1141039983826,720.0967114777096,7.999994742464537,4.006485387885547,20.0
Part__Feature010,全倾转无人机总体装配模型010,112,87.0,232.61173987992407,-1.9084445392553995,690.0967114777096,2.7610131682735413e-28,8.50589271054556e-28,1.0,145.61185423132025,-1.7673873527592494,690.0967114777096,319.3383431329253,85.0915554607446,720.0967114777096,173.72648890160502,86.85894281350384,30.0
Part__Feature010,全倾转无人机总体装配模型010,115,87.00000000000011,-485.1808814815982,-0.7446521168474607,690.0967114777096,2.7610131682735413e-28,8.50589271054556e-28,1.0,-572.1807671302021,-0.8857093033592862,690.0967114777098,-398.1808814815981,86.25534788315265,720.0967114777096,173.999885648604,87.14105718651194,29.999999999999773
Part__Feature010,全倾转无人机总体装配模型010,117,4.999999999999986,-578.8009897222505,4.4071453335493285,720.0967114777098,-2.7610131682735413e-28,-8.50589271054556e-28,-1.0,-582.2281406086336,-0.5928480945313339,434.0967114777096,-578.8090964571073,0.7664535308882776,690.0967114777098,3.4190441515262364,1.3593016254196115,256.0000000000002
Part__Feature015,全倾转无人机总体装配模型015,1,69.00000000000007,232.4741727088361,-1.908221494892004,675.0967114777437,1.8638825566409097e-14,1.2407701690595558e-13,1.0,163.474263401323,-2.0200944359167265,690.0967114777477,301.47417270883693,67.09177850511303,715.0967114777451,137.99990930751395,69.11187294102976,24.999999999997385
Part__Feature015,全倾转无人机总体装配模型015,3,69.00000000000007,232.4741727088319,-1.9082214949200371,449.09671147773054,-1.8635096428650437e-14,-1.2407702336342882e-13,-1.0,163.47426340131776,-2.020094435992391,409.0967114777219,301.4741727088317,67.09177850507817,434.09671147773184,137.99990930751395,69.11187294107056,25.000000000009948
Part__Feature015,全倾转无人机总体装配模型015,5,4.499999999999992,137.48242219188307,2.245798552013789,632.5967114777352,-0.0016213469713786716,-0.9999986856161355,1.2410707341221186e-13,132.97594271872495,-1.7614922518275578,628.0967114777352,141.98241627715566,2.253094613384993,632.5967114777358,9.006473558430713,4.014586865212551,4.500000000000568
Part__Feature015,全倾转无人机总体装配模型015,6,4.499999999999992,137.48242219188347,2.2457985520141497,491.59671147772843,-0.0016213469713786716,-0.9999986856161355,1.2410707341221186e-13,132.97594271872535,-1.7614922518311669,487.09671147772843,141.98241627715606,2.253094613385354,491.5967114777419,9.006473558430713,4.014586865216521,4.500000000013472
Part__Feature015,全倾转无人机总体装配模型015,8,4.499999999999992,137.48242219188347,2.2457985520141497,491.59671147772843,-0.0016213469713786716,-0.9999986856161355,1.2410707341221186e-13,132.97594271872535,-1.7614922518311669,491.59671147771564,141.98241627715606,2.253094613385354,496.09671147772895,9.006473558430713,4.014586865216521,4.500000000013301
Part__Feature015,全倾转无人机总体装配模型015,10,4.499999999999992,137.48242219188307,2.245798552013789,632.5967114777352,-0.0016213469713786716,-0.9999986856161355,1.2410707341221186e-13,132.97594271872495,-1.7614922518275578,632.5967114777224,141.98241627715566,2.253094613384993,637.0967114777357,9.006473558430713,4.014586865212551,4.500000000013301
Part__Feature015,全倾转无人机总体装配模型015,13,69.00000000000007,232.4741727088319,-1.9082214949200371,449.09671147773054,-1.8635096428650437e-14,-1.2407702336342882e-13,-1.0,163.47417270883108,-70.90822149492507,409.0967114777293,301.4740820163451,-1.796348553894711,439.09671147773923,137.99990930751403,69.11187294103036,30.000000000009948
Part__Feature015,全倾转无人机总体装配模型015,17,20.0,270.61087198017754,1.0299495450322993,286.47914477893545,-1.8635096428650437e-14,-1.2407702336342882e-13,-1.0,270.6432989196071,0.9975226056162605,463.09671147774,290.6108719801845,21.029923257401492,661.0967114777421,19.967573060577422,20.03240065178523,198.00000000000216
Part__Feature015,全倾转无人机总体装配模型015,19,20.00000000000258,194.6223358616286,1.1531534899120177,605.0967114777438,-1.8635096428650437e-14,-1.2407702336342882e-13,-1.0,174.62236214930067,1.1855804293115881,463.0967114777413,194.6547628010707,21.153153489921547,661.0967114777442,20.03240065177002,19.967573060609958,198.0000000000029
Part__Feature015,全倾转无人机总体装配模型015,23,69.00000000000007,232.4741727088361,-1.908221494892004,675.0967114777437,1.8638825566409097e-14,1.2407701690595558e-13,1.0,163.47417270883625,-70.90822149489084,685.0967114777551,301.4740820163503,-1.7963485538604487,715.0967114777525,137.99990930751403,69.11187294103038,29.999999999997385
Part__Feature015,全倾转无人机总体装配模型015,33,4.999999999999986,336.7403963662836,2.922733128841309,690.0967114777538,-1.8635096428650437e-14,-1.2407702336342882e-13,-1.0,336.7322896314134,-2.0772668711904405,434.0967114777286,338.6870038165751,-1.6827765535358337,690.0967114777545,1.9547141851617198,0.39449031765460685,256.0000000000259
Part__Feature016,全倾转无人机总体装配模型016,1,68.99999999999991,-484.20707034332526,-0.7462310047713361,449.0967114777438,-1.8635096428650437e-14,-1.2407702336342882e-13,-1.0,-553.2069796508392,-0.8581039458028743,409.096711477735,-415.20707034332565,68.25376899522672,434.0967114777582,137.99990930751358,69.1118729410296,25.000000000023192
Part__Feature016,全倾转无人机总体装配模型016,3,4.5000000000000195,52.077868167732035,2.3842691490588432,491.596711477737,-0.0016213469713785456,-0.9999986856161355,1.2410707361341837e-13,47.57138869457388,-1.6230216547829763,487.096711477737,56.57786225300467,2.3915652104300467,491.59671147773764,9.006473558430784,4.0145868652130225,4.500000000000625
Part__Feature016,全倾转无人机总体装配模型016,4,4.499999999999992,-204.13579390474933,2.7996809401037437,632.5967114777461,-0.0016213469713785456,-0.9999986856161355,1.2410707361341837e-13,-208.64227337790743,-1.207609863725751,628.0967114777461,-199.63579981947674,2.806977001481729,632.596711477753,9.006473558430685,4.01458686520748,4.500000000006935
Part__Feature016,全倾转无人机总体装配模型016,5,4.5000000000000195,-118.73123988058994,2.661210343093079,632.596711477745,-0.0016213469713785456,-0.9999986856161355,1.2410707361341837e-13,-123.23771935374808,-1.3460804607401893,628.096711477745,-114.2312457953173,2.6685064044642823,632.5967114777457,9.00647355843077,4.014586865204471,4.500000000000682
Part__Feature016,全倾转无人机总体装配模型016,6,4.499999999999999,-33.326685856421456,2.5227397460784173,632.5967114777374,-0.0016213469713785456,-0.9999986856161355,1.2410707361341837e-13,-37.83316532957958,-1.4845510577570464,628.0967114777374,-28.826691771148848,2.530035807449621,632.5967114777379,9.00647355843073,4.014586865206668,4.500000000000568
Part__Feature016,全倾转无人机总体装配模型016,7,4.499999999999999,-33.32668585642422,2.522739746062763,491.5967114777325,-0.0016213469713785456,-0.9999986856161355,1.2410707361341837e-13,-37.83316532958233,-1.4845510577646235,487.0967114777325,-28.826691771151612,2.5300358074339666,491.5967114777397,9.006473558430717,4.01458686519859,4.500000000007162
Part__Feature016,全倾转无人机总体装配模型016,8,4.5000000000000195,-118.73123988059201,2.6612103430845857,491.5967114777413,-0.0016213469713785456,-0.9999986856161355,1.2410707361341837e-13,-123.23771935375017,-1.346080460751379,487.0967114777413,-114.23124579531938,2.668506404455789,491.5967114777419,9.006473558430784,4.014586865207168,4.500000000000625
Part__Feature016,全倾转无人机总体装配模型016,9,4.499999999999992,-204.1357939047486,2.7996809400961666,491.5967114777367,-0.0016213469713785456,-0.9999986856161355,1.2410707361341837e-13,-208.6422733779067,-1.2076098637329955,487.0967114777367,-199.635799819476,2.8069770014673705,491.59671147773736,9.006473558430685,4.014586865200366,4.500000000000682
Part__Feature016,全倾转无人机总体装配模型016,10,4.5000000000000195,52.07786816773503,2.384269149072804,632.5967114777429,-0.0016213469713785456,-0.9999986856161355,1.2410707361341837e-13,47.57138869457687,-1.6230216547728742,628.0967114777429,56.577862253007666,2.391565210444008,632.5967114777435,9.006473558430798,4.014586865216883,4.500000000000568
Part__Feature016,全倾转无人机总体装配模型016,11,68.99999999999999,-484.20707034332105,-0.746231004743303,675.0967114777569,1.8638825566409097e-14,1.2407701690595558e-13,1.0,-553.2069796508341,-0.8581039457680253,690.0967114777483,-415.2070703433203,68.25376899526165,715.0967114777583,137.9999093075138,69.11187294102967,25.000000000010004
Part__Feature016,全倾转无人机总体装配模型016,13,4.5000000000000195,-374.94490195305906,3.076622134125434,632.5967114777482,-0.0016213469713785456,-0.9999986856161355,1.2410707361341837e-13,-379.4513814262172,-0.930668669709272,628.0967114777482,-370.4449078677864,3.0839181954966373,632.596711477755,9.006473558430798,4.014586865205909,4.500000000006821
Part__Feature016,全倾转无人机总体装配模型016,14,4.5000000000000195,-302.24270380393926,2.9587464904056726,491.59671147773906,-0.0016213469713785456,-0.9999986856161355,1.2410707361341837e-13,-306.7491832770974,-1.0485443134350496,487.09671147773906,-297.7427097186666,2.9660425517768765,491.5967114777462,9.006473558430798,4.0145868652119265,4.500000000007162
Part__Feature016,全倾转无人机总体装配模型016,15,4.5000000000000195,-302.24270380395205,2.9587464904190783,632.5967114777408,-0.0016213469713785456,-0.9999986856161355,1.2410707361341837e-13,-306.7491832771102,-1.0485443134269272,628.0967114777408,-297.7427097186794,2.9660425517902818,632.5967114777413,9.006473558430798,4.014586865217209,4.500000000000568
Part__Feature016,全倾转无人机总体装配模型016,16,4.5000000000000195,-374.94490195304985,3.0766221341178293,491.5967114777475,-0.0016213469713785456,-0.9999986856161355,1.2410707361341837e-13,-379.451381426208,-0.9306686697208325,487.0967114777475,-370.4449078677772,3.083918195489033,491.5967114777611,9.006473558430798,4.014586865209866,4.500000000013642
Part__Feature016,全倾转无人机总体装配模型016,18,4.5000000000000195,-374.94490195304985,3.0766221341178293,491.5967114777475,-0.0016213469713785456,-0.9999986856161355,1.2410707361341837e-13,-379.451381426208,-0.9306686697208325,491.5967114777474,-370.4449078677772,3.083918195489033,496.096711477748,9.006473558430798,4.014586865209866,4.500000000000568
Part__Feature016,全倾转无人机总体装配模型016,20,4.5000000000000195,-302.24270380395205,2.9587464904190783,632.5967114777408,-0.0016213469713785456,-0.9999986856161355,1.2410707361341837e-13,-306.7491832771102,-1.0485443134269272,632.5967114777343,-297.7427097186794,2.9660425517902818,637.0967114777412,9.006473558430798,4.014586865217209,4.500000000006935
Part__Feature016,全倾转无人机总体装配模型016,22,4.5000000000000195,-302.24270380393926,2.9587464904056726,491.59671147773906,-0.0016213469713785456,-0.9999986856161355,1.2410707361341837e-13,-306.7491832770974,-1.0485443134350496,491.5967114777325,-297.7427097186666,2.9660425517768765,496.0967114777396,9.006473558430798,4.0145868652119265,4.500000000007049
Part__Feature016,全倾转无人机总体装配模型016,24,4.5000000000000195,-374.94490195305906,3.076622134125434,632.5967114777482,-0.0016213469713785456,-0.9999986856161355,1.2410707361341837e-13,-379.4513814262172,-0.930668669709272,632.596711477748,-370.4449078677864,3.0839181954966373,637.0967114777486,9.006473558430798,4.014586865205909,4.500000000000568
Part__Feature016,全倾转无人机总体装配模型016,27,20.00000000000005,-532.5851533121725,2.332210699775156,434.09671147774424,1.863692098532206e-14,1.240770202039784e-13,1.0,-552.585127024494,2.3646376392113666,500.09671147774833,-532.55272637269,22.33221069979878,624.0967114777513,20.032400651803982,19.967573060587412,124.00000000000301
Part__Feature016,全倾转无人机总体装配模型016,29,20.0,-437.76688156912206,2.178477179995364,500.0967114777425,1.863692098532206e-14,1.240770202039784e-13,1.0,-437.7344546297044,2.146050240506828,500.0967114777399,-417.76688156911973,22.178450892333473,624.096711477749,19.96757306058464,20.032400651826645,124.00000000000904
Part__Feature016,全倾转无人机总体装配模型016,34,86.99999999999973,-485.18088148150616,-0.7446521169310327,690.0967114777437,-1.863692098532206e-14,-1.240770202039784e-13,-1.0,-572.1807671301138,-0.88570930347929,469.09671147773275,-398.1808814815102,86.25534788304388,490.0967114777519,173.99988564860365,87.14105718652317,21.000000000019156
Part__Feature016,全倾转无人机总体装配模型016,40,86.99999999999973,-485.1808814815348,-0.7446521169663101,434.0967114777438,1.863692098532206e-14,1.240770202039784e-13,1.0,-572.1807671301345,-0.8857093034574456,634.0967114777329,-398.18088148153095,86.25534788306084,655.0967114777712,173.9998856486036,87.14105718651828,21.000000000038312
Part__Feature016,全倾转无人机总体装配模型016,46,68.99999999999999,-484.20707034332105,-0.746231004743303,675.0967114777569,1.8638825566409097e-14,1.2407701690595558e-13,1.0,-553.2070703433209,-69.74623100474204,685.0967114777684,-415.20716103580696,-0.6343580637117479,715.0967114777657,137.99990930751392,69.1118729410303,29.99999999999727
Part__Feature016,全倾转无人机总体装配模型016,52,4.5000000000000195,52.07786816773503,2.384269149072804,632.5967114777429,-0.0016213469713785456,-0.9999986856161355,1.2410707361341837e-13,47.57138869457687,-1.6230216547728742,632.5967114777428,56.577862253007666,2.391565210444008,637.0967114777434,9.006473558430798,4.014586865216883,4.500000000000568
Part__Feature016,全倾转无人机总体装配模型016,54,4.499999999999992,-204.1357939047486,2.7996809400961666,491.5967114777367,-0.0016213469713785456,-0.9999986856161355,1.2410707361341837e-13,-208.6422733779067,-1.2076098637329955,491.5967114777366,-199.635799819476,2.8069770014710453,496.0967114777372,9.006473558430685,4.014586865204041,4.500000000000568
Part__Feature016,全倾转无人机总体装配模型016,55,4.5000000000000195,-118.73123988059201,2.6612103430845857,491.5967114777413,-0.0016213469713785456,-0.9999986856161355,1.2410707361341837e-13,-123.23771935375017,-1.346080460751379,491.5967114777412,-114.23124579531938,2.668506404455789,496.0967114777418,9.006473558430784,4.014586865207168,4.500000000000568
Part__Feature016,全倾转无人机总体装配模型016,57,4.499999999999999,-33.32668585642422,2.522739746062763,491.5967114777325,-0.0016213469713785456,-0.9999986856161355,1.2410707361341837e-13,-37.83316532958233,-1.4845510577646235,491.596711477726,-28.826691771151612,2.5300358074339666,496.09671147773304,9.006473558430717,4.01458686519859,4.500000000007049
Part__Feature016,全倾转无人机总体装配模型016,59,4.499999999999999,-33.326685856421456,2.5227397460784173,632.5967114777374,-0.0016213469713785456,-0.9999986856161355,1.2410707361341837e-13,-37.83316532957958,-1.4845510577570464,632.5967114777372,-28.826691771148848,2.530035807449621,637.0967114777378,9.00647355843073,4.014586865206668,4.500000000000568
Part__Feature016,全倾转无人机总体装配模型016,60,4.5000000000000195,-118.73123988058994,2.661210343093079,632.596711477745,-0.0016213469713785456,-0.9999986856161355,1.2410707361341837e-13,-123.23771935374808,-1.3460804607401893,632.5967114777449,-114.2312457953173,2.6685064044644067,637.0967114777454,9.00647355843077,4.0145868652045955,4.500000000000568
Part__Feature016,全倾转无人机总体装配模型016,62,4.499999999999992,-204.13579390474933,2.7996809401037437,632.5967114777461,-0.0016213469713785456,-0.9999986856161355,1.2410707361341837e-13,-208.64227337790743,-1.207609863725752,632.596711477746,-199.63579981947672,2.8069770014895066,637.0967114777466,9.006473558430713,4.014586865215259,4.500000000000568
Part__Feature016,全倾转无人机总体装配模型016,63,4.5000000000000195,52.077868167732035,2.3842691490588432,491.596711477737,-0.0016213469713785456,-0.9999986856161355,1.2410707361341837e-13,47.57138869457388,-1.6230216547829763,491.59671147773696,56.57786225300467,2.3915652104300467,496.09671147773753,9.006473558430784,4.0145868652130225,4.500000000000568
Part__Feature016,全倾转无人机总体装配模型016,75,68.99999999999991,-484.20707034332526,-0.7462310047713361,449.0967114777438,-1.8635096428650437e-14,-1.2407702336342882e-13,-1.0,-553.2070703433259,-69.74623100477622,409.0967114777424,-415.2071610358122,-0.6343580637460102,439.0967114777524,137.9999093075137,69.11187294103021,30.000000000010004
Part__Feature017,全倾转无人机总体装配模型017,1,2.999999999999999,612.0392952587683,338.27274902565983,562.3467114671042,-5.859477336065538e-15,4.3653790069845154e-15,-1.0,611.7803160021668,335.2727490256597,542.3467114671042,615.0094186165592,337.85041356716016,582.3467114671043,3.229102614392332,2.5776645415004396,40.000000000000114
Part__Feature017,全倾转无人机总体装配模型017,3,0.5000000000000233,609.9205678821403,341.3565992308253,230.50177449203707,6.3510027934267955e-15,-9.08668914388429e-16,1.0,610.017558363027,340.9474473505678,442.34671146710434,610.4205678821423,341.8471018777269,542.3467114671043,0.40300951911535776,0.8996545271591003,100.0
Part__Feature017,全倾转无人机总体装配模型017,5,2.999999999999999,612.0552569681645,338.3850016081825,562.3467114671042,-5.859477336065538e-15,4.3653790069845154e-15,-1.0,612.6396800223538,337.96266614968255,542.3467114671042,615.0552569681646,341.3275259825475,582.3467114671043,2.4155769458108125,3.3648598328649655,40.000000000000114
Part__Feature017,全倾转无人机总体装配模型017,8,0.5000000000000233,609.9205678821403,341.3565992308253,230.50177449203707,6.3510027934267955e-15,-9.08668914388429e-16,1.0,610.0175583630279,340.94744735056764,582.3467114671042,610.4205678821432,341.84710187772674,682.3467114671043,0.40300951911535776,0.8996545271591003,100.00000000000011
Part__Feature017,全倾转无人机总体装配模型017,10,3.1999999999999784,612.0472761134646,338.32887531692256,230.50177449203704,6.3510027934267955e-15,-9.08668914388429e-16,1.0,608.847276113466,336.3268106540502,442.3467114671043,610.2079608863756,340.947447350568,542.3467114671043,1.3606847729096216,4.620636696517806,100.00000000000006
Part__Feature017,全倾转无人机总体装配模型017,11,0.5000000000000233,609.1608775021069,336.01398805047677,230.50177449203707,6.3510027934267955e-15,-9.08668914388429e-16,1.0,609.1172944808296,335.5139880504765,445.7440462247123,609.6608775021089,336.32681065405046,542.3467114671043,0.5435830212792325,0.8128226035739772,96.60266524239205
Part__Feature017,全倾转无人机总体装配模型017,16,0.5000000000000233,609.1608775021069,336.01398805047677,230.50177449203707,6.3510027934267955e-15,-9.08668914388429e-16,1.0,609.1172944808307,335.5139880504763,582.3467114671042,609.6608775021098,336.32681065405023,678.9493767094962,0.5435830212791188,0.8128226035739203,96.60266524239194
Part__Feature017,全倾转无人机总体装配模型017,17,3.1999999999999784,612.0472761134646,338.32887531692256,230.50177449203704,6.3510027934267955e-15,-9.08668914388429e-16,1.0,608.8472761134669,336.32681065405006,582.3467114671041,610.2079608863764,340.94744735056776,682.3467114671042,1.360684772909508,4.620636696517693,100.00000000000011
Part__Feature018,全倾转无人机总体装配模型018,1,0.5000000000000233,609.9205678821403,341.3565992308253,230.50177449203707,6.3510027934267955e-15,-9.08668914388429e-16,1.0,610.0175583630282,340.9474473505677,689.3467114671043,610.4205678821435,341.84710187772674,727.3467114671043,0.4030095191152441,0.8996545271590435,38.0
Part__Feature018,全倾转无人机总体装配模型018,2,2.999999999999944,612.0552569681657,338.3850016081823,757.3467114671045,-6.351002793426795e-15,9.08668914388429e-16,-1.0,612.6396800223548,337.9626661496825,727.3467114671043,615.0552569681657,341.32752598254723,757.3467114671046,2.415576945810926,3.364859832864738,30.000000000000227
Part__Feature018,全倾转无人机总体装配模型018,4,0.5000000000000233,609.9205678821403,341.3565992308253,230.50177449203707,6.3510027934267955e-15,-9.08668914388429e-16,1.0,610.0175583630288,340.9474473505676,757.3467114671042,610.4205678821444,341.84710187772663,887.3467114671045,0.40300951911558514,0.8996545271590435,130.00000000000023
Part__Feature018,全倾转无人机总体装配模型018,5,3.1999999999999784,612.0472761134646,338.32887531692256,230.50177449203704,6.3510027934267955e-15,-9.08668914388429e-16,1.0,608.847276113468,336.32681065405,757.3467114671042,610.2079608863777,340.9474473505677,887.3467114671045,1.3606847729097353,4.620636696517693,130.00000000000023
Part__Feature018,全倾转无人机总体装配模型018,6,3.0000000000005094,612.0392952587696,338.2727490256596,757.3467114671045,-6.351002793426795e-15,9.08668914388429e-16,-1.0,611.780315985959,335.2727490256591,727.3467114671043,615.0094186165608,337.85041356715976,757.3467114671046,3.229102630601801,2.577664541500667,30.000000000000227
Part__Feature018,全倾转无人机总体装配模型018,7,0.5000000000000233,609.1608775021069,336.01398805047677,230.50177449203707,6.3510027934267955e-15,-9.08668914388429e-16,1.0,609.1172944808313,335.5139880504763,689.3467114671042,609.6608775021101,336.3268106540501,727.3467114671043,0.5435830212787778,0.8128226035738066,38.000000000000114
Part__Feature018,全倾转无人机总体装配模型018,9,0.5000000000000233,609.1608775021069,336.01398805047677,230.50177449203707,6.3510027934267955e-15,-9.08668914388429e-16,1.0,609.1172944808316,335.5139880504762,757.3467114671042,609.660877502111,336.3268106540501,887.3467114671045,0.5435830212794599,0.8128226035739203,130.00000000000023
Part__Feature019,全倾转无人机总体装配模型019,3,3.0000000000004463,612.039295258767,338.27274902565995,367.34671146710434,6.639507965638324e-15,-9.496927876447072e-16,1.0,611.7803160021657,335.27274902565944,367.34671146710434,615.0094186165584,337.8504135671602,397.3467114671044,3.229102614392673,2.5776645415007806,30.000000000000057
Part__Feature019,全倾转无人机总体装配模型019,7,0.5000000000000233,609.1608775021069,336.01398805047677,230.50177449203707,6.3510027934267955e-15,-9.08668914388429e-16,1.0,609.1172944808284,335.51398805047666,237.34671146710434,609.6608775021077,336.32681065405063,367.34671146710446,0.5435830212793462,0.8128226035739772,130.0000000000001
Part__Feature019,全倾转无人机总体装配模型019,8,3.1999999999999784,612.0472761134646,338.32887531692256,230.50177449203704,6.3510027934267955e-15,-9.08668914388429e-16,1.0,608.8472761134647,336.3268106540503,237.3467114671043,610.2079608863743,340.9474473505681,367.3467114671044,1.3606847729096216,4.620636696517806,130.00000000000009
Part__Feature019,全倾转无人机总体装配模型019,9,0.5000000000000233,609.9205678821403,341.3565992308253,230.50177449203707,6.3510027934267955e-15,-9.08668914388429e-16,1.0,610.0175583630255,340.947447350568,237.34671146710434,610.4205678821411,341.8471018777271,367.34671146710446,0.40300951911558514,0.8996545271591003,130.0000000000001
Part__Feature019,全倾转无人机总体装配模型019,12,2.9999999999998894,612.0552569681632,338.3850016081826,367.34671146710434,6.639507965638324e-15,-9.496927876447072e-16,1.0,612.6396800223526,337.9626661496828,367.34671146710434,615.0552569681633,341.32752598254746,397.3467114671044,2.415576945810699,3.3648598328646813,30.000000000000057
Part__Feature019,全倾转无人机总体装配模型019,14,0.5000000000000233,609.9205678821403,341.3565992308253,230.50177449203707,6.3510027934267955e-15,-9.08668914388429e-16,1.0,610.0175583630268,340.9474473505678,397.34671146710434,610.4205678821415,341.84710187772686,435.3467114671043,0.4030095191147893,0.8996545271590435,37.99999999999994
Part__Feature028,全倾转无人机总体装配模型028,6,4.045181455799342,580.8299800408399,126.19046806878431,683.0967107032932,0.14077848616657482,0.9900411192635625,2.5414268927329454e-13,582.637712778135,145.71882826821806,679.0515292474989,611.5405548427628,314.15058273667034,687.0003692584927,28.902842064627862,168.43175446845228,7.948840010993763
Part__Feature029,全倾转无人机总体装配模型029,7,4.045181455799259,580.8299794099332,126.19046814195423,441.59671132856175,0.1407784861665743,0.9900411192635626,2.54234133745257e-13,582.6377121566662,145.71882834138802,437.5515298727677,611.5405542118561,314.1505828084984,445.50036988635134,28.90284205518992,168.4317544671104,7.948840013583663
Part__Feature030,全倾转无人机总体装配模型030,1,3.000000000000005,612.0593970715889,338.3842511577462,734.8467114564012,4.921878213399395e-14,2.5289463628633626e-13,-1.0,609.1287400532506,339.02553848871867,582.5467114564012,612.7006844025566,341.38425115778466,685.596711456402,3.5719443493060226,2.3587126690659943,103.05000000000075
Part__Feature030,全倾转无人机总体装配模型030,2,3.000000000000005,612.059397071606,338.38425115783343,389.8467114564012,4.921878213399395e-14,2.5289463628633626e-13,-1.0,609.1287400532577,339.0255384887551,439.09671145640107,612.7006844025638,341.3842511578209,542.1467114564019,3.5719443493060226,2.3587126690658238,103.05000000000086
Part__Feature030,全倾转无人机总体装配模型030,3,3.000000000000005,612.0351603142835,338.2734901626937,389.8467114564012,4.921878213399395e-14,2.5289463628633626e-13,-1.0,609.035160314276,335.3121009573157,439.0967114564004,611.5553958152828,338.9147774936414,542.1467114564012,2.520235501006823,3.6026765363257027,103.05000000000086
Part__Feature030,全倾转无人机总体装配模型030,4,3.000000000000005,612.0351603142665,338.27349016260644,734.8467114564012,4.921878213399395e-14,2.5289463628633626e-13,-1.0,609.0351603142689,335.3121009572794,582.5467114564003,611.5553958152757,338.9147774936051,685.5967114564012,2.520235501006823,3.602676536325646,103.05000000000086
Part__Feature030,全倾转无人机总体装配模型030,8,3.000000000000005,612.059397071606,338.38425115783343,389.8467114564012,4.921878213399395e-14,2.5289463628633626e-13,-1.0,612.7006844025154,341.27537291657,439.096711456402,612.8602809432961,341.3149081761712,542.1467114564022,0.15959654078062613,0.03953525960116622,103.05000000000018
Part__Feature030,全倾转无人机总体装配模型030,10,3.000000000000005,612.0593970715889,338.3842511577462,734.8467114564012,4.921878213399395e-14,2.5289463628633626e-13,-1.0,612.7006844024951,341.27537291653374,582.546711456402,612.8602809432888,341.31490817613775,685.5967114564021,0.15959654079370011,0.03953525960400839,103.05000000000007
Part__Feature031,全倾转无人机总体装配模型031,1,3.000000000000005,612.059397071606,338.38425115783343,389.8467114564012,4.921878213399395e-14,2.5289463628633626e-13,-1.0,609.128740053263,339.0255384887817,397.5467114564011,612.7006844025658,341.3842511578315,437.09671145640203,3.5719443493028393,2.358712669049794,39.55000000000092
Part__Feature031,全倾转无人机总体装配模型031,2,3.000000000000005,612.059397071606,338.38425115783343,389.8467114564012,4.921878213399395e-14,2.5289463628633626e-13,-1.0,609.1287400532664,339.0255384887992,237.54671145640128,612.7006844025738,341.384251157872,367.146711456402,3.571944349307387,2.3587126690727587,129.6000000000007
Part__Feature031,全倾转无人机总体装配模型031,3,3.000000000000005,612.059397071606,338.38425115783343,389.8467114564012,4.921878213399395e-14,2.5289463628633626e-13,-1.0,612.7006844025109,341.2753729166143,237.54671145640197,612.860280943306,341.31490817622506,367.146711456402,0.15959654079506436,0.039535259610772755,129.60000000000002
Part__Feature031,全倾转无人机总体装配模型031,5,3.000000000000005,612.0351603142835,338.2734901626937,389.8467114564012,4.921878213399395e-14,2.5289463628633626e-13,-1.0,609.0351603142847,335.31210095736003,237.54671145640043,611.5553958152926,338.9147774936923,367.14671145640125,2.52023550100796,3.6026765363322966,129.60000000000082
Part__Feature031,全倾转无人机总体装配模型031,7,3.000000000000005,612.0351603142835,338.2734901626937,389.8467114564012,4.921878213399395e-14,2.5289463628633626e-13,-1.0,609.0351603142813,335.3121009573423,397.5467114564004,611.5553958152849,338.9147774936519,437.09671145640124,2.52023550100364,3.602676536309616,39.550000000000864
Part__Feature031,全倾转无人机总体装配模型031,10,3.000000000000005,612.059397071606,338.38425115783343,389.8467114564012,4.921878213399395e-14,2.5289463628633626e-13,-1.0,612.7006844025328,341.2753729165966,397.5467114564019,612.8602809432981,341.3149081761791,437.096711456402,0.1595965407652784,0.03953525958246473,39.55000000000007
Part__Feature032,全倾转无人机总体装配模型032,1,3.000000000000005,612.0593970715889,338.3842511577462,734.8467114564012,4.921878213399395e-14,2.5289463628633626e-13,-1.0,609.1287400532404,339.0255384886668,757.5467114564013,612.700684402548,341.38425115774044,887.1467114564019,3.5719443493075005,2.3587126690736113,129.6000000000006
Part__Feature032,全倾转无人机总体装配模型032,2,3.000000000000005,612.0593970715889,338.3842511577462,734.8467114564012,4.921878213399395e-14,2.5289463628633626e-13,-1.0,609.1287400532482,339.025538488707,687.5967114564012,612.7006844025514,341.3842511577581,727.146711456402,3.5719443493031804,2.3587126690511013,39.550000000000864
Part__Feature032,全倾转无人机总体装配模型032,3,3.000000000000005,612.0593970715889,338.3842511577462,734.8467114564012,4.921878213399395e-14,2.5289463628633626e-13,-1.0,612.7006844025494,341.2753729165232,687.596711456402,612.8602809432837,341.31490817609887,727.1467114564022,0.1595965407342419,0.03953525957564352,39.55000000000018
Part__Feature032,全倾转无人机总体装配模型032,4,3.000000000000005,612.0351603142665,338.27349016260644,734.8467114564012,4.921878213399395e-14,2.5289463628633626e-13,-1.0,609.0351603142668,335.3121009572689,687.5967114564002,611.5553958152705,338.91477749357847,727.1467114564012,2.52023550100364,3.602676536309559,39.55000000000109
Part__Feature032,全倾转无人机总体装配模型032,6,3.000000000000005,612.0593970715889,338.3842511577462,734.8467114564012,4.921878213399395e-14,2.5289463628633626e-13,-1.0,612.7006844025416,341.27537291648275,757.5467114564021,612.8602809432804,341.3149081760812,887.1467114564022,0.15959654073878937,0.03953525959843773,129.60000000000002
Part__Feature032,全倾转无人机总体装配模型032,8,3.000000000000005,612.0351603142665,338.27349016260644,734.8467114564012,4.921878213399395e-14,2.5289463628633626e-13,-1.0,609.035160314259,335.31210095722844,757.5467114564004,611.555395815267,338.9147774935608,887.146711456401,2.5202355010080737,3.6026765363323534,129.6000000000006
Part__Feature035,全倾转无人机总体装配模型035,2,4.999999999999999,583.9496946421799,344.4191646895889,562.3467114702684,4.849877309223992e-14,2.4955076894027453e-13,-1.0,579.4582713979083,346.6162348388413,683.5967114702687,586.1467647914573,349.41916468955867,685.5967114702696,6.688493393548924,2.802929850717362,2.0000000000009095
Part__Feature036,全倾转无人机总体装配模型036,1,4.999999999999999,583.9496946421799,344.4191646895889,562.3467114702684,-4.849877309223992e-14,-2.4955076894027453e-13,1.0,579.4582713979203,346.6162348389022,439.09671147026864,586.1467647914692,349.41916468961966,441.0967114702696,6.688493393548924,2.802929850717476,2.0000000000009663
Part__Feature036,全倾转无人机总体装配模型036,2,4.999999999999999,583.9496946421799,344.4191646895889,562.3467114702684,4.8495612290072627e-14,2.495523151103217e-13,-1.0,586.146764791469,342.2220945403359,439.09671147026796,588.9496946421859,348.9105879338852,441.0967114702696,2.802929850716964,6.688493393549322,2.0000000000016485
Part__Feature037,全倾转无人机总体装配模型037,1,4.999999999999993,-414.97768635035675,125.0134152671927,726.4017276361022,-5.551115123125783e-17,0.0,1.0,-419.97768635035675,120.0134152671927,724.4017276361022,-413.4686802088013,129.78026962460154,730.4017276361022,6.50900614155546,9.766854357408846,6.0
Part__Feature037,全倾转无人机总体装配模型037,4,4.999999999999993,-414.97768635035675,125.0134152671927,726.4017276361022,-5.551115123125783e-17,0.0,1.0,-416.48669249191227,120.24656090978384,724.4017276361022,-409.97768635035675,130.0134152671927,730.4017276361022,6.509006141555517,9.76685435740886,6.0
Part__Feature039,全倾转无人机总体装配模型039,1,4.999999999999993,-379.3280358756569,120.00318363265389,726.4017276363505,-5.551115123125783e-17,0.0,1.0,-384.3280358756569,115.00318363265389,724.4017276363505,-377.81902973410143,124.77003799006275,730.4017276363505,6.50900614155546,9.76685435740886,6.0
Part__Feature039,全倾转无人机总体装配模型039,3,4.999999999999993,-379.3280358756569,120.00318363265389,726.4017276363505,-5.551115123125783e-17,0.0,1.0,-380.8370420172124,115.23632927524503,724.4017276363505,-374.3280358756569,125.00318363265387,730.4017276363505,6.509006141555517,9.766854357408846,6.0
Part__Feature040,全倾转无人机总体装配模型040,1,6.000000000000018,-379.3280358756569,120.00318363265389,723.4017276363505,-5.551115123125783e-17,0.0,1.0,-385.3280358756569,114.00318363265387,723.4017276363505,-377.51722850579023,125.72340886154451,724.4017276363505,7.810807369866666,11.72022522889064,1.0
Part__Feature040,全倾转无人机总体装配模型040,2,6.000000000000018,-379.3280358756569,120.00318363265389,723.4017276363505,-5.551115123125783e-17,0.0,1.0,-381.13884324552356,114.28295840376326,723.4017276363505,-373.3280358756569,126.0031836326539,724.4017276363505,7.810807369866666,11.72022522889064,1.0
Part__Feature041,全倾转无人机总体装配模型041,1,4.999999999999997,-414.97768633935283,125.0134152675413,398.401727642153,-3.880351560886532e-17,1.2811737621956693e-16,-1.0,-415.92313591268584,120.10361638120344,394.401727642153,-409.97768633935283,130.0134152675413,400.401727642153,5.945449573333008,9.909798886337853,6.0
Part__Feature041,全倾转无人机总体装配模型041,4,4.999999999999997,-414.97768633935283,125.0134152675413,398.401727642153,-3.880351560886532e-17,1.2811737621956693e-16,-1.0,-419.97768633935283,120.0134152675413,394.401727642153,-414.0322367660198,129.92321415387917,400.401727642153,5.945449573333008,9.909798886337867,6.0
Part__Feature042,全倾转无人机总体装配模型042,1,6.000000000000013,-414.97768633935283,125.0134152675413,401.401727642153,-3.880351560886532e-17,1.2811737621956693e-16,-1.0,-416.1122258273524,119.12165660393586,400.401727642153,-408.97768633935283,131.01341526754132,401.401727642153,7.134539487999575,11.891758663605458,1.0
Part__Feature042,全倾转无人机总体装配模型042,2,6.000000000000013,-414.97768633935283,125.0134152675413,401.401727642153,-3.880351560886532e-17,1.2811737621956693e-16,-1.0,-420.97768633935283,119.01341526754129,400.401727642153,-413.84314685135325,130.90517393114675,401.401727642153,7.134539487999575,11.891758663605458,1.0
Part__Feature043,全倾转无人机总体装配模型043,1,4.999999999999997,-379.3280358646528,120.00318363300441,398.40172764215293,-1.4274352420244327e-17,1.314587185361118e-16,-1.0,-380.2734854379858,115.09338474666656,394.40172764215293,-374.3280358646528,125.00318363300441,400.40172764215293,5.945449573333008,9.909798886337853,6.0
Part__Feature043,全倾转无人机总体装配模型043,3,4.999999999999997,-379.3280358646528,120.00318363300441,398.40172764215293,-1.4274352420244327e-17,1.314587185361118e-16,-1.0,-384.3280358646528,115.00318363300441,394.40172764215293,-378.3825862913198,124.91298251934226,400.40172764215293,5.945449573333008,9.909798886337853,6.0
Part__Feature044,全倾转无人机总体装配模型044,1,6.000000000000013,-379.3280358646528,120.00318363300441,401.40172764215293,-1.4274352420244327e-17,1.314587185361118e-16,-1.0,-380.4625753526524,114.11142496939897,400.40172764215293,-373.3280358646528,126.00318363300443,401.40172764215293,7.134539487999575,11.891758663605458,1.0
Part__Feature044,全倾转无人机总体装配模型044,2,6.000000000000013,-379.3280358646528,120.00318363300441,401.40172764215293,-1.4274352420244327e-17,1.314587185361118e-16,-1.0,-385.3280358646528,114.0031836330044,400.40172764215293,-378.19349637665323,125.89494229660986,401.40172764215293,7.134539487999575,11.891758663605458,1.0
Part__Feature045,全倾转无人机总体装配模型045,1,1.4999999999999483,585.2366412906108,348.7094138124851,436.10172764215304,2.914335439641036e-16,-4.440892098500626e-16,1.0,583.7366412906108,347.20941381248514,436.10172764215304,586.4469723424947,349.59547179300637,441.2017276421531,2.7103310518839407,2.3860579805212296,5.10000000000008
Part__Feature045,全倾转无人机总体装配模型045,2,1.4999999999999483,585.2366412906108,348.7094138124851,436.10172764215304,2.914335439641036e-16,-4.440892098500626e-16,1.0,584.0263102387269,347.82335583196385,436.10172764215304,586.7366412906108,350.209413812485,441.2017276421531,2.7103310518839407,2.386057980521173,5.10000000000008
Part__Feature046,全倾转无人机总体装配模型046,1,1.4999999999999891,585.2366412906108,348.70941381248497,689.2017276421532,-2.914335439641036e-16,4.718447854656915e-16,-1.0,584.3742150281539,347.20941381248497,684.1017276421532,586.7366412906108,349.9366957449783,689.2017276421532,2.362426262456893,2.7272819324933266,5.100000000000023
Part__Feature046,全倾转无人机总体装配模型046,3,1.4999999999999891,585.2366412906108,348.70941381248497,689.2017276421532,-2.914335439641036e-16,4.718447854656915e-16,-1.0,583.7366412906108,347.48213187999164,684.1017276421532,586.0990675530677,350.20941381248497,689.2017276421532,2.362426262456893,2.7272819324933266,5.100000000000023
Part__Feature047,全倾转无人机总体装配模型047,1,2.9999999999999707,-577.978595976354,5.397020600766688,422.09671147770956,5.057029347800153e-17,3.3551691457569784e-16,-1.0,-580.974682012838,5.243826403797165,420.09671147770956,-574.978595976354,8.397020600766659,424.09671147770956,5.99608603648403,3.153194196969494,4.0
Part__Feature047,全倾转无人机总体装配模型047,2,2.9999999999999707,-577.978595976354,5.397020600766688,422.09671147770956,5.057029347800153e-17,3.3551691457569784e-16,-1.0,-580.978595976354,2.3970206007667167,420.09671147770956,-574.9825099398699,5.550214797736213,424.09671147770956,5.99608603648403,3.153194196969496,4.0
Part__Feature048,全倾转无人机总体装配模型048,1,2.9999999999999707,-577.9785959763541,5.397020600766938,702.0967114758051,5.0570293478553737e-17,3.355169145773991e-16,1.0,-580.9746820128381,5.243826403797414,700.0967114758051,-574.9785959763541,8.39702060076691,704.0967114758051,5.99608603648403,3.153194196969496,4.0
Part__Feature048,全倾转无人机总体装配模型048,2,2.9999999999999707,-577.9785959763541,5.397020600766938,702.0967114758051,5.0570293478553737e-17,3.355169145773991e-16,1.0,-580.9785959763541,2.3970206007669663,700.0967114758051,-574.98250993987,5.550214797736463,704.0967114758051,5.99608603648403,3.1531941969694968,4.0
Part__Feature049,全倾转无人机总体装配模型049,3,4.538901210479374,-456.83998710626366,215.545246162897,878.8885697813811,-1.0196358811290186e-16,1.3674261496273766e-16,-1.0,-457.47168006267754,211.00634495241763,808.888569781381,-452.3010858957843,220.0399750988072,868.8885697813802,5.170594166893238,9.033630146389555,59.999999999999204
Part__Feature049,全倾转无人机总体装配模型049,4,4.538901210479374,-456.83998710626366,215.545246162897,878.8885697813811,-1.0196358811290186e-16,1.3674261496273766e-16,-1.0,-461.37888831674303,211.0505172269868,808.888569781381,-456.20829414984973,220.08414737337637,868.8885697813802,5.170594166893295,9.033630146389555,59.999999999999204
Part__Feature050,全倾转无人机总体装配模型050,3,4.538901210479382,-456.8399871008093,215.5452461536296,245.914885495722,1.8187142642761846e-14,-3.4477378650383354e-14,1.0,-461.3788883112885,211.05051721771693,255.91488549572261,-456.2082941443946,220.08414736410865,315.9148854957222,5.17059416689392,9.033630146391715,59.9999999999996
Part__Feature050,全倾转无人机总体装配模型050,4,4.538901210479382,-456.8399871008093,215.5452461536296,245.914885495722,1.8187142642761846e-14,-3.4477378650383354e-14,1.0,-457.47168005722267,211.00634494314778,255.9148854957226,-452.3010858903287,220.03997508953958,315.9148854957222,5.170594166893977,9.0336301463918,59.99999999999963
Part__Feature051,全倾转无人机总体装配模型051,1,3.1000000000000365,-439.060831822676,214.16854669566555,826.0654281133296,-0.1391499436545401,-0.9901032959555438,-0.018241615030124506,-444.45020637279833,197.6082099485092,822.6618688059195,-440.9550453398921,201.06957414362898,828.9155620199737,3.4951610329062532,3.461364195119785,6.253693214054124
Part__Feature051,全倾转无人机总体装配模型051,2,3.0975780560729222,-424.260167855693,212.11007238663612,824.8917733130119,-0.1391499436545401,-0.9901032959555438,-0.018241615030124506,-429.6471440241984,195.54977938969023,821.4906355465365,-426.1543875216003,199.01075993771408,827.7394856787212,3.49275650259807,3.460980548023855,6.248850132184657
Part__Feature051,全倾转无人机总体装配模型051,3,9.999999999999993,-473.0187991750809,192.09653709289313,821.1047603011583,-0.9902680687416587,0.1391731009594364,2.2440382885235977e-14,-449.2065501775969,192.95455546038127,815.7842134600744,-418.17219487136884,198.10499162531852,817.3783244299257,31.034355306228065,5.150436164937247,1.5941109698512719
Part__Feature051,全倾转无人机总体装配模型051,4,14.999999999999972,-279.58066285719997,169.91200791187651,839.714783406242,-0.39672379092316223,0.7698118170797089,-0.4999999999999918,-279.2209331940332,175.1516727036318,835.362034467249,-265.8181145335386,181.79550715097494,851.8494401672682,13.402818660494574,6.643834447343153,16.487405700019167
Part__Feature051,全倾转无人机总体装配模型051,5,10.00000000000002,-439.66263729784293,214.63731605298906,827.7235377432194,0.13298872883673407,0.9909496729669757,0.018241262265361633,-451.8452968698515,197.53098215559655,824.1850304412626,-441.55225481124427,202.08856677927787,837.4661686182228,10.293042058607227,4.557584623681322,13.281138176960212
Part__Feature051,全倾转无人机总体装配模型051,7,25.00000000000002,-336.148760580318,152.53565771885573,842.3617059536507,-0.12984130120364945,-0.9238688633037316,0.3600104997352357,-357.9733434206521,171.7909046346317,841.4278574210933,-332.0139416388667,178.6433779326592,860.320188925664,25.959401781785402,6.852473298027519,18.89233150457062
Part__Feature051,全倾转无人机总体装配模型051,8,0.9999999999999877,-227.57902558373348,106.24065451981691,724.0967114777171,0.9902680687416587,-0.1391731009594364,-2.2440382885235977e-14,-395.364727942373,125.64795380356537,723.0967114777202,-365.5392939999992,130.74526604362222,723.7367009779858,29.82543394237382,5.097312240056851,0.6399895002656422
Part__Feature051,全倾转无人机总体装配模型051,11,9.999999999999991,-247.3339809187035,117.94397222531624,708.117515635704,0.34028823893063076,-0.38255177964185205,-0.8589866415366084,-306.8593168453961,160.4223270435571,827.8437291196162,-289.37019293515357,175.7045165521421,860.0992306624976,17.48912391024254,15.28218950858502,32.25550154288135
Part__Feature051,全倾转无人机总体装配模型051,14,14.999999999999972,-279.58066285719997,169.91200791187651,839.714783406242,-0.39672379092316223,0.7698118170797089,-0.4999999999999918,-282.3207352659058,161.2316904020798,825.2244023494753,-265.8115923516793,177.46110815487106,836.8620344672491,16.509142914226516,16.22941775279125,11.63763211777382
Part__Feature051,全倾转无人机总体装配模型051,17,9.999999999999991,-246.89877529805142,115.18208495250425,709.5199358682863,0.34028823893063076,-0.3825517796418521,-0.8589866415366085,-306.2883056395118,157.44391149794527,828.7599540088539,-288.742380643847,172.7899567436023,861.1588380375825,17.54592499566479,15.346045245657024,32.39888402872862
Part__Feature051,全倾转无人机总体装配模型051,24,0.9999999999999877,-398.7264029887786,130.82411724824027,724.0836855918928,0.9902680687416586,-0.1391731009594372,-2.2440382885236002e-14,-425.69075615031704,130.98343072433286,723.0967114777211,-398.6085637333677,135.45532653498077,723.5516309077852,27.08219241694934,4.471895810647908,0.4549194300641375
Part__Feature051,全倾转无人机总体装配模型051,29,9.999999999999993,-473.0187991750809,192.09653709289313,821.1047603011583,-0.9902680687416587,0.1391731009594364,2.2440382885235977e-14,-450.41313888002827,193.76337884678964,817.378324429925,-418.1010316113078,199.00370662972176,821.2871764514591,32.31210726872047,5.240327782932127,3.9088520215341305
Part__Feature051,全倾转无人机总体装配模型051,30,10.00000000000002,-428.14104155494084,196.04873411350738,827.4169512937444,-0.13298872883673238,-0.9909496729669759,-0.01824126226536163,-428.21100081272033,194.37427316912928,827.5647328114482,-417.86877144090124,198.57049963050082,837.4650329542742,10.342229371819087,4.196226461371538,9.90030014282604
Part__Feature051,全倾转无人机总体装配模型051,32,3.0975780560729222,-424.260167855693,212.11007238663612,824.8917733130119,-0.1391499436545401,-0.9901032959555438,-0.018241615030124506,-426.5875652563892,195.17101858020928,821.4906355465365,-423.0948087537911,198.63199912823313,827.7394856787212,3.4927565025981266,3.460980548023855,6.248850132184657
Part__Feature051,全倾转无人机总体装配模型051,33,3.1000000000000365,-439.060831822676,214.16854669566555,826.0654281133296,-0.1391499436545401,-0.9901032959555438,-0.018241615030124506,-441.3882353720633,197.2291529923531,822.6618688059195,-437.8930743391571,200.6905171874729,828.9155620199737,3.4951610329061964,3.461364195119785,6.253693214054124
Part__Feature052,全倾转无人机总体装配模型052,3,5.000000000000004,-474.5704358970601,145.12958545916626,311.2978841114553,-0.13917310095936392,-0.990268068741669,1.1102230246251565e-16,-471.6930019190033,200.83420923191937,306.2978841114553,-466.32414227241685,204.50087894294126,311.2978841114553,5.368859646586429,3.666669711021882,5.0
Part__Feature052,全倾转无人机总体装配模型052,18,25.000000000000025,-350.9675798055656,149.10126791939564,296.29471064111704,-0.12984130120358822,-0.9238688633037289,-0.360010499735265,-373.3336450848204,167.62566266137443,278.5700137514174,-350.89944653497713,175.20898813319917,299.299383085878,22.434198549843245,7.583325471824736,20.729369334460614
Part__Feature052,全倾转无人机总体装配模型052,23,1.000000000000001,-227.579025586014,106.24065449340794,400.401727642153,0.9902680687416691,-0.13917310095936392,-7.632783294297952e-17,-395.208598672953,125.68658253702104,400.76173814188826,-365.8141519107083,130.72332347903452,401.401727642153,29.394446762244684,5.0367409420134805,0.6399895002647327
Part__Feature053,全倾转无人机总体装配模型053,1,14.640662161054191,-484.16027022342996,-0.7463068840895815,562.0967078193607,0.0003681050728108971,-5.96826953269387e-07,-0.9999999322491473,-498.8329215836624,-0.7700043139300785,629.3835251224647,-469.54437965858335,13.89440717544074,649.0594219251625,29.288541925079073,14.664411489370819,19.67589680269782
Part__Feature053,全倾转无人机总体装配模型053,2,14.640662161054191,-484.16027022342996,-0.7463068840895815,562.0967078193607,-0.0003681050728108971,5.96826953269387e-07,0.9999999322491473,-498.77616078827657,-15.387020943619904,475.13399371355894,-469.4876188631975,-0.7226094542490826,494.8098905162567,29.288541925079073,14.66441148937082,19.675896802697764
Part__Feature053,全倾转无人机总体装配模型053,3,20.74363028696927,-484.16027022342996,-0.7463068840895815,562.0967078193607,0.0003681050728108971,-5.96826953269387e-07,-0.9999999322491473,-465.8911115217746,-0.7799291046657798,579.5277244918617,-463.4230553119263,9.04213339473377,615.8343998050577,2.468056209848271,9.82206249939955,36.306675313196024
Part__Feature053,全倾转无人机总体装配模型053,4,20.74363028696927,-484.16027022342996,-0.7463068840895815,562.0967078193607,0.0003681050728108971,-5.96826953269387e-07,-0.9999999322491473,-465.8649192441363,-0.779971571500433,508.37337808819655,-463.396863034288,9.042090927899102,544.6800534013923,2.468056209848271,9.822062499399534,36.3066753131958
Part__Feature053,全倾转无人机总体装配模型053,5,20.74363028696927,-484.16027022342996,-0.7463068840895815,562.0967078193607,0.0003681050728108971,-5.96826953269387e-07,-0.9999999322491473,-504.9236774125719,-21.489969238603035,508.35901583366376,-463.3968902993829,-0.7126421966787326,615.8343998050577,41.526787113189016,20.777327041924302,107.47538397139397
Part__Feature053,全倾转无人机总体装配模型053,19,19.999999999999975,-484.16027022342996,-0.7463068840895815,562.0967078193607,0.9999986178653718,-0.0016213468615521762,0.0003681055566430855,-478.69504446471143,-20.778707533646873,542.8711019203104,-464.1621445871222,-6.259582971312822,581.3316998526223,14.532899877589216,14.519124562334051,38.460597932311885
Part__Feature053,全倾转无人机总体装配模型053,22,20.74363028696927,-484.16027022342996,-0.7463068840895815,562.0967078193607,0.0003681050728108971,-5.96826953269387e-07,-0.9999999322491473,-504.9236501474771,-0.712706331774483,508.35901583366376,-502.397592000117,9.101387279174297,615.8200375505224,2.526058147360061,9.81409361094878,107.46102171685868
Part__Feature053,全倾转无人机总体装配模型053,24,14.640662161054191,-484.16027022342996,-0.7463068840895815,562.0967078193607,-0.0003681050728108971,5.96826953269387e-07,0.9999999322491473,-498.7761415448252,-0.7700963742141931,475.13399371355894,-469.4875996197461,13.89431511515663,494.8098905162567,29.288541925079073,14.664411489370822,19.675896802697764
Part__Feature053,全倾转无人机总体装配模型053,28,14.640662161054191,-484.16027022342996,-0.7463068840895815,562.0967078193607,0.0003681050728108971,-5.96826953269387e-07,-0.9999999322491473,-498.8329408271138,-15.386928883335793,629.3835251224647,-469.54439890203474,-0.7225173939649752,649.0594219251625,29.288541925079073,14.664411489370817,19.67589680269782
Part__Feature054,全倾转无人机总体装配模型054,1,14.64066216105417,232.47417277225242,-1.908221495052348,562.265440006091,2.617525459661251e-13,1.2382174307690507e-13,1.0,217.8335298546256,-1.931959088317231,475.30810931794616,247.11483493328896,12.732440665993492,494.97322883479177,29.281305078663365,14.664399754310724,19.665119516845607
Part__Feature054,全倾转无人机总体装配模型054,2,14.64066216105417,232.47417277225242,-1.908221495052348,562.265440006091,-2.617525459661251e-13,-1.2382174307690507e-13,-1.0,217.83351061121587,-16.548883656098187,629.5576511773902,247.11481568987924,-1.8844839017874666,649.2227706942359,29.281305078663365,14.66439975431072,19.66511951684572
Part__Feature054,全倾转无人机总体装配模型054,3,20.74363028696922,232.47417277225242,-1.908221495052348,562.265440006091,2.617525459661251e-13,1.2382174307690507e-13,1.0,211.73056975036206,-1.8745888729173974,508.5353802257139,214.2170714499806,7.939440602668702,544.8411485620442,2.486501699618543,9.8140294755861,36.30576833633029
Part__Feature054,全倾转无人机总体装配模型054,4,20.74363028696922,232.47417277225242,-1.908221495052348,562.265440006091,2.617525459661251e-13,1.2382174307690507e-13,1.0,211.73056975038068,-1.8745888729085685,579.689731450147,214.2170714499992,7.939440602677513,615.9954997864772,2.4865016996185147,9.81402947558608,36.30576833633029
Part__Feature054,全倾转无人机总体装配模型054,5,20.74363028696922,232.47417277225242,-1.908221495052348,562.265440006091,2.617525459661251e-13,1.2382174307690507e-13,1.0,211.73054248526913,-22.65185178202822,508.5353802257049,253.21777579414277,-1.8745888729040732,615.9954997864778,41.48723330887364,20.777262909124147,107.46011956077291
Part__Feature054,全倾转无人机总体装配模型054,19,20.000000000000018,232.47417277225242,-1.908221495052348,562.265440006091,-0.9999986856161354,0.0016213469714000217,2.615514438585869e-13,212.44177212050167,-21.89928025451323,543.0378087812768,226.96676995948386,-7.380167166155924,581.4930712309133,14.524997838982188,14.519113088357305,38.45526244963651
Part__Feature054,全倾转无人机总体装配模型054,22,20.74363028696922,232.47417277225242,-1.908221495052348,562.265440006091,2.617525459661251e-13,1.2382174307690507e-13,1.0,250.76311101947397,-1.94185411720062,508.5353802257043,253.2178030592357,7.880186714222485,615.9954997864663,2.4546920397617384,9.822040831423106,107.46011956076205
Part__Feature054,全倾转无人机总体装配模型054,24,14.64066216105417,232.47417277225242,-1.908221495052348,562.265440006091,-2.617525459661251e-13,-1.2382174307690507e-13,-1.0,217.83352985466598,-1.9319590882981281,629.5576511773899,247.11483493332935,12.732440666012591,649.2227706942356,29.281305078663365,14.66439975431072,19.66511951684572
Part__Feature054,全倾转无人机总体装配模型054,28,14.64066216105417,232.47417277225242,-1.908221495052348,562.265440006091,2.617525459661251e-13,1.2382174307690507e-13,1.0,217.83351061117548,-16.548883656117287,475.3081093179466,247.11481568983885,-1.8844839018065624,494.9732288347922,29.281305078663365,14.664399754310724,19.665119516845607
Part__Feature056,全倾转无人机总体装配模型056,1,2.0999999999999908,-384.9933240948913,245.636393707968,471.09671147770973,0.1407784861665961,0.9900411192635594,7.718672346494198e-17,-385.24077467661493,258.5175858271281,468.99671147770977,-382.73935286766164,261.7833440058685,473.1967114777097,2.501421808953296,3.265758178740441,4.199999999999932
Part__Feature056,全倾转无人机总体装配模型056,2,2.0999999999999908,-384.9933240948913,245.636393707968,471.09671147770973,0.1407784861665961,0.9900411192635594,7.718672346494198e-17,-383.1616883261615,258.22195100617824,468.99671147770977,-380.66026651720824,261.4877091849187,473.1967114777097,2.501421808953239,3.265758178740441,4.199999999999932
Part__Feature057,全倾转无人机总体装配模型057,1,2.0999999999999908,-384.9933240948913,245.636393707968,653.0967114777097,0.1407784861665961,0.9900411192635594,7.718672346494198e-17,-385.24077467661493,258.517585827128,650.9967114777097,-382.73935286766164,261.7833440058685,655.1967114777098,2.501421808953296,3.265758178740498,4.2000000000000455
Part__Feature057,全倾转无人机总体装配模型057,2,2.0999999999999908,-384.9933240948913,245.636393707968,653.0967114777097,0.1407784861665961,0.9900411192635594,7.718672346494198e-17,-383.1616883261615,258.2219510061782,650.9967114777097,-380.66026651720824,261.4877091849187,655.1967114777098,2.501421808953239,3.265758178740498,4.2000000000000455
Part__Feature058,全倾转无人机总体装配模型058,1,2.0999999999999908,125.86789344510449,172.99469484600453,653.0967114777097,0.1407784861665961,0.9900411192635594,7.718672346494198e-17,125.62044286338083,185.87588696516457,650.9967114777097,128.12186467233408,189.14164514390504,655.1967114777098,2.5014218089532534,3.2657581787404695,4.2000000000000455
Part__Feature058,全倾转无人机总体装配模型058,13,2.0999999999999908,125.86789344510466,172.9946948460045,603.0967114777097,0.1407784861665961,0.9900411192635594,7.718672346494198e-17,125.620442863381,185.87588696516454,600.9967114777097,128.12186467233428,189.14164514390515,605.1967114777098,2.501421808953282,3.2657581787406116,4.2000000000000455
Part__Feature058,全倾转无人机总体装配模型058,21,2.0999999999999908,-384.9933240948913,245.636393707968,603.0967114777097,0.1407784861665961,0.9900411192635594,7.718672346494198e-17,-385.24077467661493,258.517585827128,600.9967114777097,-382.73935286766164,261.7833440058687,605.1967114777098,2.501421808953296,3.2657581787406684,4.2000000000000455
Part__Feature058,全倾转无人机总体装配模型058,22,2.0999999999999908,-384.9933240948913,245.636393707968,603.0967114777097,0.1407784861665961,0.9900411192635594,7.718672346494198e-17,-383.1616883261615,258.2219510061782,600.9967114777097,-380.66026651720824,261.48770918491886,605.1967114777098,2.501421808953239,3.2657581787406684,4.2000000000000455
Part__Feature058,全倾转无人机总体装配模型058,30,2.0999999999999908,125.86789344510466,172.9946948460045,603.0967114777097,0.1407784861665961,0.9900411192635594,7.718672346494198e-17,127.69952921383445,185.58025214421465,600.9967114777097,130.20095102278776,188.8460103229553,605.1967114777098,2.5014218089533102,3.26575817874064,4.2000000000000455
Part__Feature058,全倾转无人机总体装配模型058,43,2.0999999999999908,125.86789344510449,172.99469484600453,653.0967114777097,0.1407784861665961,0.9900411192635594,7.718672346494198e-17,127.6995292138343,185.5802521442147,650.9967114777097,130.20095102278754,188.84601032295518,655.1967114777098,2.501421808953239,3.2657581787404695,4.2000000000000455
Part__Feature059,全倾转无人机总体装配模型059,1,4.250000000000014,-374.9578727148424,-4.92336735016621,632.9017276421233,-0.001621346971428218,-0.9999986856161354,1.0745344364115216e-14,-379.21110982265384,-6.929180500605269,628.6517276421233,-371.36763003565284,-2.916479254306035,635.1811787345038,7.843479787001002,4.012701246299233,6.529451092380441
Part__Feature059,全倾转无人机总体装配模型059,2,4.250000000000014,-374.9578727148424,-4.92336735016621,632.9017276421233,-0.001621346971428218,-0.9999986856161354,1.0745344364115216e-14,-378.5481153940319,-6.930255446027055,630.6222765497431,-370.7046356070309,-2.9175541997278214,637.1517276421233,7.843479787001002,4.012701246299233,6.529451092380214
Part__Feature061,全倾转无人机总体装配模型061,1,6.000000000000011,281.25023927886105,111.76638147424136,306.329860042617,-0.988451968738685,0.15066109701239205,-0.016246210131607996,201.26487476380197,105.83486864710417,299.51349301292487,280.9836059839063,121.47507291687185,308.26367756723766,79.7187312201043,15.640204269767679,8.750184554312796
Part__Feature061,全倾转无人机总体装配模型061,2,6.000000000000011,281.37673213144654,112.98317897271195,309.9178929635132,-0.988451968738685,0.15066109701239205,-0.016246210131607996,201.41368433875516,107.37302965307752,310.5520136776052,281.44082681804525,126.09341081409973,315.9171010932274,80.02714247929009,18.720381161022203,5.365087415622213
Part__Feature063,全倾转无人机总体装配模型063,1,4.999999999999993,514.6401071316035,76.83167820579591,308.91661219764893,-0.988451968738685,0.15066109701239205,-0.016246210131607996,464.45983618136574,71.88875084984828,303.4372531868969,514.4449837525347,82.58131355258313,310.5281268014995,49.98514757116891,10.692562702734847,7.0908736146026285
Part__Feature063,全倾转无人机总体装配模型063,3,4.999999999999993,514.7062414162468,77.46785669708898,310.79254420210714,-0.988451968738685,0.15066109701239203,-0.016246210131607992,464.5445677346488,72.79273226406028,311.59174829937723,514.7249725031509,85.65828189838146,315.7918843102023,50.18040476850206,12.865549634321184,4.2001360108250765
Part__Feature066,全倾转无人机总体装配模型066,1,7.500000000000007,-218.90099157243242,130.10500929896912,248.93441636339386,0.14661986576416963,0.9237987214090778,-0.35369271590782037,-226.31993840413875,127.46508221009695,237.32119849547556,-216.70783703422336,144.98598119771728,255.9485706737558,9.612101369915393,17.520898987620328,18.62737217828024
Part__Feature066,全倾转无人机总体装配模型066,2,7.500000000000007,-218.90099157243242,130.10500929896912,248.93441636339386,0.14661986576416963,0.9237987214090778,-0.35369271590782037,-219.18808785570724,127.23342077853899,237.32225674623027,-209.57598648579187,144.75431976615934,255.9496289245105,9.612101369915365,17.520898987620356,18.62737217828024
Part__Feature068,全倾转无人机总体装配模型068,2,40.74015951676784,-151.68774944083665,606.5073835713905,89.45647438895072,-0.14661986576416752,-0.9237987214090781,0.35369271590782014,-156.81608541529857,572.4328792246965,51.582496285143115,-111.38787245815192,621.3566338369466,134.63711254496377,45.428212957146656,48.923754612250036,83.05461625982065
Part__Feature068,全倾转无人机总体装配模型068,10,40.74015951676784,-151.68774944083665,606.5073835713905,89.45647438895072,-0.14661986576416752,-0.9237987214090781,0.35369271590782014,-194.92002373880476,573.1821588776528,51.34969055109409,-149.49181078165807,622.1059134899028,134.40430681091476,45.428212957146684,48.923754612250036,83.05461625982068
Part__Feature069,全倾转无人机总体装配模型069,2,43.999999999999986,-160.0450817893942,553.8508564510731,109.61695919569647,-0.14661986576416763,-0.9237987214090783,0.3536927159078202,-171.84048672989405,546.2421910119737,59.15688222646347,-111.53551827406869,602.0801552672384,147.2359457285025,60.30496845582536,55.83796425526475,88.07906350203902
Part__Feature069,全倾转无人机总体装配模型069,7,43.999999999999986,-160.0450817893942,553.8508564510731,109.61695919569647,-0.14661986576416763,-0.9237987214090783,0.3536927159078202,-202.10337121109637,546.2687013769071,56.435493162946415,-141.798402755271,602.1066656321718,144.51455666498543,60.30496845582536,55.83796425526475,88.07906350203902
Part__Feature071,全倾转无人机总体装配模型071,1,4.000000000000012,-192.64069689827429,231.16360749257575,269.8257085310117,0.14661986576417307,0.9237987214090773,-0.3536927159078203,-217.27568386403183,99.46969381613975,210.22405581001865,-169.63751132225454,377.6657419735214,319.6430101003802,47.638172541777294,278.19604815738165,109.41895429036154
Part__Feature071,全倾转无人机总体装配模型071,3,4.000000000000012,-132.57868465357808,564.0563990557366,133.52185259688184,0.14661986576416855,0.9237987214090779,-0.3536927159078204,-205.73549951791588,101.55439396314789,136.062686448763,-129.64825207035054,558.9977691199382,314.10965725005434,76.08724744756535,457.4433751567903,178.04697080129134
Part__Feature071,全倾转无人机总体装配模型071,7,4.000000000000012,-131.7952605002508,543.5409698892709,80.2630184685261,0.14661986576416855,0.9237987214090779,-0.3536927159078204,-205.25831140008168,80.11009530716912,76.5221315751401,-127.84145072067997,542.9383375015179,257.1743612629627,77.41686067940171,462.82824219434883,180.6522296878226
Part__Feature071,全倾转无人机总体装配模型071,8,4.000000000000012,-129.49849023405213,564.6603866002482,136.37625295142144,-0.14661986576416855,-0.9237987214090779,0.3536927159078204,-202.65530509838985,102.15838150765964,137.85600865557905,-126.12819805353203,562.3731528286773,316.96405760459385,76.52710704485781,460.2147713210177,179.1080489490148
Part__Feature071,全倾转无人机总体装配模型071,11,4.000000000000012,-186.0452802675685,552.8833010605015,82.17513863543257,-0.14661986576416855,-0.9237987214090779,0.3536927159078204,-263.31198479322956,89.57597924189704,79.49476548936758,-186.63825597799155,550.7145612846203,258.95651174881647,76.67372881523801,461.1385820427233,179.4617462594489
Part__Feature071,全倾转无人机总体装配模型071,13,4.000000000000012,-189.1254746870945,552.2793135159897,79.32073828089298,0.14661986576416855,0.9237987214090779,-0.3536927159078204,-266.3921792127555,88.9719916973855,75.57929158163074,-189.27859270484106,552.8819579040394,256.1021113942769,77.11358650791442,463.90996620665385,180.52281981264616
Part__Feature071,全倾转无人机总体装配模型071,14,3.9999999999999845,-189.56050247874836,231.76759503708743,272.68010888555125,0.14661986576417307,0.9237987214090773,-0.3536927159078203,-215.5334427081374,91.64372197004687,213.07845032285402,-166.55731448110708,378.26974477579404,325.72496983853495,48.9761282270303,286.6260228057472,112.64651951568092
Part__Feature071,全倾转无人机总体装配模型071,21,4.000000000000012,-207.95571077524116,83.14956331131796,259.86629951618625,0.14661986576416855,0.9237987214090779,-0.3536927159078204,-208.10882879298774,81.61804943375516,81.754908274771,-131.71830907855127,537.9796885779439,259.9312843567127,76.39051971443646,456.3616391441887,178.1763760819417
Part__Feature074,全倾转无人机总体装配模型074,1,3.7500000000000164,-136.87438812965522,434.54627973674434,178.699152489926,-0.988451968738685,0.15066109701239147,-0.016246210131605657,-144.36180629580355,430.87850993807524,175.0783518638238,-136.98950283886026,436.92087096026717,182.444406184829,7.3723034569432855,6.042361022191926,7.366054321005208
Part__Feature074,全倾转无人机总体装配模型074,2,3.7499999999999907,-170.96350691982414,219.76307700913367,260.93270893849416,-0.988451968738685,0.15066109701239147,-0.016246210131605657,-178.4509250859725,216.09530721046457,257.311908312392,-171.07862162902921,222.13766823265652,264.67796263339716,7.3723034569432855,6.042361022191955,7.3660543210051515
Part__Feature074,全倾转无人机总体装配模型074,3,3.7499999999999907,-119.82982873457075,541.9378811005496,137.5823742656419,-0.988451968738685,0.15066109701239147,-0.016246210131605657,-127.3172469007191,538.2701113018804,133.96157363953967,-119.94494344377584,544.3124723240724,141.32762796054487,7.372303456943257,6.042361022191926,7.366054321005208
Part__Feature074,全倾转无人机总体装配模型074,4,3.7499999999999907,-153.91894752473968,327.1546783729389,219.81593071421014,-0.988451968738685,0.15066109701239147,-0.016246210131605657,-161.40636569088807,323.4869085742698,216.19513008810796,-154.0340622339448,329.52926959646175,223.5611844091131,7.372303456943257,6.042361022191926,7.3660543210051515
Part__Feature074,全倾转无人机总体装配模型074,5,3.7499999999999907,-155.83292274657188,309.55516444712447,173.05490197846402,-0.988451968738685,0.15066109701239147,-0.016246210131605657,-163.32034091272027,305.84796893016374,169.43410135236184,-155.68937460493447,311.92975567064735,176.80440705953538,7.630966307785798,6.081786740483608,7.370305707173543
Part__Feature074,全倾转无人机总体装配模型074,6,3.7499999999999862,-189.9220415367408,94.77196171951385,255.2884584270322,-0.988451968738685,0.15066109701239147,-0.016246210131605657,-197.4094597028891,91.06476620255312,251.66765780093002,-189.77849339510334,97.14655294303667,259.03796350810353,7.630966307785769,6.081786740483551,7.3703057071735145
Part__Feature074,全倾转无人机总体装配模型074,7,3.7499999999999907,-155.83292274657188,309.55516444712447,173.05490197846402,-0.988451968738685,0.15066109701239147,-0.016246210131605657,-239.43114250559898,317.44887340011786,168.1831431722282,-231.80017619781322,323.53066014060147,175.55344887940174,7.630966307785769,6.081786740483608,7.370305707173543
Part__Feature074,全倾转无人机总体装配模型074,8,3.7499999999999907,-172.87748214165632,202.16356308331916,214.17168020274806,-0.988451968738685,0.15066109701239147,-0.016246210131605657,-256.4757019006835,210.05727203631258,209.29992139651225,-248.84473559289768,216.13905877679616,216.6702271036858,7.630966307785798,6.0817867404835795,7.370305707173543
Part__Feature074,全倾转无人机总体装配模型074,9,3.7499999999999862,-189.9220415367408,94.77196171951385,255.2884584270322,-0.988451968738685,0.15066109701239147,-0.016246210131605657,-273.5202612957679,102.66567067250728,250.41669962079638,-265.8892949879821,108.74745741299083,257.7870053279699,7.630966307785798,6.081786740483551,7.3703057071735145
Part__Feature074,全倾转无人机总体装配模型074,10,3.7500000000000164,-136.87438812965522,434.54627973674434,178.699152489926,-0.988451968738685,0.15066109701239147,-0.016246210131605657,-220.21394503783978,442.43998868973773,173.83164506985855,-212.84164158089644,448.4823497119298,181.19769939086376,7.372303456943342,6.042361022192097,7.366054321005208
Part__Feature074,全倾转无人机总体装配模型074,11,3.7499999999999907,-170.96350691982414,219.76307700913367,260.93270893849416,-0.988451968738685,0.15066109701239147,-0.016246210131605657,-254.30306382800876,227.6567859621271,256.06520151842676,-246.93076037106547,233.69914698431913,263.4312558394319,7.3723034569432855,6.04236102219204,7.3660543210051515
Part__Feature074,全倾转无人机总体装配模型074,12,3.7499999999999907,-153.91894752473968,327.1546783729389,219.81593071421014,-0.988451968738685,0.15066109701239147,-0.016246210131605657,-237.2585044329243,335.0483873259323,214.94842329414269,-229.88620097598096,341.09074834812435,222.31447761514787,7.372303456943342,6.04236102219204,7.36605432100518
Part__Feature074,全倾转无人机总体装配模型074,14,3.7500000000000036,-121.74380395640294,524.3383671747351,90.8213455298958,-0.988451968738685,0.15066109701239147,-0.016246210131605657,-205.3420237154301,532.2320761277285,85.94958672365993,-197.71105740764426,538.313862868212,93.31989243083353,7.630966307785826,6.081786740483494,7.3703057071736
Part__Feature074,全倾转无人机总体装配模型074,15,3.7500000000000164,-138.78836335148742,416.94676581092983,131.9381237541799,-0.988451968738685,0.15066109701239147,-0.016246210131605657,-222.38658311051452,424.8404747639232,127.06636494794407,-214.75561680272864,430.92226150440695,134.43667065511767,7.630966307785883,6.081786740483722,7.3703057071736
Part__Feature074,全倾转无人机总体装配模型074,16,3.7500000000000036,-121.74380395640294,524.3383671747351,90.8213455298958,-0.988451968738685,0.15066109701239147,-0.016246210131605657,-129.23122212255134,520.6311716577744,87.20054490379357,-121.6002558147655,526.7129583982579,94.57085061096717,7.63096630778584,6.081786740483494,7.3703057071736
Part__Feature074,全倾转无人机总体装配模型074,17,3.7500000000000164,-138.78836335148742,416.94676581092983,131.9381237541799,-0.988451968738685,0.15066109701239147,-0.016246210131605657,-146.27578151763578,413.2395702939691,128.31732312807773,-138.64481520984992,419.3213570344528,135.6876288352513,7.6309663077858545,6.081786740483665,7.370305707173571
Part__Feature074,全倾转无人机总体装配模型074,18,3.7500000000000164,-138.78836335148742,416.94676581092983,131.9381237541799,-0.988451968738685,0.15066109701239147,-0.016246210131605657,-145.85107527429565,415.6268022664937,128.0748952021873,-138.22010896650986,421.7085890069773,135.4452009093609,7.630966307785798,6.081786740483608,7.3703057071736
Part__Feature074,全倾转无人机总体装配模型074,19,3.7500000000000036,-121.74380395640294,524.3383671747351,90.8213455298958,-0.988451968738685,0.15066109701239147,-0.016246210131605657,-128.80651587921122,523.018403630299,86.95811697790317,-121.17554957142539,529.1001903707826,94.32842268507676,7.630966307785826,6.081786740483608,7.370305707173586
Part__Feature074,全倾转无人机总体装配模型074,20,3.7500000000000164,-138.78836335148742,416.94676581092983,131.9381237541799,-0.988451968738685,0.15066109701239147,-0.016246210131605657,-221.9618768671744,427.22770673644783,126.82393702205366,-214.33091055938854,433.30949347693144,134.19424272922726,7.6309663077858545,6.081786740483608,7.3703057071736
Part__Feature074,全倾转无人机总体装配模型074,21,3.7500000000000036,-121.74380395640294,524.3383671747351,90.8213455298958,-0.988451968738685,0.15066109701239147,-0.016246210131605657,-204.91731747208996,534.6193081002531,85.70715879776954,-197.28635116430416,540.7010948407367,93.07746450494312,7.630966307785798,6.081786740483608,7.370305707173586
Part__Feature074,全倾转无人机总体装配模型074,22,10.000000000000004,-172.46633050398975,538.9581006213782,76.87918967967094,0.14661986576416744,0.9237987214090781,-0.35369271590782025,-181.04142557140088,543.735092650119,63.98864577243725,-171.3829268907145,549.7026988055928,73.54011432665543,9.658498680686392,5.967606155473845,9.551468554218175
Part__Feature074,全倾转无人机总体装配模型074,24,3.000000000000045,-146.61585887398036,537.4668027913327,63.90898661363077,0.988451968738685,-0.15066109701239158,0.01624621013160533,-176.38425644945087,536.4108319557838,60.421996244825465,-146.17599927668783,544.7580318659318,62.847908465907366,30.20825717276304,8.347199910147992,2.4259122210819015
Part__Feature074,全倾转无人机总体装配模型074,27,3.000000000000045,-120.44312334030666,556.3783142880778,124.15301243854432,0.03827950443664427,0.35199027851628983,0.9352205747149225,-121.53444392047992,541.846719856389,85.68311130222389,-117.44532212677348,559.1497104523052,124.2017510689392,4.08912179370644,17.302990595916185,38.51863976671531
Part__Feature074,全倾转无人机总体装配模型074,29,2.999999999999987,-197.54237690192411,568.1298798550444,122.88580804827909,-0.03827950443664393,-0.3519902785162899,-0.9352205747149225,-202.03891298560592,554.5022520054298,84.41478814306598,-197.1025173046316,570.9378908226993,122.83706941788435,4.936395680974329,16.435638817269478,38.422281274818374
Part__Feature074,全倾转无人机总体装配模型074,31,3.000000000000045,-143.24726248355566,568.4419473007663,146.20839718854396,-0.988451968738685,0.15066109701239158,-0.01624621013160533,-172.78598303240628,569.4979181363151,144.65993273687226,-142.7926589755736,575.9275366247067,149.0140589126888,29.993324056832677,6.429618488391611,4.354126175816532
Part__Feature074,全倾转无人机总体装配模型074,35,24.999999999999996,-217.0360438748263,100.86621607606355,299.54838320157245,0.14661986576416744,0.9237987214090781,-0.35369271590782025,-216.07905626391025,97.09968865075373,124.52295136458363,-119.58276768344479,567.8701388578737,322.9324250719612,96.49628858046546,470.77045020712,198.40947370737754
Part__Feature074,全倾转无人机总体装配模型074,39,24.999999999999996,-218.56722405229206,86.78660493541196,262.13956021297554,0.14661986576416744,0.9237987214090781,-0.35369271590782025,-219.5242116632082,77.21464320064483,63.327458754823645,-121.13247141479789,541.2242433290049,262.54571546626573,98.39174024841031,464.0096001283601,199.21825671144208
Part__Feature074,全倾转无人机总体装配模型074,41,25.00000000000003,-248.22078311445262,91.30643784578368,261.6521739090274,0.14661986576416744,0.9237987214090781,-0.35369271590782025,-272.9506058868071,82.50668088287642,62.83654494835976,-176.45431730634166,553.2771310899964,261.2460186557373,96.49628858046546,470.77045020711995,198.40947370737757
Part__Feature074,全倾转无人机总体装配模型074,43,24.999999999999996,-246.68960293698686,105.38604898643527,299.06099689762425,0.14661986576416744,0.9237987214090781,-0.35369271590782025,-271.400902155454,109.15257641174506,123.22325455405529,-173.00916190704368,573.1621765401051,322.4415112654973,98.39174024841031,464.00960012836003,199.218256711442
Part__Feature074,全倾转无人机总体装配模型074,44,1.9999999999999787,-263.2879997135534,114.30994444396447,315.48833126174907,0.14661986576416744,0.9237987214090781,-0.35369271590782025,-264.6158714556787,114.5581389897587,217.1215577785188,-220.46285339785825,375.3339930408179,317.35905461138015,44.15301805782045,260.77585405105924,100.23749683286135
Part__Feature074,全倾转无人机总体装配模型074,45,3.7499999999999907,-153.91894752473968,327.1546783729389,219.81593071421014,-0.988451968738685,0.15066109701239147,-0.016246210131605657,-236.83379818958417,337.4356192984569,214.7059953682523,-229.46149473264086,343.4779803206489,222.07204968925745,7.372303456943314,6.042361022191983,7.3660543210051515
Part__Feature074,全倾转无人机总体装配模型074,46,3.7499999999999907,-170.96350691982414,219.76307700913367,260.93270893849416,-0.988451968738685,0.15066109701239147,-0.016246210131605657,-253.87835758466863,230.0440179346517,255.82277359253632,-246.50605412772538,236.08637895684367,263.18882791354145,7.372303456943257,6.042361022191983,7.366054321005123
Part__Feature074,全倾转无人机总体装配模型074,47,3.7500000000000164,-136.87438812965522,434.54627973674434,178.699152489926,-0.988451968738685,0.15066109701239147,-0.016246210131605657,-219.78923879449974,444.82722066226233,173.58921714396814,-212.41693533755634,450.8695816844543,180.95527146497335,7.372303456943399,6.042361022191983,7.366054321005208
Part__Feature074,全倾转无人机总体装配模型074,48,27.000000000000032,-246.68960293698686,105.38604898643527,299.06099689762425,0.14661986576416744,0.9237987214090781,-0.35369271590782025,-273.3778060929314,109.45389860576985,122.83706941788422,-172.78598303240622,574.8517322002956,324.3119524149272,100.59182306052517,465.39783359452576,201.47488299704298
Part__Feature074,全倾转无人机总体装配模型074,49,3.7499999999999862,-189.9220415367408,94.77196171951385,255.2884584270322,-0.988451968738685,0.15066109701239147,-0.016246210131605657,-273.0955550524278,105.05290264503192,250.17427169490597,-265.464588744642,111.13468938551546,257.5445774020795,7.630966307785798,6.081786740483537,7.3703057071735145
Part__Feature074,全倾转无人机总体装配模型074,50,3.7499999999999907,-172.87748214165632,202.16356308331916,214.17168020274806,-0.988451968738685,0.15066109701239147,-0.016246210131605657,-256.0509956573434,212.44450400883724,209.05749347062184,-248.42002934955755,218.52629074932076,216.42779917779538,7.630966307785826,6.081786740483523,7.370305707173543
Part__Feature074,全倾转无人机总体装配模型074,52,3.7499999999999907,-155.83292274657188,309.55516444712447,173.05490197846402,-0.988451968738685,0.15066109701239147,-0.016246210131605657,-239.0064362622589,319.8361053726425,167.9407152463378,-231.3754699544731,325.9178921131261,175.31102095351133,7.630966307785798,6.081786740483551,7.370305707173543
Part__Feature074,全倾转无人机总体装配模型074,53,27.000000000000004,-248.22078311445262,91.30643784578368,261.6521739090274,0.14661986576416744,0.9237987214090781,-0.35369271590782025,-274.92899170859545,81.80270032584384,60.61212888282087,-176.3842564494508,554.50225200543,261.2135262354741,98.54473525914466,472.6995516795862,200.60139735265324
Part__Feature074,全倾转无人机总体装配模型074,55,3.7499999999999862,-189.9220415367408,94.77196171951385,255.2884584270322,-0.988451968738685,0.15066109701239147,-0.016246210131605657,-196.98475345954898,93.45199817507775,251.4252298750396,-189.35378715176324,99.53378491556131,258.7955355822132,7.630966307785741,6.081786740483565,7.370305707173571
Part__Feature074,全倾转无人机总体装配模型074,56,27.000000000000004,-218.56722405229206,86.78660493541196,262.13956021297554,0.14661986576416744,0.9237987214090781,-0.35369271590782025,-219.60077067208147,76.44888626186348,61.103324889485954,-119.00894761155632,541.8467198563892,262.5782078865289,100.59182306052514,465.3978335945257,201.47488299704295
Part__Feature074,全倾转无人机总体装配模型074,57,3.7499999999999907,-155.83292274657188,309.55516444712447,173.05490197846402,-0.988451968738685,0.15066109701239147,-0.016246210131605657,-162.89563466938017,308.2352009026883,169.19167342647143,-155.26466836159432,314.31698764317196,176.56197913364497,7.6309663077858545,6.081786740483665,7.370305707173543
Part__Feature074,全倾转无人机总体装配模型074,59,3.7499999999999907,-153.91894752473968,327.1546783729389,219.81593071421014,-0.988451968738685,0.15066109701239147,-0.016246210131605657,-160.98165944754794,325.8741405467945,215.95270216221755,-153.60935599060468,331.9165015689864,223.3187564832227,7.372303456943257,6.042361022191926,7.3660543210051515
Part__Feature074,全倾转无人机总体装配模型074,60,3.7499999999999907,-119.82982873457075,541.9378811005496,137.5823742656419,-0.988451968738685,0.15066109701239147,-0.016246210131605657,-126.89254065737899,540.6573432744051,133.7191457136493,-119.52023720043572,546.699704296597,141.08520003465446,7.372303456943271,6.042361022191926,7.3660543210051515
Part__Feature074,全倾转无人机总体装配模型074,61,3.7499999999999907,-170.96350691982414,219.76307700913367,260.93270893849416,-0.988451968738685,0.15066109701239147,-0.016246210131605657,-178.02621884263243,218.48253918298914,257.06948038650154,-170.65391538568912,224.52490020518115,264.4355347075067,7.372303456943314,6.042361022192011,7.3660543210051515
Part__Feature074,全倾转无人机总体装配模型074,62,3.7500000000000164,-136.87438812965522,434.54627973674434,178.699152489926,-0.988451968738685,0.15066109701239147,-0.016246210131605657,-143.93710005246342,433.2657419105999,174.8359239379334,-136.5647965955202,439.3081029327918,182.2019782589386,7.372303456943229,6.042361022191926,7.366054321005208
Part__Feature074,全倾转无人机总体装配模型074,63,27.000000000000004,-217.0360438748263,100.86621607606355,299.54838320157245,0.14661986576416744,0.9237987214090781,-0.35369271590782025,-216.00249725503696,96.79836645672896,124.20175106893912,-117.45776199589228,569.4979181363152,324.8031484215923,98.54473525914467,472.69955167958625,200.60139735265318
Part__Feature074,全倾转无人机总体装配模型074,65,2.000000000000006,-199.06961974759267,104.52169789276755,316.543825436716,-0.14661986576416744,-0.9237987214090781,0.35369271590782025,-200.48548710704182,104.81413643810383,218.12882280667833,-156.32565004643195,365.545746489621,318.4145487863471,44.159837060609874,260.7316100515172,100.28572597966877
Part__Feature077,全倾转无人机总体装配模型077,2,43.99999999999999,496.74003975009936,490.1695975201077,122.24545806903076,0.14781504893273825,0.9350248866057328,-0.3223029207701177,448.197667172499,443.28915382823254,83.81647746230321,501.6875868603959,496.420960792688,174.0328457341202,53.48991968789693,53.13180696445545,90.21636827181699
Part__Feature077,全倾转无人机总体装配模型077,7,43.99999999999999,496.74003975009936,490.1695975201077,122.24545806903076,0.14781504893273825,0.9350248866057328,-0.3223029207701177,485.2886304867624,442.7771392368751,84.63939891782654,538.7785501746594,495.90894620133054,174.85576718964353,53.489919687896986,53.13180696445545,90.21636827181699
Part__Feature078,全倾转无人机总体装配模型078,2,40.74015951676786,498.9572654840905,504.1949708191936,117.41091425747906,-0.14781504893273797,-0.9350248866057328,0.32230292077011774,485.44589368283965,471.04874201328715,78.84478871125614,539.2498951947466,515.5164410138341,161.54218714770616,53.80400151190696,44.46769900054693,82.69739843645002
Part__Feature078,全倾转无人机总体装配模型078,10,40.74015951676786,498.9572654840905,504.1949708191936,117.41091425747906,-0.14781504893273797,-0.9350248866057328,0.32230292077011774,455.70833479477966,474.1730028924386,79.72569978265423,509.5123363066866,518.6407018929855,162.42309821910428,53.80400151190696,44.46769900054687,82.69739843645004
Part__Feature079,全倾转无人机总体装配模型079,1,1.4999999999999882,453.8940353533254,77.87470158844192,246.14343338230077,0.14781504893273786,0.9350248866057327,-0.3223029207701181,453.8439835020842,77.342828447352,243.75677886887203,455.8210030312789,81.16124983462568,247.5633882623381,1.9770195291947061,3.8184213872736734,3.8066093934660614
Part__Feature079,全倾转无人机总体装配模型079,2,1.4999999999999882,415.34440857251667,83.75048437192522,245.50983118716806,0.14781504893273786,0.9350248866057327,-0.3223029207701181,415.2943567212755,83.21861123083531,243.12317667373932,417.27137625047015,87.03703261810898,246.92978606720538,1.9770195291946493,3.8184213872736734,3.8066093934660614
Part__Feature079,全倾转无人机总体装配模型079,3,1.4999999999999882,434.619221962921,80.8125929801836,245.82663228473442,0.14781504893273786,0.9350248866057327,-0.3223029207701181,434.56917011167985,80.28071983909366,243.43997777130568,436.5461896408745,84.09914122636734,247.24658716477174,1.9770195291946493,3.8184213872736734,3.8066093934660614
Part__Feature079,全倾转无人机总体装配模型079,4,1.4999999999999882,434.619221962921,80.8125929801836,245.82663228473442,0.14781504893273786,0.9350248866057327,-0.3223029207701181,433.1356994317658,80.33111939381703,243.43976864238672,435.1127189609604,84.1495407810907,247.24637803585279,1.9770195291946493,3.8184213872736734,3.8066093934660614
Part__Feature079,全倾转无人机总体装配模型079,7,1.4999999999999882,415.34440857251667,83.75048437192522,245.50983118716806,0.14781504893273786,0.9350248866057327,-0.3223029207701181,413.8608860413614,83.26901078555869,243.12296754482037,415.8379055705561,87.08743217283235,246.92957693828643,1.9770195291946493,3.818421387273659,3.8066093934660614
Part__Feature079,全倾转无人机总体装配模型079,10,1.9999999999999787,455.32811556550786,77.16158491744648,229.21897242903628,0.03336790082744479,0.3209823909110267,0.946497167412249,455.2393664527725,77.25750541641438,235.11974728725545,458.1792585046643,85.2700013652906,254.66262245426327,2.939892051891775,8.012495948876222,19.54287516700782
Part__Feature079,全倾转无人机总体装配模型079,12,1.4999999999999882,453.8940353533254,77.87470158844192,246.14343338230077,0.14781504893273786,0.9350248866057327,-0.3223029207701181,452.4105128221702,77.39322800207539,243.75656973995308,454.3875323513648,81.21164938934906,247.56317913341914,1.9770195291946493,3.8184213872736734,3.8066093934660614
Part__Feature084,全倾转无人机总体装配模型084,1,4.000000000000012,464.7869860829372,451.9477790516087,111.50558123991556,-0.14781504893273772,-0.9350248866057328,0.322302920770118,401.7049064267614,76.65389484567133,109.9751553385401,463.61880913709837,446.00524923341817,240.36176470743638,61.91390271033697,369.3513543877468,130.38660936889627
Part__Feature084,全倾转无人机总体装配模型084,5,4.000000000000012,461.72152647423883,451.43681516991273,108.617351107284,0.14781504893273772,0.9350248866057328,-0.322302920770118,398.63944681806305,76.14293096397552,104.8308005737501,461.58805679107064,452.03947170408856,237.47353457480486,62.94860997300759,375.89654074011304,132.64273400105475
Part__Feature084,全倾转无人机总体装配模型084,13,4.000000000000011,457.06046888425374,70.10344736467113,241.27155247480638,0.14781504893273772,0.9350248866057328,-0.322302920770118,456.9269972809439,68.6851189884313,110.82051594250096,519.1055909897744,436.9655834126746,241.33653731533283,62.17859370883053,368.2804644242433,130.51602137283186
Part__Feature087,全倾转无人机总体装配模型087,1,3.7500000000000036,517.2423747551862,353.8909165608851,196.26463041885899,-0.988451968738685,0.15066109701239247,-0.01624621013160886,434.25637509981107,362.0859477079034,191.36064684803856,439.2797988529329,367.6568173147057,198.7306848995333,5.023423753121847,5.570869606802262,7.370038051494731
Part__Feature087,全倾转无人机总体装配模型087,2,3.7500000000000036,503.75425154007394,268.56989565811193,225.67477193913226,-0.988451968738685,0.15066109701239247,-0.01624621013160886,420.7682518846987,276.76492680513024,220.7707883683118,425.7916756378207,282.3357964119325,228.14082641980656,5.0234237531219605,5.570869606802262,7.37003805149476
Part__Feature087,全倾转无人机总体装配模型087,3,2.0999999999999646,425.6665460097177,280.47212232209097,224.3913213387352,0.988451968738685,-0.15066109701239247,0.01624621013160849,425.34832355413033,277.79344844454346,222.29159849333527,429.93076548743124,282.43567458396296,225.13314231287885,4.582441933300913,4.642226139419506,2.841543819543574
Part__Feature087,全倾转无人机总体装配模型087,4,3.7499999999999662,490.2661283249615,183.2488747553388,255.08491345940553,-0.988451968738685,0.15066109701239247,-0.01624621013160886,407.2801286695863,191.4439059023571,250.1809298885851,412.3035524227082,197.01477550915928,257.5509679400798,5.023423753121904,5.570869606802177,7.370038051494674
Part__Feature087,全倾转无人机总体装配模型087,5,3.7500000000000036,517.2423747551862,353.8909165608851,196.26463041885899,-0.988451968738685,0.15066109701239247,-0.01624621013160886,511.7318605265151,350.2770364050612,192.63403499040498,516.7552842796372,355.8479060118635,200.00407304189974,5.023423753122074,5.570869606802262,7.37003805149476
Part__Feature087,全倾转无人机总体装配模型087,6,3.7500000000000036,502.0858564987016,252.52077611256064,178.3499135685198,-0.988451968738685,0.15066109701239247,-0.01624621013160886,496.5753422700306,248.81358059559992,174.7193181400658,502.2109861268046,254.477765563539,182.0994186495912,5.6356438567739815,5.664184967939093,7.380100509525391
Part__Feature087,全倾转无人机总体装配模型087,7,3.7499999999999662,488.5977332835893,167.19975520978747,207.76005508879308,-0.988451968738685,0.15066109701239247,-0.01624621013160886,483.0872190549183,163.49255969282677,204.12945966033914,488.72286291169223,169.15674466076584,211.50956016986441,5.635643856773925,5.664184967939065,7.380100509525278
Part__Feature087,全倾转无人机总体装配模型087,8,3.7500000000000036,502.0858564987016,252.52077611256064,178.3499135685198,-0.988451968738685,0.15066109701239247,-0.01624621013160886,418.48763673967454,260.7158072595789,173.43586753966875,424.12328059644847,266.379992227518,180.8159680491941,5.635643856773925,5.664184967939093,7.380100509525363
Part__Feature087,全倾转无人机总体装配模型087,9,3.7499999999999662,488.5977332835893,167.19975520978747,207.76005508879308,-0.988451968738685,0.15066109701239247,-0.01624621013160886,404.9995135245622,175.39478635680578,202.84600905994205,410.6351573813361,181.05897132474482,210.22610956946733,5.635643856773925,5.664184967939036,7.380100509525278
Part__Feature087,全倾转无人机总体装配模型087,10,3.7499999999999707,475.10961006847697,81.87873430701437,237.17019660906635,-0.988451968738685,0.15066109701239247,-0.01624621013160886,391.51139030944984,90.07376545403267,232.25615058021532,397.1470341662237,95.73795042197173,239.6362510897406,5.635643856773868,5.664184967939065,7.380100509525278
Part__Feature087,全倾转无人机总体装配模型087,11,3.7500000000000036,529.0621029289264,423.1628179181069,119.52963052797332,-0.988451968738685,0.15066109701239247,-0.01624621013160886,445.46388316989925,431.3578490651252,114.61558449912222,451.0995270266731,437.0220340330643,121.9956850086476,5.635643856773868,5.664184967939093,7.380100509525377
Part__Feature087,全倾转无人机总体装配模型087,12,3.7500000000000036,515.573979713814,337.8417970153338,148.93977204824657,-0.988451968738685,0.15066109701239247,-0.01624621013160886,431.9757599547869,346.0368281623521,144.02572601939553,437.6114038115607,351.70101313029124,151.40582652892087,5.635643856773811,5.66418496793915,7.3801005095253345
Part__Feature087,全倾转无人机总体装配模型087,13,3.7500000000000036,529.0621029289264,423.1628179181069,119.52963052797332,-0.988451968738685,0.15066109701239247,-0.01624621013160886,523.5515887002554,419.4556224011462,115.89903509951931,529.1872325570295,425.1198073690852,123.2791356090447,5.635643856774095,5.664184967939036,7.380100509525391
Part__Feature087,全倾转无人机总体装配模型087,17,24.999999999999975,416.7151211157273,77.53655961969585,241.2296521060524,0.14781504893273825,0.9350248866057328,-0.3223029207701178,391.9897455964732,69.51199984692018,89.93178081379669,474.4156829724056,451.5729421408759,240.8234968527622,82.42593737593239,382.06094229395575,150.8917160389655
Part__Feature087,全倾转无人机总体装配模型087,19,24.999999999999975,447.70339621098555,85.85602234576517,279.57692510649065,0.14781504893273825,0.9350248866057328,-0.3223029207701178,448.5375937316716,82.08949492045531,152.3511237348141,530.963531107604,464.1504372144111,303.2428397737797,82.42593737593239,382.0609422939558,150.89171603896557
Part__Feature087,全倾转无人机总体装配模型087,21,3.7500000000000036,529.0621029289264,423.1628179181069,119.52963052797332,-0.988451968738685,0.15066109701239247,-0.01624621013160886,523.9947134571299,421.9591339521905,115.6988943962439,529.6303573139039,427.6233189201296,123.07899490576928,5.6356438567739815,5.664184967939093,7.380100509525377
Part__Feature087,全倾转无人机总体装配模型087,22,3.7500000000000036,515.573979713814,337.8417970153338,148.93977204824657,-0.988451968738685,0.15066109701239247,-0.01624621013160886,432.4188847116615,348.5403397133964,143.82558531612005,438.05452856843533,354.2045246813355,151.20568582564542,5.635643856773811,5.664184967939093,7.380100509525363
Part__Feature087,全倾转无人机总体装配模型087,23,3.7500000000000036,529.0621029289264,423.1628179181069,119.52963052797332,-0.988451968738685,0.15066109701239247,-0.01624621013160886,445.9070079267738,433.8613606161696,114.4154437958468,451.54265178354774,439.5255455841086,121.79554430537215,5.635643856773925,5.664184967939036,7.380100509525349
Part__Feature087,全倾转无人机总体装配模型087,26,3.000000000000014,504.2504249843263,436.5180293099354,91.04684684636993,0.9884519687386849,-0.15066109701239258,0.01624621013160853,474.4967622196834,435.5550821372023,87.55985647756457,504.6938701311245,443.8429368801244,90.07993808405959,30.19710791144115,8.287854742922093,2.520081606495026
Part__Feature087,全倾转无人机总体装配模型087,28,2.999999999999996,530.1088178870111,453.4450359999437,152.0125746039125,0.033367900827443855,0.3209823909110266,0.9464971674122491,529.2175470007115,440.1537570724654,113.18577914511218,533.1071472966573,456.2501106597609,152.0613132343074,3.8896002959457974,16.096353587295482,38.87553408919521
Part__Feature087,全倾转无人机总体装配模型087,30,3.0000000000000098,507.1868002571414,464.7644797101057,174.33859757864784,-0.9884519687386849,0.15066109701239258,-0.01624621013160853,477.633344897463,465.7274268828388,172.88430251238924,507.6414037651234,472.25006903404613,177.1780890808846,30.008058867660395,6.522642151207322,4.2937865684953636
Part__Feature087,全倾转无人机总体装配模型087,32,2.999999999999996,453.0095643253937,465.19660156691026,150.745370213647,-0.033367900827443855,-0.3209823909110266,-0.9464971674122491,448.70949238607983,452.80928922150633,111.91734715861796,453.4530094721919,468.03785705393096,150.69663158325216,4.743517086112092,15.22856783242463,38.7792844246342
Part__Feature087,全倾转无人机总体装配模型087,33,3.7499999999999707,475.10961006847697,81.87873430701437,237.17019660906635,-0.988451968738685,0.15066109701239247,-0.01624621013160886,391.9545150663245,92.57727700507701,232.0560098769399,397.59015892309833,98.24146197301604,239.43611038646517,5.635643856773811,5.664184967939036,7.380100509525278
Part__Feature087,全倾转无人机总体装配模型087,34,3.7499999999999662,488.5977332835893,167.19975520978747,207.76005508879308,-0.988451968738685,0.15066109701239247,-0.01624621013160886,405.44263828143676,177.89829790785015,202.64586835666663,411.07828213821074,183.56248287578916,210.0259688661919,5.6356438567739815,5.664184967939008,7.380100509525278
Part__Feature087,全倾转无人机总体装配模型087,36,3.7500000000000036,502.0858564987016,252.52077611256064,178.3499135685198,-0.988451968738685,0.15066109701239247,-0.01624621013160886,418.93076149654917,263.2193188106232,173.2357268363933,424.5664053533231,268.88350377856233,180.61582734591866,5.635643856773925,5.66418496793915,7.380100509525363
Part__Feature087,全倾转无人机总体装配模型087,37,27.000000000000007,416.7151211157273,77.53655961969585,241.2296521060524,0.14781504893273825,0.9350248866057328,-0.3223029207701178,390.01171555493283,68.87003506509812,87.71620471964341,474.4967622196834,452.8092892215065,240.791004432499,84.48504666475054,383.93925415640837,153.07479971285557
Part__Feature087,全倾转无人机总体装配模型087,39,3.7499999999999662,488.5977332835893,167.19975520978747,207.76005508879308,-0.988451968738685,0.15066109701239247,-0.01624621013160886,483.53034381179293,165.9960712438711,203.92931895706369,489.16598766856697,171.66025621181012,211.309419466589,5.635643856774038,5.664184967939008,7.380100509525306
Part__Feature087,全倾转无人机总体装配模型087,40,27.000000000000007,446.36868017788777,73.01672670932408,241.71703841000067,0.14781504893273825,0.9350248866057328,-0.3223029207701178,445.4677468555467,63.443010169705495,88.20735534413313,531.7394577601293,440.1537570724655,242.1556860835542,86.27171090458262,376.71074690276004,153.94833073942107
Part__Feature087,全倾转无人机总体装配模型087,41,3.7500000000000036,502.0858564987016,252.52077611256064,178.3499135685198,-0.988451968738685,0.15066109701239247,-0.01624621013160886,497.0184670269052,251.31709214664426,174.5191774367904,502.6541108836792,256.98127711458335,181.89927794631575,5.6356438567739815,5.664184967939093,7.380100509525363
Part__Feature087,全倾转无人机总体装配模型087,43,3.7500000000000036,517.2423747551862,353.8909165608851,196.26463041885899,-0.988451968738685,0.15066109701239247,-0.01624621013160886,512.1749852833897,352.7805479561055,192.43389428712953,517.1984090365119,358.35141756290784,199.8039323386243,5.023423753122188,5.570869606802319,7.37003805149476
Part__Feature087,全倾转无人机总体装配模型087,44,27.000000000000007,447.70339621098555,85.85602234576517,279.57692510649065,0.14781504893273825,0.9350248866057328,-0.3223029207701178,448.60432953332645,81.78817272643055,152.0613132343073,533.0893761980772,465.7274268828388,305.1361129471628,84.48504666475071,383.93925415640825,153.0747997128555
Part__Feature087,全倾转无人机总体装配模型087,47,3.7499999999999662,490.2661283249615,183.2488747553388,255.08491345940553,-0.988451968738685,0.15066109701239247,-0.01624621013160886,407.723253426461,193.94741745340147,249.9807891853097,412.74667717958283,199.51828706020365,257.3508272368043,5.023423753121847,5.570869606802177,7.3700380514946175
Part__Feature087,全倾转无人机总体装配模型087,48,2.0999999999999646,425.6665460097177,280.47212232209097,224.3913213387352,0.988451968738685,-0.15066109701239247,0.01624621013160849,425.35613440695903,277.9059256721694,223.71448520511797,429.93857634025994,282.5481518115889,226.55602902466154,4.582441933300913,4.642226139419506,2.841543819543574
Part__Feature087,全倾转无人机总体装配模型087,50,3.7500000000000036,503.75425154007394,268.56989565811193,225.67477193913226,-0.988451968738685,0.15066109701239247,-0.01624621013160886,421.21137664157334,279.26843835617456,220.57064766503635,426.2348003946953,284.8393079629769,227.9406857165311,5.0234237531219605,5.570869606802319,7.37003805149476
Part__Feature087,全倾转无人机总体装配模型087,52,3.7500000000000036,517.2423747551862,353.8909165608851,196.26463041885899,-0.988451968738685,0.15066109701239247,-0.01624621013160886,434.6994998566857,364.5894592589477,191.1605061447631,439.72292360980754,370.16032886575,198.53054419625784,5.023423753121847,5.570869606802262,7.370038051494731
Part__Feature087,全倾转无人机总体装配模型087,53,27.000000000000007,418.049837148825,90.37585525613694,279.0895388025424,0.14781504893273825,0.9350248866057328,-0.3223029207701178,391.3616339928805,94.44370487547147,150.6966315832521,477.63334489746313,471.1544517782315,304.6449623226731,86.27171090458262,376.71074690276,153.948330739421
Part__Feature087,全倾转无人机总体装配模型087,58,25.000000000000036,446.36868017788777,73.01672670932408,241.71703841000067,0.14781504893273825,0.9350248866057328,-0.3223029207701178,445.53448265720164,64.1521743578254,90.42265259972771,529.6147387737193,439.5200543798846,242.12319366329098,84.08025611651766,375.3678800220592,151.70054106356326
Part__Feature091,全倾转无人机总体装配模型091,1,2.999999999999993,450.6658885024649,451.4154863216622,165.53854587792543,-0.988451968738685,0.15066109701239241,-0.016246210131608835,448.2547389496673,448.3930999461971,164.31978179145005,453.0973959479243,454.6825649292555,168.57064236304575,4.842656998257041,6.289464983058394,4.250860571595695
Part__Feature091,全倾转无人机总体装配模型091,2,2.999999999999993,450.6658885024649,451.4154863216622,165.53854587792543,-0.988451968738685,0.15066109701239241,-0.016246210131608835,448.23438105700546,448.1484077140688,162.5064493928051,453.0770380552625,454.4378726971272,166.7573099644008,4.842656998257041,6.289464983058394,4.250860571595695
Part__Feature094,全倾转无人机总体装配模型094,1,2.9999999999999956,527.7651420640824,439.66392075469554,166.80575026819096,0.9884519687386849,-0.15066109701239258,0.016246210131608957,525.3455921066561,436.56516613226654,165.7840984525137,530.196649509542,442.93099936228884,169.83784675331128,4.8510574028858855,6.365833230022304,4.053748300797594
Part__Feature094,全倾转无人机总体装配模型094,3,2.9999999999999956,527.7651420640824,439.66392075469554,166.80575026819096,0.9884519687386849,-0.15066109701239258,0.016246210131608957,525.3336346186231,436.3968421471022,163.77365378307064,530.184692021509,442.7626753771245,167.82740208386824,4.8510574028858855,6.365833230022304,4.053748300797594
Part__Feature096,全倾转无人机总体装配模型096,1,11.999999999999984,-307.4395934275635,223.97010688831188,319.5898821998348,0.39672379095391685,-0.7698118170637293,-0.5000000000001923,-304.9895978554263,164.77878640269174,275.7270146059329,-279.66535016323115,204.7793316346931,312.3347549780453,25.324247692195172,40.00054523200137,36.6077403721124
Part__Feature096,全倾转无人机总体装配模型096,2,11.999999999999984,-307.4395934275635,223.97010688831188,319.5898821998348,0.39672379095391685,-0.7698118170637293,-0.5000000000001923,-295.191447637628,165.50053319483087,276.40388392465076,-269.86719994543284,205.5010784268322,313.0116242967631,25.324247692195172,40.00054523200134,36.607740372112346
Part__Feature097,全倾转无人机总体装配模型097,1,0.5000000000000104,-191.99834706211027,324.4398392461019,193.61863453455967,-0.4688966201033054,-0.6382234659020726,0.6105790425715925,-272.112809300282,214.65439692432773,268.89220990135334,-249.31024104639653,245.89072076733277,298.7513988142313,22.802568253885454,31.23632384300504,29.859188912877983
Part__Feature097,全倾转无人机总体装配模型097,2,4.600000000000009,-310.16221686620906,355.7838034666361,243.43183004555564,0.988451968738685,-0.15066109701239205,0.01624621013160799,-243.49288532022948,339.7305341930878,239.9396720614672,-233.99558083581567,349.81684769066356,246.15512370201307,9.497304484413803,10.086313497575759,6.215451640545865
Part__Feature097,全倾转无人机总体装配模型097,3,7.9999999999999725,-196.84159871791974,309.88913344146096,270.64213133582575,-0.06945238697174619,-0.3551356349622907,0.9322312195608221,-197.4680017315306,294.8879970941484,273.37440040127376,-189.21800701098158,315.44395151406746,296.4071774793687,8.249994720549012,20.55595441991909,23.032777078094966
Part__Feature097,全倾转无人机总体装配模型097,4,7.9999999999999725,-196.84159871791974,309.88913344146096,270.64213133582575,-0.06945238697174619,-0.3551356349622907,0.9322312195608221,-206.52613483203353,296.6289802660446,273.2413733350872,-196.12130544144335,315.5413729303118,296.40425844805884,10.40482939059018,18.912392664267202,23.16288511297165
Part__Feature097,全倾转无人机总体装配模型097,8,4.600000000000009,-310.16221686620906,355.7838034666361,243.43183004555564,0.988451968738685,-0.15066109701239205,0.01624621013160799,-248.04791522190058,339.9769128821733,242.98132377959297,-233.97847134866714,350.7601176377958,249.27192316591808,14.069443873233439,10.783204755622535,6.290599386325113
Part__Feature097,全倾转无人机总体装配模型097,10,0.5000000000000104,-191.99834706211027,324.4398392461019,193.61863453455967,-0.4688966201033054,-0.6382234659020726,0.6105790425715925,-272.27571528426563,214.5179966342101,269.9298225001781,-250.36549577513978,244.1637805508594,298.480192393331,21.910219509125852,29.645783916649293,28.55036989315289
Part__Feature097,全倾转无人机总体装配模型097,22,20.0,-291.79574525928365,181.33185355911112,276.1035845888239,0.0333679008274444,0.32098239091102676,0.946497167412249,-288.26454108989867,183.84891060336872,285.96494222505453,-271.142358470675,206.42473785279873,295.2780654800969,17.12218261922368,22.575827249430006,9.313123255042399
Part__Feature098,全倾转无人机总体装配模型098,1,27.500000000000018,-347.3817880756622,301.8702262663755,370.0787285396965,0.39672379095392124,-0.7698118170637229,-0.5000000000001986,-283.45139952215624,206.89230078850568,295.78932504447016,-269.57258984998094,234.32545149665353,324.8567711984289,13.878809672175294,27.43315070814785,29.067446153958713
Part__Feature100,全倾转无人机总体装配模型100,1,1.9999999999999716,293.2677362959439,151.46377076346658,263.78354232038527,0.9883478650465308,-0.15147598604963106,0.014950695912122036,292.9633122649742,149.13845411985753,262.1318106892759,295.3945459859594,150.3455791565852,264.8168949875223,2.431233720985176,1.2071250367276605,2.6850842982464087
Part__Feature100,全倾转无人机总体装配模型100,2,0.8000000000000161,294.43885949267644,160.40930361851807,276.9973953692605,0.9883478650465308,-0.15147598604963106,0.014950695912122036,294.3170898802885,159.27014010032593,276.3367027168167,296.7706157421201,160.85658026127066,277.83169255553827,2.453525861831622,1.5864401609447327,1.4949898387215512
Part__Feature100,全倾转无人机总体装配模型100,4,0.8000000000000161,294.43885949267644,160.40930361851807,276.9973953692605,0.9883478650465308,-0.15147598604963106,0.014950695912122036,294.38030333283973,159.61363220785134,276.19748478358065,296.83382919467135,161.20007236879604,277.6924746223022,2.453525861831622,1.5864401609447043,1.4949898387215512
Part__Feature100,全倾转无人机总体装配模型100,6,1.9999999999999716,293.2677362959439,151.46377076346658,263.78354232038527,0.9883478650465308,-0.15147598604963106,0.014950695912122036,293.1213458963523,149.99718438867095,261.7837658561856,295.79599457995863,153.00467103114454,262.5687004860941,2.6746486836063355,3.0074866424735944,0.7849346299084914
Part__Feature103,全倾转无人机总体装配模型103,3,3.000000000000004,298.50597998069037,150.66094803740359,263.86278100871954,-0.9883478650465309,0.1514759860496296,-0.01495069591212273,295.3919794117841,149.41986305854059,260.8182642246836,298.9626160271451,154.08075880909485,266.5899626849573,3.570636615360968,4.6608957505542605,5.771698460273683
Part__Feature104,全倾转无人机总体装配模型104,1,3.1999999999999846,286.1883546694861,92.76320382971565,290.8836492840719,-0.9884567354133468,0.15065733120511646,-0.01598908284239414,282.7381735620744,89.59972848541538,287.63609110292316,286.6626631531325,96.22252139776789,291.3257152273978,3.924489591058091,6.622792912352509,3.6896241244746193
Part__Feature104,全倾转无人机总体装配模型104,4,1.99999999999999,285.9041372707123,102.05914000531443,302.23123808516004,0.9884567354133468,-0.15065733120511646,0.01598908284239414,284.12500936531274,99.95356302448332,302.8230948604782,287.46026873694115,102.96641530731004,304.2549660423121,3.3352593716284105,3.012852282826728,1.4318711818339125
Part__Feature104,全倾转无人机总体装配模型104,5,3.1999999999999846,286.1883546694861,92.76320382971565,290.8836492840719,-0.9884567354133468,0.15065733120511646,-0.01598908284239414,282.73845516193853,89.63114235874606,291.2777479788702,285.714046185841,90.2078302488956,291.8689939234038,2.9755910239024956,0.5766878901495431,0.5912459445336253
Part__Feature107,全倾转无人机总体装配模型107,2,44.000000000000036,496.62104311584966,489.0249099305059,1005.3233636547518,0.14781504892178848,0.9350248865959715,0.32230292080345796,448.0786705385495,451.3877894496185,952.7130545335049,538.6499525310973,495.2762732043164,1005.0931282669106,90.57128199254777,43.888483754697916,52.380073733405766
Part__Feature107,全倾转无人机总体装配模型107,7,44.000000000000036,496.62104311584966,489.0249099305059,1005.3233636547518,0.14781504892178848,0.9350248865959715,0.32230292080345796,448.0882715480434,441.6324516464724,991.372270527241,538.6595535405911,485.52093540117033,1043.7523442606466,90.57128199254771,43.888483754697916,52.38007373340565
Part__Feature108,全倾转无人机总体装配模型108,2,40.74015951676787,498.8382688496765,503.0502832294446,1010.1579074668057,-0.14781504892178846,-0.9350248865959722,-0.32230292080345585,455.589338160518,471.5401806304198,965.1457235049761,501.87539450555454,517.4960143042849,1048.7124206702003,46.28605634503651,45.95583367386513,83.56669716522424
Part__Feature108,全倾转无人机总体装配模型108,10,40.74015951676787,498.8382688496765,503.0502832294446,1010.1579074668057,-0.14781504892178846,-0.9350248865959722,-0.32230292080345585,492.8448422153627,469.9040544226845,965.1573358473419,539.1308985603993,515.8598880965499,1048.7240330125662,46.28605634503657,45.95583367386536,83.56669716522435
Part__Feature109,全倾转无人机总体装配模型109,1,1.5000000000000326,431.5722715541308,75.73625519131679,880.3056397963554,0.14781504892178848,0.9350248865959719,0.32230292080345635,430.08874902297305,75.25478160491161,878.8858940452528,432.06576855221437,79.07320299223329,882.6925034387862,1.9770195292413177,3.8184213873216777,3.8066093935333356
Part__Feature109,全倾转无人机总体装配模型109,4,1.5000000000000326,431.5722715541308,75.73625519131679,880.3056397963554,0.14781504892178848,0.9350248865959719,0.32230292080345635,431.52221970281255,75.20438205018824,878.8856849163351,433.4992392320539,79.0228034375099,882.6922943098684,1.9770195292413746,3.8184213873216635,3.8066093935333356
Part__Feature109,全倾转无人机总体装配模型109,5,2.0000000000000018,452.2811651558292,72.08524712799485,896.9132996530328,0.03336790087878032,0.3209823909367673,-0.9464971674017099,452.19241604343404,72.18116762713977,871.4696496280201,455.13230809633046,80.1936635765019,891.0125247949737,2.9398920528964254,8.012495949362133,19.54287516695365
Part__Feature109,全倾转无人机总体装配模型109,9,2.0000000000000018,411.2604084531778,78.3376826542472,897.5875173715281,0.03336790087878032,0.3209823909367673,-0.9464971674017099,409.46840316553215,78.45772370486316,872.1446857439964,411.8390173583583,87.04874349082678,891.751727353806,2.3706141928261673,8.591019785963624,19.607041609809585
Part__Feature111,全倾转无人机总体装配模型111,12,4.0000000000000036,461.60252983903683,450.29212758015603,1018.9514706136133,0.14781504892178868,0.935024886595972,0.3223029208034561,398.52045018723413,74.99824337802009,890.0952871325676,461.4690601556634,450.89478411435493,1022.7380211471018,62.94860996842925,375.8965407363348,132.6427340145342
Part__Feature111,全倾转无人机总体装配模型111,14,4.0000000000000036,518.932744025875,441.5537839531045,1018.0091904287283,0.14781504892178868,0.935024886595972,0.3223029208034561,459.6732528536443,66.12550093837297,889.0230372670089,522.886553820971,440.95115171115833,1021.7951832851028,63.21330096732669,374.82565077278537,132.77214601809385
Part__Feature111,全倾转无人机总体装配模型111,20,4.000000000000005,456.9414722535801,68.95875977858039,886.2972692353934,0.14781504892178868,0.935024886595972,0.3223029208034561,456.80800065006497,67.54043140223754,886.2322843950565,518.9865943547975,435.82089582272505,1016.7483057807585,62.17859370473252,368.28046442048753,130.51602138570206
Part__Feature115,全倾转无人机总体装配模型115,2,3.750000000000028,434.093412749901,365.4017611227073,932.668872949332,0.9884519687385893,-0.15066109701812933,-0.01624621008422314,434.13737846857305,360.94126012065914,928.8381368178367,439.1608022218894,366.5121297275798,936.2081748690872,5.023423753316365,5.570869606920667,7.3700380512505035
Part__Feature115,全倾转无人机总体装配模型115,3,3.750000000000028,420.60528953578773,280.08074022082485,903.2587314260163,0.9884519687385893,-0.15066109701812933,-0.01624621008422314,420.64925525445983,275.6202392187767,899.427995294521,425.6726790077762,281.19110882569737,906.7980333457715,5.023423753316365,5.570869606920667,7.3700380512505035
Part__Feature115,全倾转无人机总体装配模型115,4,3.750000000000019,407.1171663216746,194.75971931894247,873.8485899027008,0.9884519687385893,-0.15066109701812933,-0.01624621008422314,407.1611320403466,190.29921831689435,870.0178537712054,412.18455579366304,195.87008792381508,877.387891822456,5.023423753316422,5.5708696069207235,7.370038051250617
Part__Feature115,全倾转无人机总体装配模型115,5,3.750000000000028,418.9368944918487,264.0316206739864,950.5835897961018,0.9884519687385893,-0.15066109701812933,-0.01624621008422314,418.3686401068688,259.5711196719383,946.7528536646064,424.0042839638372,265.23530463999936,954.1329541738583,5.635643856968443,5.664184968061079,7.380100509251861
Part__Feature115,全倾转无人机总体装配模型115,6,3.750000000000019,405.4487712777355,178.71059977210402,921.1734482727862,0.9884519687385893,-0.15066109701812933,-0.01624621008422314,404.8805168927555,174.2500987700559,917.3427121412908,410.5161607497239,179.91428373811706,924.7228126505427,5.635643856968386,5.664184968061164,7.380100509251861
Part__Feature115,全倾转无人机总体装配模型115,7,3.7500000000000235,391.9606480636223,93.38957887022164,891.7633067494706,0.9884519687385893,-0.15066109701812933,-0.01624621008422314,391.39239367864235,88.92907786817351,887.9325706179752,397.02803753561074,94.59326283623453,895.3126711272271,5.635643856968386,5.664184968061022,7.380100509251861
Part__Feature115,全倾转无人机总体装配模型115,8,3.750000000000028,418.9368944918487,264.0316206739864,950.5835897961018,0.9884519687385893,-0.15066109701812933,-0.01624621008422314,496.4563456372174,247.66889300750606,945.4694030679527,502.0919894941857,253.3330779755671,952.8495035772046,5.635643856968329,5.6641849680610505,7.380100509251861
Part__Feature115,全倾转无人机总体装配模型115,9,3.750000000000019,405.4487712777355,178.71059977210402,921.1734482727862,0.9884519687385893,-0.15066109701812933,-0.01624621008422314,482.9682224231041,162.34787210562368,916.0592615446371,488.6038662800724,168.01205707368467,923.439362053889,5.635643856968272,5.664184968060994,7.380100509251861
Part__Feature115,全倾转无人机总体装配模型115,10,3.750000000000028,434.093412749901,365.4017611227073,932.668872949332,0.9884519687385893,-0.15066109701812933,-0.01624621008422314,511.61286389526964,349.13234881736736,927.5647486791843,516.636287648586,354.70321842428797,934.9347867304348,5.023423753316308,5.57086960692061,7.3700380512505035
Part__Feature115,全倾转无人机总体装配模型115,11,3.750000000000028,432.4250177059619,349.3526415758688,979.9937313194174,0.9884519687385893,-0.15066109701812933,-0.01624621008422314,509.94446885133067,332.9899139093884,974.8795445912683,515.5801127082989,338.6540988774495,982.2596451005202,5.6356438569682155,5.664184968061079,7.380100509251861
Part__Feature115,全倾转无人机总体装配模型115,12,3.750000000000028,445.91314092007514,434.6736624777512,1009.403872842733,0.9884519687385893,-0.15066109701812933,-0.01624621008422314,445.3448865350952,430.21316147570303,1005.5731367112376,450.9805303920636,435.8773464437641,1012.9532372204894,5.635643856968386,5.664184968061079,7.380100509251861
Part__Feature115,全倾转无人机总体装配模型115,13,3.750000000000028,432.4250177059619,349.3526415758688,979.9937313194174,0.9884519687385893,-0.15066109701812933,-0.01624621008422314,431.85676332098205,344.89214057382065,976.162995187922,437.4924071779505,350.5563255418817,983.5430956971738,5.635643856968443,5.664184968061022,7.380100509251861
Part__Feature115,全倾转无人机总体装配模型115,15,24.99999999999998,416.5961244850985,76.39187203385677,886.3391696022474,0.1478150489217885,0.9350248865959714,0.3223029208034583,391.8707489658035,68.36731226043749,886.7453248543528,474.29668633615734,450.4282545513148,1037.637040907422,82.42593737035384,382.06094229087734,150.89171605306922
Part__Feature115,全倾转无人机总体装配模型115,17,3.750000000000028,432.4250177059619,349.3526415758688,979.9937313194174,0.9884519687385893,-0.15066109701812933,-0.01624621008422314,432.2998880776665,347.39565212476526,976.3631358912397,437.9355319346349,353.0598370928263,983.7432364004917,5.635643856968443,5.664184968061022,7.3801005092519745
Part__Feature115,全倾转无人机总体装配模型115,18,3.750000000000028,445.91314092007514,434.6736624777512,1009.403872842733,0.9884519687385893,-0.15066109701812933,-0.01624621008422314,445.7880112917797,432.71667302664764,1005.7732774145554,451.423655148748,438.38085799470866,1013.1533779238073,5.635643856968329,5.664184968061022,7.380100509251861
Part__Feature115,全倾转无人机总体装配模型115,20,3.750000000000028,432.4250177059619,349.3526415758688,979.9937313194174,0.9884519687385893,-0.15066109701812933,-0.01624621008422314,510.3875936080151,335.49342546033296,975.0796852945862,516.0232374649834,341.15761042839404,982.459785803838,5.635643856968272,5.664184968061079,7.380100509251861
Part__Feature115,全倾转无人机总体装配模型115,22,3.000000000000022,474.47786928595787,439.89317462997496,1037.0093611788614,-0.9884519687385894,0.15066109701812924,0.016246210084223472,474.3777655833215,434.4103945466207,1037.4888836387452,504.57487349488093,442.6982492897629,1040.0089652437207,30.197107911559442,8.28785474314219,2.5200816049755304
Part__Feature115,全倾转无人机总体装配模型115,25,3.000000000000005,452.89056769247367,464.0519139783633,976.8234515071733,0.03336790087878103,0.32098239093676906,-0.9464971674017091,448.59049575110663,451.66460163194694,976.8721901374258,453.33401283923905,466.8931694653579,1015.6514745618734,4.743517088132421,15.228567833410978,38.77928442444761
Part__Feature115,全倾转无人机总体装配模型115,27,2.99999999999995,529.9898212540837,452.30034841094925,975.5562471206039,-0.03336790087878103,-0.32098239093676906,0.9464971674017091,529.0985503656977,439.0090694824241,975.507508490351,532.9881506637247,455.1054230707372,1014.3830425790827,3.8896002980269486,16.096353588313093,38.87553408873168
Part__Feature115,全倾转无人机总体装配模型115,29,2.9999999999999862,477.4142445632906,468.1396250324106,953.7176104475109,0.9884519687385894,-0.15066109701812924,-0.016246210084223472,477.5143482659269,464.5827392946771,950.3907326427791,507.5224071334322,471.10538144597655,954.6845192099214,30.00805886750527,6.522642151299465,4.29378656714232
Part__Feature115,全倾转无人机总体装配模型115,31,3.750000000000028,434.093412749901,365.4017611227073,932.668872949332,0.9884519687385893,-0.15066109701812933,-0.01624621008422314,512.0559886519541,351.6358603683119,927.7648893825021,517.0794124052704,357.2067299752326,935.1349274337526,5.023423753316365,5.570869606920667,7.3700380512505035
Part__Feature115,全倾转无人机总体装配模型115,32,26.999999999999982,447.58439958240746,84.71133476078369,847.9918966036523,0.1478150489217885,0.9350248865959714,0.3223029208034583,448.48533290613454,80.64348514129414,822.4327087632867,532.9703795651961,464.5827392946772,975.5075084903514,84.4850466590616,383.93925415338305,153.07479972706471
Part__Feature115,全倾转无人机总体装配模型115,33,3.750000000000019,405.4487712777355,178.71059977210402,921.1734482727862,0.9884519687385893,-0.15066109701812933,-0.01624621008422314,483.41134717978855,164.85138365656823,916.259402247955,489.0469910367568,170.51556862462928,923.6395027572069,5.635643856968272,5.6641849680610505,7.380100509251861
Part__Feature115,全倾转无人机总体装配模型115,35,3.750000000000028,418.9368944918487,264.0316206739864,950.5835897961018,0.9884519687385893,-0.15066109701812933,-0.01624621008422314,496.8994703939018,250.17240455845064,945.6695437712706,502.5351142508701,255.8365895265117,953.0496442805224,5.635643856968272,5.6641849680610505,7.380100509251861
Part__Feature115,全倾转无人机总体装配模型115,36,26.999999999999982,446.24968354725627,71.87203912331292,885.8517832997208,0.1478150489217885,0.9350248865959714,0.3223029208034583,445.3487502235292,62.29832258299931,885.4131356274466,531.6204611251483,439.0090694824241,1039.3614663785397,86.27171090161909,376.71074689942475,153.94833075109307
Part__Feature115,全倾转无人机总体装配模型115,38,3.7500000000000235,391.9606480636223,93.38957887022164,891.7633067494706,0.9884519687385893,-0.15066109701812933,-0.01624621008422314,391.8355184353268,91.43258941911812,888.1327113212931,397.47116229229516,97.09677438717914,895.5128118305449,5.635643856968386,5.664184968061022,7.380100509251861
Part__Feature115,全倾转无人机总体装配模型115,39,3.750000000000019,405.4487712777355,178.71059977210402,921.1734482727862,0.9884519687385893,-0.15066109701812933,-0.01624621008422314,405.32364164944,176.75361032100048,917.5428528446087,410.9592855064083,182.4177952890615,924.9229533538605,5.635643856968329,5.664184968061022,7.380100509251861
Part__Feature115,全倾转无人机总体装配模型115,40,26.999999999999982,416.5961244850985,76.39187203385677,886.3391696022474,0.1478150489217885,0.9350248865959714,0.3223029208034583,389.8927189242599,67.72534747856399,886.7778172745213,474.37776558332166,451.66460163194705,1039.8526170015862,84.48504665906177,383.93925415338305,153.07479972706483
Part__Feature115,全倾转无人机总体装配模型115,41,3.750000000000028,418.9368944918487,264.0316206739864,950.5835897961018,0.9884519687385893,-0.15066109701812933,-0.01624621008422314,418.8117648635532,262.0746312228829,946.9529943679242,424.44740872052165,267.7388161909439,954.3330948771761,5.635643856968443,5.664184968061022,7.380100509251861
Part__Feature115,全倾转无人机总体装配模型115,43,3.750000000000019,407.1171663216746,194.75971931894247,873.8485899027008,0.9884519687385893,-0.15066109701812933,-0.01624621008422314,407.60425679703104,192.80272986783893,870.2179944745233,412.6276805503475,198.3735994747596,877.5880325257739,5.023423753316479,5.570869606920667,7.370038051250617
Part__Feature115,全倾转无人机总体装配模型115,45,3.750000000000028,420.60528953578773,280.08074022082485,903.2587314260163,0.9884519687385893,-0.15066109701812933,-0.01624621008422314,421.09238001114426,278.1237507697213,899.6281359978387,426.1158037644606,283.694620376642,906.9981740490894,5.023423753316365,5.570869606920667,7.370038051250617
Part__Feature115,全倾转无人机总体装配模型115,47,3.750000000000028,434.093412749901,365.4017611227073,932.668872949332,0.9884519687385893,-0.15066109701812933,-0.01624621008422314,434.58050322525736,363.44477167160375,929.0382775211544,439.60392697857384,369.0156412785244,936.4083155724051,5.023423753316479,5.570869606920667,7.370038051250617
Part__Feature115,全倾转无人机总体装配模型115,48,26.999999999999982,417.93084052024983,89.23116767132755,848.479282906179,0.1478150489217885,0.9350248865959714,0.3223029208034583,391.24263736430794,93.299017290817,822.9238593863329,477.51434826592697,470.00976419024187,976.8721901374261,86.27171090161903,376.71074689942486,153.94833075109318
Part__Feature115,全倾转无人机总体装配模型115,50,24.99999999999998,447.58439958240746,84.71133476078369,847.9918966036523,0.1478150489217885,0.9350248865959714,0.3223029208034583,448.41859710437694,80.94480733533041,824.325981936647,530.8445344747308,463.0057496262077,975.2176979897163,82.42593737035389,382.0609422908773,150.89171605306922
Part__Feature115,全倾转无人机总体装配模型115,52,24.99999999999998,446.24968354725627,71.87203912331292,885.8517832997208,0.1478150489217885,0.9350248865959714,0.3223029208034583,445.4154860252866,63.00748677117069,885.4456280476151,529.4957421387492,438.3753667898644,1037.146169122933,84.08025611346255,375.3678800186937,151.70054107531803
Part__Feature120,全倾转无人机总体装配模型120,1,3.0000000000000173,450.54689187023,450.2707987335352,962.0302758423949,-0.9884519687385894,0.15066109701812927,0.016246210084223053,448.12734191283784,447.17204411112453,958.998179357367,452.97839931569115,453.5378773411374,963.0519276580771,4.851057402853314,6.365833230012868,4.05374830071014
Part__Feature120,全倾转无人机总体装配模型120,2,3.0000000000000173,450.54689187023,450.2707987335352,962.0302758423949,-0.9884519687385894,0.15066109701812927,0.016246210084223053,448.11538442476893,447.0037201259329,961.0086240267125,452.96644182762225,453.36955335594575,965.0623723274228,4.851057402853314,6.365833230012868,4.053748300710367
Part__Feature121,全倾转无人机总体装配模型121,12,4.999999999999992,514.706241415541,77.46785669002314,813.4008787971122,-0.9884519687385896,0.15066109701812763,0.016246210084223472,464.5445677340024,72.79273225704323,808.4015386890133,514.7249725027073,85.6582818917381,812.6016746973063,50.180404768704875,12.865549634694872,4.200136008293043
Part__Feature121,全倾转无人机总体装配模型121,14,4.999999999999992,514.6401071307957,76.83167819867911,815.2768108015495,-0.9884519687385896,0.15066109701812763,0.016246210084223472,464.4598361805597,71.88875084273585,813.6652961975324,514.4449837514726,82.58131354562647,820.7561698098732,49.985147570912886,10.692562702890626,7.090873612340829
Part__Feature123,全倾转无人机总体装配模型123,4,5.999999999999992,281.250239278137,111.76638146851305,817.8635629453756,-0.9884519687385896,0.15066109701812763,0.016246210084223472,201.26487476308196,105.8348686413811,815.9297454205552,280.9836059828802,121.47507291145308,824.6799299711989,79.71873121979823,15.640204270071976,8.75018455064378
Part__Feature123,全倾转无人机总体装配模型123,6,5.999999999999992,281.37673213091705,112.98317896708112,814.2755300245193,-0.9884519687385896,0.15066109701812763,0.016246210084223472,201.41368433829908,107.37302964750519,808.2763218948005,281.4408268178302,126.09341080908912,813.6414093064367,80.02714247953114,18.72038116158393,5.365087411636182
Part__Feature124,全倾转无人机总体装配模型124,1,4.500000000000003,302.00410877683976,170.75226150332495,834.580349823979,-0.9884519687385899,0.1506610970181264,0.016246210084223413,294.86123681322573,168.23532421730272,830.864036325938,302.68601403881564,176.24045769309896,839.1918547708492,7.824777225589912,8.005133475796242,8.327818444911259
Part__Feature124,全倾转无人机总体装配模型124,2,1.9999999999999727,295.09183827231203,152.98776245211224,861.9080480426672,-0.9884519687385898,0.1506610970181264,0.016246210084223413,292.5153297388907,151.01059150973495,860.9090970091423,294.94848121483756,152.21564418146636,863.5971092138792,2.433151475946829,1.2050526717314085,2.6880122047368786
Part__Feature124,全倾转无人机总体装配模型124,3,1.9999999999999727,295.09183827231203,152.98776245211224,861.9080480426672,-0.9884519687385898,0.1506610970181264,0.016246210084223413,292.6750416867388,151.86912365832458,863.1572558774071,295.3472303498146,154.87514464080778,863.9451503691005,2.672188663075815,3.006020982483193,0.7878944916933506
Part__Feature124,全倾转无人机总体装配模型124,6,4.500000000000003,302.00410877683976,170.75226150332495,834.580349823979,-0.9884519687385899,0.1506610970181264,0.016246210084223413,294.50188493056766,166.303626882976,830.0809437266898,302.32666215615757,174.30876035877225,838.4087621716011,7.824777225589912,8.005133475796242,8.327818444911259
Part__Feature125,全倾转无人机总体装配模型125,1,3.199999999999957,283.47909027832793,94.9798128177403,834.8800650760377,0.988343360381517,-0.1514797815771751,-0.015207819143523694,282.9924641630054,91.36230033317757,834.6695567106075,286.92736299861065,98.06079284743488,838.0796950102184,3.9348988356052246,6.69849251425731,3.410138299610935
Part__Feature125,全倾转无人机总体装配模型125,3,5.000090591137729,289.0326134428546,113.21753408816514,816.8723359241328,-0.988343360381517,0.1514797815771751,0.015207819143523694,286.50099075100354,115.60651007807203,818.0696234546325,289.78607128959976,118.46777469671868,821.2889841669124,3.285080538596219,2.8612646186466435,3.219360712279922
Part__Feature125,全倾转无人机总体装配模型125,6,3.199999999999957,283.47909027832793,94.9798128177403,834.8800650760377,0.988343360381517,-0.1514797815771751,-0.015207819143523694,282.9919182385152,91.36689156060116,834.1174767600925,285.9608777203438,91.89883278804574,834.7151801680383,2.9689594818285627,0.5319412274445767,0.5977034079458008
Part__Feature126,全倾转无人机总体装配模型126,3,3.0000000000000138,289.85304283799803,153.78626626631268,861.9941529561064,0.9884519687385895,-0.15066109701812785,-0.01624621008422273,289.7085971659539,152.0925356159683,859.2182914933572,293.2730022521977,156.75202267987865,864.9937570209659,3.5644050862438235,4.659487063910348,5.775465527608617
Part__Feature127,全倾转无人机总体装配模型127,1,2.000000000000002,289.8530428379985,153.78626626630876,861.9941529561128,-0.9884519687385896,0.15066109701812763,0.016246210084223472,288.37127037766857,151.91621649311676,859.9944169128731,290.15611184332107,155.94423052510783,862.6582542498207,1.7848414656525051,4.028014031991063,2.6638373369476085
Part__Feature127,全倾转无人机总体装配模型127,2,2.000000000000002,289.8530428379985,153.78626626630876,861.9941529561128,-0.9884519687385896,0.15066109701812763,0.016246210084223472,288.36383147018955,151.80909532393144,861.3495471145059,290.14867293584206,155.83710935592248,864.0133844514535,1.7848414656525051,4.0280140319910345,2.6638373369476085
Part__Feature130,全倾转无人机总体装配模型130,1,11.99999999999996,-307.4395934268958,223.97010688662348,804.6035407605597,0.3967237909230402,-0.7698118170799011,0.4999999999997928,-295.1914476375464,165.50053319233405,811.1817986636149,-269.8671999466724,205.50107842436114,847.7895390359698,25.324247690874017,40.00054523202709,36.6077403723549
Part__Feature130,全倾转无人机总体装配模型130,2,11.99999999999996,-307.4395934268958,223.97010688662348,804.6035407605597,0.3967237909230402,-0.7698118170799011,0.4999999999997928,-304.98959785596674,164.77878640015564,811.8586679820821,-279.6653501650937,204.7793316321824,848.466408354437,25.32424769087305,40.00054523202675,36.6077403723549
Part__Feature131,全倾转无人机总体装配模型131,1,7.999999999999969,-196.8415987192651,309.8891334377437,853.5512916326852,-0.06945238692538722,-0.35513563493633465,-0.9322312195741638,-206.5261348322674,296.62898026294283,827.7891645203829,-196.12130544235345,315.54137292680696,850.9520496329073,10.404829389913942,18.912392663864125,23.162885112524464
Part__Feature131,全倾转无人机总体装配模型131,2,0.5000000000000019,-191.9983470673783,324.43983924024553,930.5747884346019,-0.4688966200754782,-0.6382234658824248,-0.6105790426134999,-272.27571528477324,214.51799663171792,825.7132305686538,-250.36549577691878,244.1637805474628,854.2636004637257,21.910219507854464,29.645783915744886,28.550369895071867
Part__Feature131,全倾转无人机总体装配模型131,3,4.599999999999982,-310.16221686868516,355.7838034628823,880.7615929183065,0.9884519687385896,-0.15066109701812763,-0.016246210084223472,-248.04791522433234,339.9769128780263,874.9214998015592,-233.9784713511477,350.76011763367364,881.2120991874325,14.069443873184639,10.783204755647319,6.290599385873293
Part__Feature131,全倾转无人机总体装配模型131,5,4.599999999999982,-310.16221686868516,355.7838034628823,880.7615929183065,0.9884519687385896,-0.15066109701812763,-0.016246210084223472,-243.49288532271504,339.73053418890004,878.0382992653147,-233.99558083834944,349.81684768647403,884.253750905628,9.4973044843656,10.086313497573997,6.21545164031329
Part__Feature131,全倾转无人机总体装配模型131,8,0.5000000000000019,-191.9983470673783,324.43983924024553,930.5747884346019,-0.4688966200754782,-0.6382234658824248,-0.6105790426134999,-272.11280930075606,214.65439692184273,825.4420241477582,-249.31024104822973,245.89072076390366,855.3012130626621,22.802568252526328,31.236323842060926,29.85918891490394
Part__Feature131,全倾转无人机总体装配模型131,11,27.49999999999995,-347.3817880718757,301.8702262663217,754.1146944207501,0.39672379092305254,-0.7698118170798921,0.499999999999797,-283.4513995220383,206.89230078640037,799.3366517634695,-269.5725898499178,234.3254514944947,828.404097917449,13.878809672120497,27.43315070809433,29.067446153979517
Part__Feature131,全倾转无人机总体装配模型131,15,7.999999999999969,-196.8415987192651,309.8891334377437,853.5512916326852,-0.06945238692538722,-0.35513563493633465,-0.9322312195741638,-197.46800173154182,294.88799709098333,827.7862454890899,-189.2180070120628,315.443951510556,850.8190225672305,8.24999471947902,20.555954419572686,23.03277707814061
Part__Feature133,全倾转无人机总体装配模型133,1,7.499999999999976,-221.3997291049502,120.03029797678504,873.8519093861336,0.1466334660228762,0.9239238063531267,0.35336019398917645,-221.6864344115186,117.16097401406577,866.8357542960329,-212.07456233456523,134.67877109075195,885.4606888895287,9.611872076953375,17.51779707668618,18.624934593495823
Part__Feature133,全倾转无人机总体装配模型133,2,7.499999999999976,-221.3997291049502,120.03029797678504,873.8519093861336,0.1466334660228762,0.9239238063531267,0.35336019398917645,-228.8186608170378,117.39283434540872,866.8368124045978,-219.20678874008442,134.9106314220949,885.4617469980936,9.611872076953375,17.51779707668618,18.624934593495823
Part__Feature138,全倾转无人机总体装配模型138,2,40.74015951676796,-151.83430890105438,605.2230565340739,1037.7303323151361,-0.1466334660228783,-0.9239238063531263,-0.3533601939891761,-195.0667730741063,571.9240533780428,992.7707558466197,-149.76532953142117,620.809285326936,1075.842235990481,45.30144354268512,48.88523194889319,83.07148014386121
Part__Feature138,全倾转无人机总体装配模型138,10,40.74015951676796,-151.83430890105438,605.2230565340739,1037.7303323151361,-0.1466334660228783,-0.9239238063531263,-0.3533601939891761,-156.83595759114525,571.1583516141491,992.5512247600076,-111.53451404846007,620.0435835630423,1075.622704903869,45.30144354268518,48.88523194889319,83.07148014386132
Part__Feature139,全倾转无人机总体装配模型139,2,43.99999999999999,-160.19241646435844,552.5593995719456,1017.5888012577532,-0.1466334660228782,-0.9239238063531263,-0.3533601939891762,-202.2504811817103,549.5173918444293,979.9609600023875,-138.78113129364527,600.8061762359048,1068.5307478445793,63.46934988806504,51.288784391475474,88.56978784219177
Part__Feature139,全倾转无人机总体装配模型139,7,43.99999999999999,-160.19241646435844,552.5593995719456,1017.5888012577532,-0.1466334660228782,-0.9239238063531263,-0.3533601939891762,-175.15182913006504,544.965270387524,982.194703206451,-111.68247924199994,596.2540547789996,1070.7644910486429,63.469349888065096,51.28878439147559,88.56978784219189
Part__Feature140,全倾转无人机总体装配模型140,4,4.0000000000000115,-186.97753500138958,572.0980449427419,991.7663543939982,-0.14663346602287725,-0.9239238063531264,-0.3533601939891764,-264.24807588778253,110.7387861542515,811.344872342591,-187.41115936864452,569.9326558307799,990.4178984583785,76.83691651913801,459.19386967652844,179.07302611578757
Part__Feature140,全倾转无人机总体装配模型140,6,21.50000000000004,-195.08223692782218,122.0551397216341,855.9100064862598,-0.9884519687385896,0.15066109701812724,0.016246210084224035,-263.578058671787,110.29220120322002,835.4363552567402,-256.5328224128573,139.55950120144257,877.0922010322214,7.0452362589297195,29.267299998222555,41.655845775481225
Part__Feature140,全倾转无人机总体装配模型140,9,4.0000000000000115,-186.19113942509358,551.601338053228,1045.0323528234178,-0.14663346602287725,-0.9239238063531264,-0.3533601939891764,-263.4646360163123,88.23278760659741,868.4172406691665,-187.3704831840901,545.7365157968287,1046.3007808468806,76.09415283222219,457.5037281902313,177.88354017771405
Part__Feature140,全倾转无人机总体装配模型140,11,4.0000000000000115,-184.1268612178012,570.5910761991372,994.5236545563598,0.14663346602287725,0.9239238063531264,0.3533601939891764,-261.39740210419416,109.2318174106464,814.1021725049525,-185.00038598312472,565.6539156681156,992.1151180387726,76.39701612106944,456.4220982574692,178.01294553382013
Part__Feature140,全倾转无人机总体装配模型140,13,4.0000000000000115,-189.27117745393673,550.9983358917318,1047.8871302462849,0.14663346602287725,0.9239238063531264,0.3533601939891764,-266.5446740451554,87.62978544510123,871.2720180920336,-189.4240850459805,551.6009922817256,1051.6290842178787,77.12058899917488,463.97120683662433,180.3570661258451
Part__Feature140,全倾转无人机总体装配模型140,17,4.0000000000000036,-208.10837006212554,81.80505783172224,867.50745290445,0.14663346602287725,0.9239238063531264,0.3533601939891764,-208.26127955896206,80.27475171827193,867.4424680641131,-131.8642634378927,536.6968499757411,1045.455413597933,76.39701612106936,456.42209825746914,178.01294553382002
Part__Feature140,全倾转无人机总体装配模型140,19,4.0000000000000115,-132.72735884339454,562.7566991541946,993.6788516319803,0.14663346602287725,0.9239238063531264,0.3533601939891764,-205.89118235799668,100.19215158955875,813.256805256005,-129.79702952577466,557.69587977979,991.1403454337192,76.09415283222202,457.5037281902312,177.88354017771417
Part__Feature140,全倾转无人机总体装配模型140,23,4.0000000000000036,-170.0252772643562,354.4799515798521,902.0884060807566,0.14663346602287725,0.9239238063531264,0.3533601939891764,-215.68968232057517,90.2773416138548,801.6455008556284,-166.76719593887927,376.57493130899655,914.050227851165,48.922486381695904,286.29758969514177,112.40472699553663
Part__Feature140,全倾转无人机总体装配模型140,28,4.0000000000000036,-173.10531529319928,353.876949418356,904.9431835036236,0.14663346602287725,0.9239238063531264,0.3533601939891764,-217.43164297906773,98.1054402831633,807.7248032930362,-169.8472360322747,375.9719161389481,916.9050002988333,47.584406946793024,277.86647585578476,109.18019700579714
Part__Feature142,全倾转无人机总体装配模型142,1,3.750000000000042,-220.05469827296767,445.886218774505,949.9119794113989,0.9884519687385895,-0.15066109701812846,-0.016246210084223885,-220.36428980710508,441.1243955784206,946.0487508597349,-212.99218183851332,447.1655248719001,953.4152765160107,7.372107968591763,6.041129293479514,7.366525656275826
Part__Feature142,全倾转无人机总体装配模型142,2,3.7499999999999285,-254.14697912328688,231.0739337974031,867.7557343089154,0.9884519687385895,-0.15066109701812846,-0.016246210084223885,-254.45657065742424,226.31211060131878,863.8925057572516,-247.0844626888325,232.3532398947981,871.2590314135272,7.372107968591735,6.041129293479315,7.3665256562755985
Part__Feature142,全倾转无人机总体装配模型142,3,3.7499999999999383,-237.1008386981273,338.480076285954,908.8338568601572,0.9884519687385895,-0.15066109701812846,-0.016246210084223885,-237.4104302322647,333.71825308986973,904.9706283084934,-230.03832226367288,339.759382383349,912.337153964769,7.37210796859182,6.041129293479287,7.3665256562755985
Part__Feature142,全倾转无人机总体装配模型142,4,3.7499999999999383,-239.01220740858327,320.8969854101121,955.6011700703959,0.9884519687385895,-0.15066109701812846,-0.016246210084223885,-239.58046179356313,316.13516221402784,951.7379415187322,-231.9496909741289,322.2157172258003,959.1087185611638,7.630770819434218,6.0805550117724465,7.370777042431541
Part__Feature142,全倾转无人机总体装配模型142,5,3.7499999999999285,-256.0583478337428,213.4908429215613,914.5230475191543,0.9884519687385895,-0.15066109701812846,-0.016246210084223885,-256.6266022187227,208.729019725477,910.6598189674905,-248.9958313992885,214.80957473724942,918.0305960099221,7.630770819434218,6.080555011772418,7.370777042431541
Part__Feature142,全倾转无人机总体装配模型142,6,3.7499999999999334,-273.10448825890245,106.08470043301033,873.4449249679125,0.9884519687385895,-0.15066109701812846,-0.016246210084223885,-273.6727426438823,101.32287723692603,869.5816964162487,-266.04197182444807,107.40343224869845,876.9524734586803,7.630770819434247,6.080555011772418,7.370777042431541
Part__Feature142,全倾转无人机总体装配模型142,7,3.7499999999999383,-239.01220740858327,320.8969854101121,955.6011700703959,0.9884519687385895,-0.15066109701812846,-0.016246210084223885,-163.46966020069175,304.53425774363194,950.486983342247,-155.83888938125747,310.61481275540433,957.8577603846785,7.630770819434275,6.08055501177239,7.370777042431541
Part__Feature142,全倾转无人机总体装配模型142,8,3.7499999999999285,-256.0583478337428,213.4908429215613,914.5230475191543,0.9884519687385895,-0.15066109701812846,-0.016246210084223885,-180.51580062585123,197.1281152550811,909.4088607910053,-172.885029806417,203.20867026685355,916.7796378334368,7.630770819434218,6.0805550117724465,7.370777042431541
Part__Feature142,全倾转无人机总体装配模型142,9,3.7499999999999334,-273.10448825890245,106.08470043301033,873.4449249679125,0.9884519687385895,-0.15066109701812846,-0.016246210084223885,-197.56194105101088,89.72197276653013,868.3307382397635,-189.93117023157666,95.80252777830259,875.701515282195,7.630770819434218,6.080555011772461,7.370777042431541
Part__Feature142,全倾转无人机总体装配模型142,10,3.750000000000042,-220.05469827296767,445.886218774505,949.9119794113989,0.9884519687385895,-0.15066109701812846,-0.016246210084223885,-144.51215106507613,429.5629168263178,944.8020440694057,-137.1400430964844,435.6040461197973,952.1685697256816,7.372107968591735,6.041129293479514,7.366525656275826
Part__Feature142,全倾转无人机总体装配模型142,11,3.7499999999999285,-254.14697912328688,231.0739337974031,867.7557343089154,0.9884519687385895,-0.15066109701812846,-0.016246210084223885,-178.6044319153953,214.750631849216,862.6457989669224,-171.23232394680355,220.79176114269532,870.0123246231981,7.372107968591763,6.041129293479315,7.366525656275712
Part__Feature142,全倾转无人机总体装配模型142,12,3.7500000000000226,-203.00855784780808,553.2923612630559,990.9901019626406,0.9884519687385895,-0.15066109701812846,-0.016246210084223885,-127.46601063991649,536.9690593148688,985.8801666206474,-120.09390267132473,543.0101886083482,993.2466922769232,7.372107968591763,6.041129293479457,7.366525656275826
Part__Feature142,全倾转无人机总体装配模型142,13,3.7499999999999383,-237.1008386981273,338.480076285954,908.8338568601572,0.9884519687385895,-0.15066109701812846,-0.016246210084223885,-161.55829149023577,322.15677433776693,903.7239215181642,-154.18618352164395,328.1979036312462,911.0904471744399,7.37210796859182,6.041129293479287,7.366525656275712
Part__Feature142,全倾转无人机总体装配模型142,14,3.7499999999999187,-204.91992655826402,535.709270387214,1037.7574151728795,0.9884519687385895,-0.15066109701812846,-0.016246210084223885,-129.37737935037237,519.3465427207337,1032.6432284447305,-121.74660853093819,525.4270977325064,1040.0140054871622,7.630770819434176,6.080555011772617,7.370777042431655
Part__Feature142,全倾转无人机总体装配模型142,15,3.750000000000042,-221.96606698342364,428.3031278986631,996.6792926216377,0.9884519687385895,-0.15066109701812846,-0.016246210084223885,-146.4235197755321,411.9404002321828,991.5651058934886,-138.7927489560978,418.02095524395537,998.9358829359204,7.630770819434304,6.08055501177256,7.370777042431769
Part__Feature142,全倾转无人机总体装配模型142,16,3.7499999999999187,-204.91992655826402,535.709270387214,1037.7574151728795,0.9884519687385895,-0.15066109701812846,-0.016246210084223885,-205.48818094324386,530.9474471911296,1033.8941866212158,-197.85741012380967,537.0280022029021,1041.2649636636474,7.63077081943419,6.080555011772503,7.370777042431655
Part__Feature142,全倾转无人机总体装配模型142,17,3.750000000000042,-221.96606698342364,428.3031278986631,996.6792926216377,0.9884519687385895,-0.15066109701812846,-0.016246210084223885,-222.5343213684035,423.5413047025787,992.8160640699739,-214.9035505489692,429.6218597143513,1000.1868411124057,7.630770819434304,6.08055501177256,7.370777042431769
Part__Feature142,全倾转无人机总体装配模型142,18,3.750000000000042,-221.96606698342364,428.3031278986631,996.6792926216377,0.9884519687385895,-0.15066109701812846,-0.016246210084223885,-222.1094196367078,425.9297684038481,993.0580206602802,-214.47864881727355,432.0103234156206,1000.428797702712,7.630770819434247,6.080555011772503,7.370777042431769
Part__Feature142,全倾转无人机总体装配模型142,19,3.7499999999999187,-204.91992655826402,535.709270387214,1037.7574151728795,0.9884519687385895,-0.15066109701812846,-0.016246210084223885,-205.0632792115482,533.3359108923989,1034.136143211522,-197.43250839211402,539.4164659041714,1041.5069202539537,7.63077081943419,6.080555011772503,7.370777042431655
Part__Feature142,全倾转无人机总体装配模型142,20,3.750000000000042,-221.96606698342364,428.3031278986631,996.6792926216377,0.9884519687385895,-0.15066109701812846,-0.016246210084223885,-145.99861804383644,414.328863933452,991.807062483795,-138.36784722440217,420.4094189452247,999.1778395262268,7.630770819434275,6.080555011772674,7.370777042431769
Part__Feature142,全倾转无人机总体装配模型142,21,3.7499999999999187,-204.91992655826402,535.709270387214,1037.7574151728795,0.9884519687385895,-0.15066109701812846,-0.016246210084223885,-128.95247761867674,521.7350064220029,1032.8851850350368,-121.32170679924252,527.8155614337755,1040.2559620774684,7.630770819434218,6.080555011772617,7.370777042431655
Part__Feature142,全倾转无人机总体装配模型142,23,3.0000000000000235,-176.41420955940634,540.7113202054687,1063.7891956728133,-0.9884519687385895,0.15066109701812835,0.01624621008422421,-176.5288916820337,535.1365018423743,1064.3618899522542,-146.32075009918,543.4830916245281,1066.7887997376727,30.2081415828537,8.346589782153842,2.426909785418502
Part__Feature142,全倾转无人机总体装配模型142,26,3.0000000000000235,-197.69050485974887,566.8335428549814,1004.3169438057291,0.03822737420911894,0.35166181751683667,-0.9353462642047762,-202.18495573432944,553.2190534453622,1004.3656824359815,-197.2506044616802,569.6419241850197,1042.7919947764567,4.934351272649224,16.42287073965747,38.42631234047519
Part__Feature142,全倾转无人机总体装配模型142,28,2.9999999999999947,-120.59125129813887,555.0819772875674,1003.0497394191596,-0.03822737420911928,-0.3516618175168366,0.9353462642047762,-121.6804458684352,540.5635212958396,1003.0010007889068,-117.59344409774228,557.8537487066268,1041.523670569318,4.087001770692922,17.290227410787224,38.522669780411206
Part__Feature142,全倾转无人机总体装配模型142,30,2.9999999999999845,-173.05020062900385,571.6575601469503,981.478724422793,0.9884519687385895,-0.15066109701812835,-0.01624621008422421,-172.9355185063765,568.1927126889569,978.1852993276519,-142.9420380588623,574.6233165605163,982.5388050047605,29.9934804475142,6.430603871559356,4.353505677108615
Part__Feature142,全倾转无人机总体装配模型142,33,25.000000000000004,-246.84449022339328,104.02754476904258,828.307018351087,0.14663346602287836,0.9239238063531262,0.35336019398917623,-271.555789441858,107.79407219449573,804.9233617459676,-173.1586067208176,571.8581659292574,1003.9798298218242,98.3971827210404,464.06409373476174,199.05646807585663
Part__Feature142,全倾转无人机总体装配模型142,35,25.000000000000004,-248.373585191758,89.96107206836912,865.7208689192781,0.14663346602287836,0.9239238063531262,0.35336019398917623,-273.10335756538336,81.16952663044815,866.1270241713837,-176.59907039963832,551.993807444973,1064.3747087715788,96.50428716574504,470.8242808145248,198.24768460019504
Part__Feature142,全倾转无人机总体装配模型142,39,25.000000000000004,-218.72002612960034,85.44123915782525,865.2334826167514,0.14663346602287836,0.9239238063531262,0.35336019398917623,-219.67571048482836,75.87682594876118,864.8273273646458,-121.27852776378793,539.9409196835227,1063.8837954405021,98.39718272104042,464.0640937347615,199.0564680758563
Part__Feature142,全倾转无人机总体装配模型142,41,25.000000000000004,-217.1909311612356,99.50771185849871,827.8196320485604,0.14663346602287836,0.9239238063531262,0.35336019398917623,-216.23524680600772,95.74118443304545,804.4324484148913,-119.73095964026258,566.5654652475703,1002.6801330150862,96.50428716574514,470.82428081452485,198.24768460019493
Part__Feature142,全倾转无人机总体装配模型142,42,2.0000000000000018,-199.22543854524048,103.15732442943832,810.82194387791,0.14663346602287836,0.9239238063531262,0.35336019398917623,-200.64137578242267,103.44929343511342,808.9509691872165,-156.47771181594533,364.2160088486165,909.1430978956071,44.163663966477344,260.7667154135031,100.19212870839056
Part__Feature142,全倾转无人机总体装配模型142,43,3.7499999999999383,-237.1008386981273,338.480076285954,908.8338568601572,0.9884519687385895,-0.15066109701812846,-0.016246210084223885,-161.13338975854012,324.5452380390362,903.9658781084705,-153.76128178994827,330.58636733251547,911.3324037647461,7.372107968591848,6.041129293479287,7.3665256562755985
Part__Feature142,全倾转无人机总体装配模型142,44,3.7500000000000226,-203.00855784780808,553.2923612630559,990.9901019626406,0.9884519687385895,-0.15066109701812846,-0.016246210084223885,-127.0411089082208,539.3575230161381,986.1221232109538,-119.66900093962904,545.3986523096174,993.4886488672296,7.372107968591763,6.041129293479344,7.366525656275826
Part__Feature142,全倾转无人机总体装配模型142,45,3.7499999999999285,-254.14697912328688,231.0739337974031,867.7557343089154,0.9884519687385895,-0.15066109701812846,-0.016246210084223885,-178.17953018369965,217.13909555048522,862.8877555572287,-170.80742221510783,223.1802248439646,870.2542812135043,7.37210796859182,6.041129293479372,7.3665256562755985
Part__Feature142,全倾转无人机总体装配模型142,46,3.750000000000042,-220.05469827296767,445.886218774505,949.9119794113989,0.9884519687385895,-0.15066109701812846,-0.016246210084223885,-144.08724933338047,431.95138052758705,945.0440006597121,-136.7151413647887,437.99250982106656,952.4105263159879,7.372107968591763,6.041129293479514,7.366525656275826
Part__Feature142,全倾转无人机总体装配模型142,47,27.000000000000007,-217.1909311612356,99.50771185849871,827.8196320485604,0.14663346602287836,0.9239238063531262,0.35336019398917623,-216.1587920575894,95.43986223900913,802.5614737241978,-117.60594438434967,568.1927126889569,1003.001000788907,98.55284767323974,472.7528504499478,200.4395270647093
Part__Feature142,全倾转无人机总体装配模型142,48,3.7499999999999334,-273.10448825890245,106.08470043301033,873.4449249679125,0.9884519687385895,-0.15066109701812846,-0.016246210084223885,-197.13703931931522,92.11043646779939,868.5726948300698,-189.50626849988097,98.1909914795718,875.9434718725014,7.630770819434247,6.080555011772418,7.370777042431541
Part__Feature142,全倾转无人机总体装配模型142,49,3.7499999999999285,-256.0583478337428,213.4908429215613,914.5230475191543,0.9884519687385895,-0.15066109701812846,-0.016246210084223885,-180.09089889415557,199.51657895635032,909.6508173813116,-172.46012807472135,205.59713396812276,917.0215944237432,7.630770819434218,6.0805550117724465,7.370777042431541
Part__Feature142,全倾转无人机总体装配模型142,51,3.7499999999999383,-239.01220740858327,320.8969854101121,955.6011700703959,0.9884519687385895,-0.15066109701812846,-0.016246210084223885,-163.0447584689961,306.9227214449011,950.7289399325533,-155.41398764956185,313.0032764566736,958.0997169749849,7.630770819434247,6.080555011772503,7.370777042431541
Part__Feature142,全倾转无人机总体装配模型142,52,27.000000000000007,-218.72002612960034,85.44123915782525,865.2334826167514,0.14663346602287836,0.9239238063531262,0.35336019398917623,-219.7521652332466,75.111672892036,864.7948349444773,-119.15499036028788,540.5635212958396,1066.1078481629008,100.5971748729587,465.4518484038036,201.31301321842352
Part__Feature142,全倾转无人机总体装配模型142,54,3.7499999999999334,-273.10448825890245,106.08470043301033,873.4449249679125,0.9884519687385895,-0.15066109701812846,-0.016246210084223885,-273.24784091218663,103.71134093819529,869.8236530065551,-265.6170700927524,109.79189594996771,877.1944300489866,7.630770819434247,6.080555011772418,7.370777042431541
Part__Feature142,全倾转无人机总体装配模型142,55,3.7499999999999285,-256.0583478337428,213.4908429215613,914.5230475191543,0.9884519687385895,-0.15066109701812846,-0.016246210084223885,-256.20170048702704,211.11748342674622,910.9017755577969,-248.57092966759282,217.19803843851867,918.2725526002284,7.630770819434218,6.0805550117724465,7.370777042431541
Part__Feature142,全倾转无人机总体装配模型142,56,27.000000000000007,-248.373585191758,89.96107206836912,865.7208689192781,0.14663346602287836,0.9239238063531262,0.35336019398917623,-275.0817393552734,80.46620299541446,866.1595165915521,-176.52889168203365,553.2190534453622,1066.5990436562613,98.55284767323974,472.75285044994774,200.43952706470918
Part__Feature142,全倾转无人机总体装配模型142,57,3.7499999999999383,-239.01220740858327,320.8969854101121,955.6011700703959,0.9884519687385895,-0.15066109701812846,-0.016246210084223885,-239.15556006186753,318.523625915297,951.9798981090386,-231.52478924243326,324.6041809270695,959.3506751514701,7.630770819434275,6.080555011772503,7.370777042431541
Part__Feature142,全倾转无人机总体装配模型142,59,3.7499999999999383,-237.1008386981273,338.480076285954,908.8338568601572,0.9884519687385895,-0.15066109701812846,-0.016246210084223885,-236.98552850056905,336.106716791139,905.2125848987997,-229.61342053197723,342.14784608461827,912.5791105550753,7.37210796859182,6.041129293479287,7.3665256562755985
Part__Feature142,全倾转无人机总体装配模型142,60,3.7499999999999285,-254.14697912328688,231.0739337974031,867.7557343089154,0.9884519687385895,-0.15066109701812846,-0.016246210084223885,-254.03166892572855,228.70057430258805,864.1344623475578,-246.65956095713682,234.74170359606734,871.5009880038335,7.372107968591735,6.041129293479287,7.366525656275712
Part__Feature142,全倾转无人机总体装配模型142,61,3.750000000000042,-220.05469827296767,445.886218774505,949.9119794113989,0.9884519687385895,-0.15066109701812846,-0.016246210084223885,-219.93938807540943,443.51285927968985,946.2907074500413,-212.56728010681766,449.55398857316936,953.6572331063171,7.372107968591763,6.041129293479514,7.366525656275826
Part__Feature142,全倾转无人机总体装配模型142,62,27.000000000000007,-246.84449022339328,104.02754476904258,828.307018351087,0.14663346602287836,0.9239238063531262,0.35336019398917623,-273.5326933793352,108.095394388532,803.052669217558,-172.9355185063765,573.5472427923356,1004.3656824359819,100.59717487295873,465.45184840380364,201.31301321842386
Part__Feature142,全倾转无人机总体装配模型142,64,2.0000000000000018,-263.44381851119505,112.94557098100793,811.8774380497986,-0.14663346602287836,-0.9239238063531262,-0.35336019398917623,-264.7717647742192,113.19332524269785,810.006463359105,-220.61491052419967,374.00425540018637,910.1503629208291,44.156854250019535,260.81093015748854,100.14389956172408
Part__Feature146,全倾转无人机总体装配模型146,1,10.999999999999952,-208.0189213954279,301.33485924854403,822.602669010207,0.8644043015528646,-0.4317980721815034,-0.25759586238377674,-206.14152334424074,285.9172404471761,804.2460129182915,-176.5560211893846,308.23394606021463,830.6743530244477,29.58550215485613,22.31670561303855,26.428340106156156
Part__Feature146,全倾转无人机总体装配模型146,5,1.000000000000031,-203.00460477650378,309.11547987132326,826.3866578539491,0.8644043015528646,-0.4317980721815034,-0.25759586238377674,-197.28371198076076,297.4468075200814,820.3041878943072,-180.89169985954962,306.8709554283307,825.5497395645721,16.39201212121114,9.424147908249324,5.245551670264831
Part__Feature146,全倾转无人机总体装配模型146,7,10.999999999999952,-208.0189213954279,301.33485924854403,822.602669010207,0.8644043015528646,-0.4317980721815034,-0.25759586238377674,-207.49886244401532,278.4592437661579,804.9999380877667,-177.91336028915921,300.77594937919645,831.4282781939228,29.5855021548561,22.31670561303855,26.428340106156043
Part__Feature146,全倾转无人机总体装配模型146,10,2.999999999999971,-207.55663914763585,306.088829913076,816.1850325259439,0.8644043015528646,-0.4317980721815034,-0.25759586238377674,-201.33245319384375,299.66740554082696,808.8840974590536,-190.14314547275043,305.68740504791816,813.3095816893998,11.189307721093314,6.0199995070912,4.425484230346228
Part__Feature146,全倾转无人机总体装配模型146,12,3.000000000000002,-191.61146155500634,301.6758981296459,803.3299174145856,-0.37940291451661895,-0.2239706032657148,-0.897714095538823,-190.14316290733834,300.2031918289126,809.471846455963,-184.8162516537658,302.53099806917197,818.3356731899466,5.326911253572547,2.327806240259349,8.863826733983615
Part__Feature148,全倾转无人机总体装配模型148,1,3.9999999999999916,-176.90036653952478,285.79012865000993,813.3292179643912,-0.8644043015528646,0.4317980721815034,0.25759586238377674,-187.55559906758344,285.6366320213015,811.7991284813062,-182.2979892938812,291.00399178488783,819.7701875774661,5.2576097737022565,5.3673597635863075,7.971059096159934
Part__Feature148,全倾转无人机总体装配模型148,2,3.9999999999999916,-176.90036653952478,285.79012865000993,813.3292179643912,-0.8644043015528646,0.4317980721815034,0.25759586238377674,-187.06202121312,288.34863081439903,811.5249738742243,-181.80441143941772,293.7159905779854,819.4960329703842,5.257609773702285,5.367359763586364,7.971059096159934
Part__Feature149,全倾转无人机总体装配模型149,1,6.999999999999992,68.59045510157866,163.15947615044072,740.1719930473566,-0.8644043015528646,0.4317980721815042,0.25759586238377546,-185.60637399567958,156.84568403966003,735.9328971270701,72.03900331738834,292.7555691814554,821.6385623698166,257.6453773130679,135.9098851417954,85.70566524274648
Part__Feature149,全倾转无人机总体装配模型149,2,6.999999999999992,68.59045510157866,163.15947615044072,740.1719930473566,-0.8644043015528646,0.4317980721815042,0.25759586238377546,-185.5353405645618,158.78482405206233,733.4082238161916,72.1100367485061,294.69470919385765,819.1138890589381,257.6453773130679,135.90988514179531,85.70566524274648
Part__Feature151,全倾转无人机总体装配模型151,1,11.000000000000023,86.18252463450172,156.6864697127641,732.414462693698,-0.08940691239645418,-0.6361632374397523,0.7663567963722291,74.77954306252053,145.1577682137492,726.8806093307597,87.17692957942711,163.90124265847302,743.3128136312419,12.397386516906579,18.74347444472383,16.432204300482113
Part__Feature151,全倾转无人机总体装配模型151,2,11.000000000000023,86.18252463450172,156.6864697127641,732.414462693698,-0.08940691239645418,-0.6361632374397523,0.7663567963722291,86.90870884223771,158.84037356687043,739.3075147019971,93.99167263683513,163.76202854970086,743.3128136312419,7.082963794597418,4.921654982830432,4.005298929244759
Part__Feature151,全倾转无人机总体装配模型151,6,11.000000000000023,86.18252463450172,156.6864697127641,732.414462693698,-0.08940691239645418,-0.6361632374397523,0.7663567963722291,84.56227130280114,145.018554104977,726.8806093307597,92.21178441654075,148.0843005272334,730.8859082600047,7.649513113739616,3.06574642225641,4.0052989292449865
Part__Feature153,全倾转无人机总体装配模型153,1,11.000000000000023,94.52258414807494,150.20553398501767,732.4441171758851,-0.8644043015528637,0.43179807218150523,0.2575958623837767,63.147826646028406,146.19459662361567,723.6185079921693,94.00252519666232,173.08114946740392,746.6455807321958,30.854698550633913,26.88655284378825,23.027072740026483
Part__Feature153,全倾转无人机总体装配模型153,2,11.000000000000023,94.52258414807494,150.20553398501767,732.4441171758851,-0.8644043015528637,0.43179807218150523,0.2575958623837767,63.0596839420316,143.3064471733471,727.773700527774,93.9143824926655,170.19300001713532,750.8007732678008,30.8546985506339,26.886552843788223,23.02707274002671
Part__Feature154,全倾转无人机总体装配模型154,1,3.000000000000014,77.82174099014152,156.43759132040304,739.7141446299307,-0.49478440504187116,-0.6394112606065915,-0.5885079713452073,71.73041363652574,150.026356796544,736.3426492214862,81.03780032415312,162.2357303484872,746.2839018696627,9.307386687627385,12.209373551943202,9.941252648176487
Part__Feature155,全倾转无人机总体装配模型155,5,11.000000000000016,-198.18710404544223,300.1622724948637,818.7399746265404,-0.3299373151269752,-0.8737205467042264,0.357426599952593,-210.2208218969595,290.44295941987474,809.1814742696363,-188.49108924897388,302.0712533594484,821.1485033509504,21.729732647985628,11.628293939573666,11.967029081314081
Part__Feature155,全倾转无人机总体装配模型155,6,11.000000000000016,-198.18710404544223,300.1622724948637,818.7399746265404,-0.3299373151269752,-0.8737205467042264,0.357426599952593,-210.19268004779934,299.45009171933555,818.8334321017986,-206.20461086938695,303.7339391705582,826.7377711208935,3.9880691784123883,4.283847451222641,7.904339019094891
Part__Feature155,全倾转无人机总体装配模型155,10,11.000000000000016,-198.18710404544223,300.1622724948637,818.7399746265404,-0.3299373151269752,-0.8737205467042264,0.357426599952593,-191.4835204007873,292.1372478033495,820.0762235510923,-188.46294739981371,298.1867875740829,827.680489528566,3.0205730009735987,6.049539770733418,7.604265977473688
Part__Feature156,全倾转无人机总体装配模型156,1,6.0000000000000115,-195.54760552441266,307.15203686845445,815.8805618268976,-0.32993731512697716,-0.8737205467042259,0.35742659995259235,-201.87149721423884,303.0953754967401,810.2769144322743,-195.43033714321652,310.07060614561874,822.1319978928884,6.441160071022324,6.975230648878664,11.855083460614082
Part__Feature156,全倾转无人机总体装配模型156,3,6.0000000000000115,-195.54760552441266,307.15203686845445,815.8805618268976,-0.32993731512697716,-0.8737205467042259,0.35742659995259235,-196.3247485358628,302.48602649788165,810.343978960812,-189.88358846484044,309.4612571467603,822.1990624214261,6.441160071022352,6.975230648878664,11.855083460614082
Part__Feature157,全倾转无人机总体装配模型157,1,8.500000000000046,68.59045510158921,163.15947615044948,740.1719930473564,-0.864404301552864,0.4317980721815052,0.25759586238377613,38.38454834087708,154.6291324429956,731.4436529704599,71.37416693590785,178.7759544053096,755.9028734012713,32.98961859503077,24.146821962313993,24.459220430811456
Part__Feature157,全倾转无人机总体装配模型157,3,8.500000000000046,68.59045510158921,163.15947615044948,740.1719930473564,-0.864404301552864,0.4317980721815052,0.25759586238377613,41.60342282379034,159.63334391667158,731.6537968401873,74.59304141882114,183.7801658789855,756.1130172709987,32.989618595030805,24.146821962313936,24.459220430811456
Part__Feature158,全倾转无人机总体装配模型158,1,8.50000000000001,-182.08679234874205,288.3809170830841,814.8747931386507,0.8644043015528644,-0.43179807218150396,-0.25759586238377635,-184.93821950593474,272.88259350554847,799.1147412972132,-151.88088558802997,296.911260790538,823.6031332155472,33.05733391790477,24.028667284989524,24.48839191833406
Part__Feature158,全倾转无人机总体装配模型158,3,8.50000000000001,-182.08679234874205,288.3809170830841,814.8747931386507,0.8644043015528644,-0.43179807218150396,-0.25759586238377635,-188.089378665974,267.7602273545482,798.9337689150084,-155.0320447480693,291.7888946395377,823.4221608333424,33.057333917904714,24.028667284989524,24.48839191833406
Part__Feature159,全倾转无人机总体装配模型159,1,10.999999999999977,-208.01892139576023,301.3348592514195,301.5907539580045,0.864404301553766,-0.43179807219058364,0.25759586236553117,-206.14152334457347,285.91724044932175,293.51906994375304,-176.5560211897069,308.2339460629787,319.94741004942614,29.58550215486656,22.31670561365695,26.4283401056731
Part__Feature159,全倾转无人机总体装配模型159,4,1.000000000000007,-213.03323801466692,293.55423862845504,305.3747428013887,0.864404301553766,-0.43179807219058364,0.25759586236553117,-207.48520528192154,281.98122476139395,307.53534043793974,-191.09319316069883,291.4053726698101,312.78089210784117,16.392012121222706,9.42414790841616,5.245551669901431
Part__Feature159,全倾转无人机总体装配模型159,5,3.0000000000000093,-183.26459743598784,306.60325140446105,301.1137954520442,0.3794029145172279,0.22397060330729038,-0.8977140955281929,-190.1431454730979,300.20320212331916,305.8577085259636,-184.8162342195201,302.5310083639712,314.7215352598437,5.3269112535777765,2.3278062406520235,8.863826733880103
Part__Feature159,全倾转无人机总体装配模型159,8,2.9999999999999987,-204.1260310838936,308.1139998034713,299.8911485934266,0.864404301553766,-0.43179807219058364,0.25759586236553117,-197.08538902764548,302.45201413886963,301.05696761826863,-186.24251548742203,307.79732420274445,305.85774977834905,10.84287354022345,5.34531006387482,4.800782160080416
Part__Feature159,全倾转无人机总体装配模型159,9,10.999999999999977,-208.01892139576023,301.3348592514195,301.5907539580045,0.864404301553766,-0.43179807219058364,0.25759586236553117,-207.49886244432423,278.45924376880873,292.76514477410745,-177.91336028945773,300.7759493824656,319.19348487978056,29.585502154866504,22.316705613656893,26.4283401056731
Part__Feature160,全倾转无人机总体装配模型160,1,3.0000000000000093,-185.62383746073053,298.76050431342424,295.8841080011993,0.3794029145172279,0.22397060330729038,-0.8977140955281929,-192.25438372550974,292.9666306164908,302.0441676866922,-185.12497764592726,300.0375959560739,315.2365509654959,7.1294060795824805,7.070965339583097,13.192383278803675
Part__Feature161,全倾转无人机总体装配模型161,1,3.0000000000000093,-192.61804534312282,290.4221621850623,305.37705288297303,-0.3794029145172279,-0.22397060330729038,0.8977140955281929,-196.27961897002143,285.9211697427325,297.98305537966513,-187.35307075693464,290.70397270996256,312.4715581734002,8.92654821308679,4.7828029672300545,14.488502793735051
Part__Feature162,全倾转无人机总体装配模型162,1,6.999999999999999,68.5904551015168,163.159476150577,384.0214299152331,-0.8644043015537667,0.43179807219058275,-0.2575958623655304,-185.6063739959922,156.84568403982675,302.9647606831188,69.0333809972275,291.284735868934,390.7851991464322,254.6397549932197,134.43905182910723,87.8204384633134
Part__Feature162,全倾转无人机总体装配模型162,2,6.999999999999999,68.5904551015168,163.159476150577,384.0214299152331,-0.8644043015537667,0.43179807219058275,-0.2575958623655304,-182.52971824478638,160.25565736748908,302.5548605980302,72.11003674843336,294.6947091965963,390.3752990613436,254.63975499321975,134.43905182910723,87.8204384633134
Part__Feature165,全倾转无人机总体装配模型165,1,11.0,94.52258414805831,150.20553398471543,391.74930578594063,-0.8644043015537662,0.4317980721905833,-0.25759586236553106,63.14782664599165,146.1945966230365,377.54784223054156,94.0025251966223,173.08114946732618,400.57491496983766,30.85469855063065,26.886552844289696,23.027072739296102
Part__Feature165,全倾转无人机总体装配模型165,4,1.000000000000002,98.64165329723235,159.22503778203065,393.0461560450448,-0.8644043015537662,0.4317980721905833,-0.25759586236553106,76.94213884599694,161.61146104996217,385.6400067385924,93.09362056448695,170.921959888331,391.3726700343966,16.151481718490018,9.31049883836883,5.73266329580423
Part__Feature165,全倾转无人机总体装配模型165,6,11.0,94.52258414805831,150.20553398471543,391.74930578594063,-0.8644043015537662,0.4317980721905833,-0.25759586236553106,63.05968394200501,143.30644717315622,373.392649694519,93.91438249263567,170.1930000174459,396.4197224338151,30.85469855063066,26.886552844289696,23.027072739296102
Part__Feature166,全倾转无人机总体装配模型166,4,11.000000000000016,-198.18710404577675,300.16227249759515,305.4534483416323,-0.3299373151239126,-0.8737205466890806,-0.35742659999244364,-210.22082189729048,290.4429594223826,303.04491961737494,-188.49108924932813,302.0712533623429,315.01194869828896,21.72973264796235,11.628293939960258,11.967029080914017
Part__Feature166,全倾转无人机总体装配模型166,5,11.000000000000016,-198.18710404577675,300.16227249759515,305.4534483416323,-0.3299373151239126,-0.8737205466890806,-0.35742659999244364,-191.48352040079382,292.1372478060239,296.51293343976994,-188.46294740013042,298.18678757692976,304.1171994173523,3.020573000663404,6.049539770905881,7.604265977582372
Part__Feature166,全倾转无人机总体装配模型166,10,11.000000000000016,-198.18710404577675,300.16227249759515,305.4534483416323,-0.3299373151239126,-0.8737205466890806,-0.35742659999244364,-210.19268004809277,299.4500917222756,297.4556518469087,-206.20461086936353,303.7339391736067,305.35999086594256,3.9880691787292335,4.2838474513310985,7.904339019033841
Part__Feature167,全倾转无人机总体装配模型167,1,6.000000000000009,-195.54760552468647,307.1520368712136,308.3128611416339,-0.3299373151239154,-0.8737205466890807,-0.3574265999924404,-201.8714972145129,303.91715579095023,301.99436054711725,-189.94215610693212,310.0706061485412,309.85119111612323,11.929341107580797,6.153450357590941,7.856830569005979
Part__Feature167,全倾转无人机总体装配模型167,3,6.000000000000009,-195.54760552468647,307.1520368712136,308.3128611416339,-0.3299373151239154,-0.8737205466890807,-0.3574265999924404,-201.81292957268863,302.486026500508,306.0596779671597,-189.88358846510783,308.63947685809893,313.9165085361657,11.929341107580797,6.153450357590941,7.856830569005979
Part__Feature168,全倾转无人机总体装配模型168,1,8.499999999999988,68.59045510151202,163.1594761505764,384.02142991524545,-0.864404301553767,0.4317980721905817,-0.2575958623655309,39.106930437035444,154.62913244314134,368.0804056921092,74.59304141873253,183.77939933881652,385.4695332798125,35.48611098169708,29.150266895675173,17.389127587703285
Part__Feature168,全倾转无人机总体装配模型168,2,8.499999999999988,68.59045510151202,163.1594761505764,384.02142991524545,-0.864404301553767,0.4317980721905817,-0.2575958623655309,38.38454834078606,154.62989898367258,375.36064240444347,73.87065932248315,183.78016587934775,392.7497699921468,35.48611098169709,29.150266895675173,17.389127587703342
Part__Feature169,全倾转无人机总体装配模型169,1,4.999999999999998,86.77261025645583,160.88514708065262,396.8369151262762,0.08940691239119482,0.6361632374024786,0.7663567964037842,81.79263434281762,157.09248023985214,393.62483923751773,87.39031963895292,165.2518501346321,400.66206554310764,5.597685296135296,8.159369894779957,7.037226305589911
Part__Feature169,全倾转无人机总体装配模型169,2,4.999999999999998,86.77261025645583,160.88514708065262,396.8369151262762,0.08940691239119482,0.6361632374024786,0.7663567964037842,87.31879410903993,161.6221744417216,393.62485014656784,91.64855546051596,165.18674451137508,396.27767711669037,4.329761351476037,3.5645700696534846,2.6528269701225327
Part__Feature169,全倾转无人机总体装配模型169,3,4.999999999999998,86.77261025645583,160.88514708065262,396.8369151262762,0.08940691239119482,0.6361632374024786,0.7663567964037842,86.2264264038717,157.02737461659513,399.1150089479633,89.95651021838724,158.21234639114374,400.66207645215763,3.730083814515538,1.1849717745486146,1.547067504194331
Part__Feature170,全倾转无人机总体装配模型170,1,8.499999999999984,-182.0867923490631,288.3809170858492,309.3186298292046,0.864404301553767,-0.43179807219058136,0.25759586236553117,-188.08937866628366,267.76383750883303,308.0056831919402,-152.56441092760474,296.91126079328427,325.25965405234086,35.524967738678924,29.147423284451236,17.25397086040067
Part__Feature170,全倾转无人机总体装配模型170,2,8.499999999999984,-182.0867923490631,288.3809170858492,309.3186298292046,0.864404301553767,-0.43179807219058136,0.25759586236553117,-187.40585332701608,267.76022735707784,300.5902897523032,-151.88088558833715,296.9076506415291,317.8442606127038,35.524967738678924,29.147423284451236,17.253970860400614
Part__Feature171,全倾转无人机总体装配模型171,2,8.000000000000007,-178.94264772863414,9.75884325479137,520.0967114798547,-0.0016213469713784344,-0.9999986856161355,1.2410707361482242e-13,-178.96048254531937,-1.254113062757153,512.0967114798533,-170.92482342701987,20.75882879656787,520.096711479856,8.035659118299492,22.01294185932502,8.000000000002728
Part__Feature171,全倾转无人机总体装配模型171,3,32.499999999999986,-300.94248737380246,9.956647585304792,562.0967114798552,-4.270546047768088e-15,-1.2410031269021716e-13,-1.0,-331.5421393609288,-22.5433524147014,512.0967114798563,-270.37850502004676,-0.9937541546703521,532.0967114798591,61.16363434088203,21.549598260031047,20.000000000002842
Part__Feature171,全倾转无人机总体装配模型171,4,32.499999999999986,-300.94248737380246,9.956647585304792,562.0967114798552,-4.270546047768088e-15,-1.2410031269021716e-13,-1.0,-331.54213936092845,-22.54335241469147,592.0967114798564,-270.3785050200464,-0.993754154660424,612.0967114798592,61.16363434088203,21.549598260031047,20.000000000002842
Part__Feature171,全倾转无人机总体装配模型171,5,8.000000000000007,-402.94235330664844,10.122024976380214,520.0967114798556,0.0016213469713784344,0.9999986856161355,-1.2410707361482242e-13,-410.96017760826265,-0.8779605653982683,512.0967114798542,-402.9245184899633,21.134981293928735,520.0967114798569,8.03565911829935,22.012941859327004,8.000000000002728
Part__Feature171,全倾转无人机总体装配模型171,7,7.999999999999998,-402.94235330664804,10.12202497639064,604.0967114798556,0.0016213469713784344,0.9999986856161355,-1.2410707361482242e-13,-410.96017760826226,-0.877960565385859,604.0967114798542,-402.92451848996285,21.13498129393916,612.0967114798569,8.035659118299407,22.012941859325018,8.000000000002728
Part__Feature171,全倾转无人机总体装配模型171,8,7.999999999999998,-178.94264772863377,9.758843254801794,604.0967114798547,-0.0016213469713784344,-0.9999986856161355,1.2410707361482242e-13,-178.9604825453189,-1.2541130627467223,604.0967114798533,-170.92482342701953,20.75882879658028,612.096711479856,8.035659118299378,22.012941859327,8.000000000002728
Part__Feature171,全倾转无人机总体装配模型171,11,12.00000000000001,-218.96109472222327,-1.586287869528349,562.2622365404522,0.0016213469713784344,0.9999986856161355,-1.2410707361482242e-13,-230.95927253848066,-1.1730898345252263,550.4255094544632,-220.8975455912541,20.84313698805817,562.096711479856,10.06172694722656,22.016226822583395,11.671202025392859
Part__Feature171,全倾转无人机总体装配模型171,12,12.000000000000005,-218.96109472222327,-1.5862878695283906,561.9311864192604,0.0016213469713784344,0.9999986856161355,-1.2410707361482242e-13,-230.95927253848063,-1.1730898345222704,562.0967114798542,-220.89754559129076,20.843136988058177,573.7679135052406,10.061726947189868,22.016226822580446,11.671202025386378
Part__Feature171,全倾转无人机总体装配模型171,15,5.999999999999999,-185.9426385279469,9.77019268359615,561.4367114790897,4.270546047768088e-15,1.2410031269021716e-13,1.0,-191.94263064164366,9.76046460176982,577.0967114798539,-179.9426385279467,15.770192683602437,612.0967114798547,11.999992113696948,6.009728081832616,35.000000000000796
Part__Feature171,全倾转无人机总体装配模型171,17,10.000000000000025,-300.94248737380246,9.956647585304792,562.0967114798552,-4.270546047768088e-15,-1.2410031269021716e-13,-1.0,-310.94248737380235,-0.04335241469151008,592.0967114798551,-290.94250051764084,9.972861055024781,612.0967114798565,19.999986856161513,10.016213469716291,20.000000000001364
Part__Feature171,全倾转无人机总体装配模型171,18,10.000000000000025,-300.94248737380246,9.956647585304792,562.0967114798552,-4.270546047768088e-15,-1.2410031269021716e-13,-1.0,-310.94247422996375,9.940434115594728,592.0967114798539,-290.94248737380224,19.95664758531102,612.0967114798552,19.999986856161513,10.016213469716293,20.000000000001364
Part__Feature171,全倾转无人机总体装配模型171,20,6.499999999999993,-397.96085944751167,-1.2960667616547985,536.096711479857,0.0016213469713784344,0.9999986856161355,-1.2410707361482242e-13,-404.4601861517578,-0.896606055566143,529.5967114798543,-391.42453360537775,21.124442538616762,536.096711479857,13.03565254638005,22.021048594182904,6.5000000000027285
Part__Feature171,全倾转无人机总体装配模型171,21,6.499999999999993,-397.96085944751167,-1.2960667616547985,536.096711479857,0.0016213469713784344,0.9999986856161355,-1.2410707361482242e-13,-404.4601861517578,-0.896606055566143,536.0967114798542,-391.42453360537775,21.124442538616762,542.596711479857,13.03565254638005,22.021048594182904,6.500000000002842
Part__Feature171,全倾转无人机总体装配模型171,22,6.499999999999993,-397.96085944751144,-1.2960667616483452,588.0967114798569,0.0016213469713784344,0.9999986856161355,-1.2410707361482242e-13,-404.46018615175757,-0.8966060555596899,581.5967114798542,-391.4245336053775,21.12444253862321,588.0967114798569,13.03565254638005,22.0210485941829,6.5000000000027285
Part__Feature171,全倾转无人机总体装配模型171,23,6.499999999999993,-397.96085944751144,-1.2960667616483452,588.0967114798569,0.0016213469713784344,0.9999986856161355,-1.2410707361482242e-13,-404.46018615175757,-0.8966060555596899,588.0967114798542,-391.4245336053775,21.12444253862321,594.5967114798569,13.03565254638005,22.0210485941829,6.5000000000027285
Part__Feature171,全倾转无人机总体装配模型171,24,6.499999999999993,-370.96089493587596,-1.339843129882024,536.0967114798569,0.0016213469713784344,0.9999986856161355,-1.2410707361482242e-13,-377.4602216401221,-0.9403824237933683,529.5967114798542,-364.42456909374204,21.080666170389527,536.0967114798569,13.03565254638005,22.021048594182897,6.5000000000027285
Part__Feature171,全倾转无人机总体装配模型171,25,6.499999999999993,-370.96089493587596,-1.339843129882024,536.0967114798569,0.0016213469713784344,0.9999986856161355,-1.2410707361482242e-13,-377.4602216401221,-0.9403824237933683,536.0967114798541,-364.42456909374204,21.080666170389527,542.5967114798569,13.03565254638005,22.021048594182897,6.500000000002842
Part__Feature171,全倾转无人机总体装配模型171,26,6.499999999999993,-370.96089493587573,-1.3398431298755706,588.0967114798568,0.0016213469713784344,0.9999986856161355,-1.2410707361482242e-13,-377.46022164012186,-0.9403824237869222,581.5967114798541,-364.4245690937418,21.08066617039598,588.0967114798568,13.03565254638005,22.0210485941829,6.5000000000027285
Part__Feature171,全倾转无人机总体装配模型171,27,6.499999999999993,-370.96089493587573,-1.3398431298755706,588.0967114798568,0.0016213469713784344,0.9999986856161355,-1.2410707361482242e-13,-377.46022164012186,-0.9403824237869222,588.0967114798541,-364.4245690937418,21.08066617039598,594.5967114798568,13.03565254638005,22.0210485941829,6.5000000000027285
Part__Feature171,全倾转无人机总体装配模型171,30,2.499999999999993,-348.442424940569,10.03366156644187,534.5967114798553,-0.0016213469713784344,-0.9999986856161355,1.2410707361482242e-13,-350.96025647129454,-0.9663239753359297,532.096711479854,-348.4245901238839,21.03770047564781,534.5967114798568,2.535666347410654,22.00402445098374,2.500000000002842
Part__Feature171,全倾转无人机总体装配模型171,32,2.4999999999999467,-253.4425498070362,9.879633604160887,534.596711479855,-0.0016213469713784344,-0.9999986856161355,1.2410707361482242e-13,-253.46038462372135,-1.1244053050450502,532.0967114798536,-250.92471827631073,20.87961914593807,534.5967114798564,2.5356663474106256,22.00402445098312,2.5000000000027285
Part__Feature171,全倾转无人机总体装配模型171,33,10.000000000000025,-300.94248737380246,9.956647585304792,562.0967114798552,-4.270546047768088e-15,-1.2410031269021716e-13,-1.0,-310.9424742299641,9.9404341155848,512.0967114798538,-290.9424873738026,19.95664758530109,532.0967114798551,19.999986856161513,10.016213469716291,20.000000000001364
Part__Feature171,全倾转无人机总体装配模型171,35,10.000000000000025,-300.94248737380246,9.956647585304792,562.0967114798552,-4.270546047768088e-15,-1.2410031269021716e-13,-1.0,-310.9424873738027,-0.043352414701438136,512.096711479855,-290.9425005176412,9.972861055014853,532.0967114798564,19.999986856161513,10.016213469716291,20.000000000001364
Part__Feature171,全倾转无人机总体装配模型171,37,5.999999999999999,-185.9426385279469,9.77019268359615,561.4367114790897,4.270546047768088e-15,1.2410031269021716e-13,1.0,-191.9426385279471,3.770192683590027,512.0967114798545,-179.94264641425016,9.779920765422641,547.0967114798556,11.999992113696948,6.009728081832614,35.00000000000102
Part__Feature171,全倾转无人机总体装配模型171,38,5.999999999999999,-185.9426385279469,9.77019268359615,561.4367114790897,4.270546047768088e-15,1.2410031269021716e-13,1.0,-191.94263064164392,9.760464601761754,512.0967114798538,-179.94263852794697,15.77019268359437,547.0967114798548,11.999992113696948,6.009728081832616,35.00000000000102
Part__Feature171,全倾转无人机总体装配模型171,40,6.499999999999993,-203.96111443798137,-1.6106080741022777,536.0967114798561,0.0016213469713784344,0.9999986856161355,-1.2410707361482242e-13,-210.4604411422275,-1.2111473680136222,536.0967114798534,-197.4247885958474,20.80990122616928,542.5967114798561,13.035652546380106,22.021048594182904,6.5000000000027285
Part__Feature171,全倾转无人机总体装配模型171,41,6.499999999999993,-203.96111443798137,-1.6106080741022777,536.0967114798561,0.0016213469713784344,0.9999986856161355,-1.2410707361482242e-13,-210.4604411422275,-1.2111473680136222,529.5967114798534,-197.4247885958474,20.80990122616928,536.0967114798561,13.035652546380106,22.021048594182904,6.5000000000027285
Part__Feature171,全倾转无人机总体装配模型171,42,6.499999999999993,-203.96111443798114,-1.6106080740958244,588.0967114798563,0.0016213469713784344,0.9999986856161355,-1.2410707361482242e-13,-210.46044114222727,-1.2111473680071725,588.0967114798535,-197.42478859584716,20.809901226175736,594.5967114798563,13.035652546380106,22.021048594182908,6.5000000000027285
Part__Feature171,全倾转无人机总体装配模型171,43,6.499999999999993,-203.96111443798114,-1.6106080740958244,588.0967114798563,0.0016213469713784344,0.9999986856161355,-1.2410707361482242e-13,-210.46044114222727,-1.2111473680071725,581.5967114798535,-197.42478859584716,20.809901226175736,588.0967114798564,13.035652546380106,22.021048594182908,6.500000000002842
Part__Feature171,全倾转无人机总体装配模型171,44,6.499999999999993,-230.96107894961702,-1.5668317058750523,536.0967114798563,0.0016213469713784344,0.9999986856161355,-1.2410707361482242e-13,-237.46040565386315,-1.1673709997863968,536.0967114798535,-224.42475310748304,20.853677594396505,542.5967114798563,13.035652546380106,22.0210485941829,6.5000000000027285
Part__Feature171,全倾转无人机总体装配模型171,45,6.499999999999993,-230.96107894961702,-1.5668317058750523,536.0967114798563,0.0016213469713784344,0.9999986856161355,-1.2410707361482242e-13,-237.46040565386315,-1.1673709997863968,529.5967114798535,-224.42475310748304,20.853677594396505,536.0967114798563,13.035652546380106,22.0210485941829,6.5000000000027285
Part__Feature171,全倾转无人机总体装配模型171,46,6.499999999999993,-230.9610789496168,-1.5668317058685992,588.0967114798564,0.0016213469713784344,0.9999986856161355,-1.2410707361482242e-13,-237.46040565386292,-1.1673709997799437,588.0967114798536,-224.42475310748281,20.85367759440296,594.5967114798564,13.035652546380106,22.021048594182904,6.5000000000027285
Part__Feature171,全倾转无人机总体装配模型171,47,6.499999999999993,-230.9610789496168,-1.5668317058685992,588.0967114798564,0.0016213469713784344,0.9999986856161355,-1.2410707361482242e-13,-237.46040565386292,-1.1673709997799437,581.5967114798536,-224.42475310748281,20.853677594402956,588.0967114798565,13.035652546380106,22.0210485941829,6.500000000002842
Part__Feature172,全倾转无人机总体装配模型172,3,2.5,-348.39216318445614,41.03362082054548,562.0967114798516,4.270546047768088e-15,1.2410031269021716e-13,1.0,-350.8921598984967,41.037674187967724,512.0967114798511,-348.3881098170275,43.53362082055169,612.0967114798516,2.504050081469188,2.4959466325839657,100.00000000000045
Part__Feature172,全倾转无人机总体装配模型172,5,2.499999999999993,-253.3922880509233,40.8795928582645,562.0967114798511,4.270546047768088e-15,1.2410031269021716e-13,1.0,-253.3882346834951,40.87553949082985,512.0967114798508,-250.8922880509231,43.37958957231104,612.0967114798513,2.4959466325720143,2.5040500814811892,100.00000000000045
全倾转无人机总体装配模型,全倾转无人机总体装配模型173,8,7.9999999999999885,-280.8824563610076,172.43803743432272,286.1193194510611,-0.3967237909231765,0.7698118170795708,0.5000000000001934,-295.88905242292924,162.81492234473055,275.83978264488076,-270.76188555493434,206.0272420197931,311.54752268134285,25.1271668679949,43.21231967506256,35.7077400364621
全倾转无人机总体装配模型,全倾转无人机总体装配模型173,13,27.499999999999993,-346.94901916206726,302.42052645610113,369.5748528201016,0.39672379092317483,-0.7698118170795715,-0.5000000000001936,-325.3604508651963,200.80220912402692,279.2591542160068,-298.49418411433527,233.08037472726957,298.165010123926,26.86626675086103,32.278165603242655,18.905855907919204
全倾转无人机总体装配模型,全倾转无人机总体装配模型173,17,8.00000000000003,-280.88245636951694,172.43803743462487,838.0741035065902,-0.39672379092318344,0.7698118170798275,-0.4999999999997927,-303.6981884851321,161.94318736154221,811.7945667004171,-277.77757403529057,206.69513067076983,848.5023067368652,25.920614449841537,44.75194330922761,36.70774003644806
全倾转无人机总体装配模型,全倾转无人机总体装配模型173,18,8.00000000000003,-280.88245636951694,172.43803743462487,838.0741035065902,-0.39672379092318344,0.7698118170798275,-0.4999999999997927,-296.68250001328516,162.81492234503438,811.6459002763218,-270.7618855634436,207.566865654262,848.3536403127698,25.920614449841537,44.75194330922761,36.70774003644806
全倾转无人机总体装配模型,全倾转无人机总体装配模型173,26,27.500000000000018,-346.9490191705778,302.420526456446,754.6185701376188,0.39672379092318055,-0.7698118170798278,0.4999999999997945,-325.360450873706,200.80220912432856,826.0284128337522,-298.49418412284496,233.0803747275747,844.9342687416669,26.86626675086103,32.27816560324615,18.905855907914656
全倾转无人机总体装配模型,全倾转无人机总体装配模型173,31,3.999999999999944,552.0306966689279,95.11410399838266,678.7830029787248,2.7610131682735413e-28,8.50589271054556e-28,1.0,548.0306966689279,91.11410399838272,700.0967114777096,556.0306914113925,95.12058938626826,720.0967114777096,7.999994742464537,4.006485387885547,20.0
全倾转无人机总体装配模型,全倾转无人机总体装配模型173,32,3.9999999999999996,466.07720120336205,58.78420216552245,678.7830029787248,2.7610131682735413e-28,8.50589271054556e-28,1.0,462.07720120336205,54.78420216552245,700.0967114777096,470.0771959458266,58.79068755340805,720.0967114777096,7.999994742464537,4.006485387885597,20.0
全倾转无人机总体装配模型,全倾转无人机总体装配模型173,33,3.9999999999999996,380.12370573779606,22.454300332662214,678.7830029787248,2.7610131682735413e-28,8.50589271054556e-28,1.0,376.12370573779606,18.454300332662214,700.0967114777096,384.1237004802606,22.46078572054782,720.0967114777096,7.999994742464537,4.006485387885604,20.0
全倾转无人机总体装配模型,全倾转无人机总体装配模型173,34,3.9999999999999996,324.7034963808649,3.772884745359778,678.7830029787248,2.7610131682735413e-28,8.50589271054556e-28,1.0,320.7034963808649,-0.22711525464022175,700.0967114777096,328.70349112332946,3.7793701332453797,720.0967114777096,7.999994742464537,4.0064853878856015,20.0
全倾转无人机总体装配模型,全倾转无人机总体装配模型173,35,3.9999999999999996,140.01667184961065,4.399177535365978,678.7830029787248,2.7610131682735413e-28,8.50589271054556e-28,1.0,136.01667184961065,0.39917753536597855,700.0967114777097,144.01666659207518,4.40566292325158,720.0967114777096,7.999994742464537,4.006485387885601,19.999999999999886
全倾转无人机总体装配模型,全倾转无人机总体装配模型173,36,3.999999999999996,6.849827771273787,4.615087478500563,678.7830029787248,2.7610131682735413e-28,8.50589271054556e-28,1.0,2.8498277712737914,0.6150874785005667,700.0967114777097,10.849822513738324,4.621572866386164,720.0967114777096,7.9999947424645335,4.006485387885597,19.999999999999886
全倾转无人机总体装配模型,全倾转无人机总体装配模型173,37,3.9999999999999996,-126.3170163070631,4.830997421623573,678.7830029787248,2.7610131682735413e-28,8.50589271054556e-28,1.0,-130.31701630706308,0.8309974216235738,700.0967114777097,-122.31702156459856,4.837482809509175,720.0967114777096,7.999994742464523,4.006485387885601,19.999999999999886
全倾转无人机总体装配模型,全倾转无人机总体装配模型173,38,3.9999999999999996,-259.48386038539996,5.046907364746556,678.7830029787248,2.7610131682735413e-28,8.50589271054556e-28,1.0,-263.48386038539996,1.046907364746556,700.0967114777097,-255.48386564293543,5.053392752632157,720.0967114777096,7.999994742464537,4.006485387885601,19.999999999999886
全倾转无人机总体装配模型,全倾转无人机总体装配模型173,39,3.9999999999999996,-392.6507044637368,5.262817307869566,678.7830029787248,2.7610131682735413e-28,8.50589271054556e-28,1.0,-396.6507044637368,1.2628173078695668,700.0967114777097,-388.6507097212723,5.269302695755168,720.0967114777096,7.999994742464537,4.006485387885601,19.999999999999886
全倾转无人机总体装配模型,全倾转无人机总体装配模型173,40,3.9999999999999996,-392.6507044637368,5.262817307869566,445.4104199766946,-2.7610131682735413e-28,-8.50589271054556e-28,-1.0,-396.6507044637368,1.2628173078695668,404.09671147770973,-388.6507097212723,5.269302695755166,424.0967114777097,7.999994742464537,4.006485387885599,19.999999999999943
全倾转无人机总体装配模型,全倾转无人机总体装配模型173,41,3.999999999999944,552.0306966689279,95.11410399838266,445.4104199766946,-2.7610131682735413e-28,-8.50589271054556e-28,-1.0,548.0306966689279,91.11410399838272,404.09671147770973,556.0306914113925,95.12058938626828,424.0967114777098,7.999994742464537,4.0064853878855615,20.000000000000057
全倾转无人机总体装配模型,全倾转无人机总体装配模型173,42,3.9999999999999996,466.07720120336205,58.78420216552245,445.4104199766946,-2.7610131682735413e-28,-8.50589271054556e-28,-1.0,462.07720120336205,54.78420216552245,404.09671147770973,470.0771959458266,58.79068755340805,424.0967114777098,7.999994742464537,4.006485387885597,20.000000000000057
全倾转无人机总体装配模型,全倾转无人机总体装配模型173,43,3.9999999999999996,380.12370573779606,22.454300332662214,445.4104199766946,-2.7610131682735413e-28,-8.50589271054556e-28,-1.0,376.12370573779606,18.454300332662214,404.09671147770973,384.1237004802606,22.460785720547815,424.0967114777098,7.999994742464537,4.006485387885601,20.000000000000057
全倾转无人机总体装配模型,全倾转无人机总体装配模型173,44,3.9999999999999996,-259.48386038539996,5.046907364746556,445.4104199766946,-2.7610131682735413e-28,-8.50589271054556e-28,-1.0,-263.48386038539996,1.046907364746556,404.09671147770973,-255.48386564293543,5.053392752632155,424.0967114777097,7.999994742464537,4.006485387885599,19.999999999999943
全倾转无人机总体装配模型,全倾转无人机总体装配模型173,45,3.9999999999999996,-126.3170163070631,4.830997421623573,445.4104199766946,-2.7610131682735413e-28,-8.50589271054556e-28,-1.0,-130.31701630706308,0.8309974216235738,404.09671147770973,-122.31702156459856,4.837482809509173,424.0967114777097,7.999994742464523,4.006485387885599,19.999999999999943
全倾转无人机总体装配模型,全倾转无人机总体装配模型173,46,3.9999999999999987,6.849827771273787,4.615087478500563,445.4104199766946,-2.7610131682735413e-28,-8.50589271054556e-28,-1.0,2.8498277712737887,0.615087478500564,404.09671147770973,10.849822513738328,4.621572866386162,424.0967114777097,7.999994742464539,4.006485387885599,19.999999999999943
全倾转无人机总体装配模型,全倾转无人机总体装配模型173,47,3.9999999999999996,324.7034963808649,3.772884745359778,445.4104199766946,-2.7610131682735413e-28,-8.50589271054556e-28,-1.0,320.7034963808649,-0.22711525464022175,404.09671147770973,328.70349112332946,3.779370133245378,424.09671147770973,7.999994742464537,4.0064853878856,20.0
全倾转无人机总体装配模型,全倾转无人机总体装配模型173,48,3.999999999999944,-577.978595976354,5.397020600779262,445.4104199766946,-2.7610131682735413e-28,-8.50589271054556e-28,-1.0,-581.978595976354,1.3970206007793182,412.6514176274,-573.9786012338894,5.403505988664862,424.0967114777096,7.999994742464537,4.006485387885544,11.44529385030961
全倾转无人机总体装配模型,全倾转无人机总体装配模型173,49,3.999999999999944,-577.978595976354,5.397020600779262,678.7830029787248,2.7610131682735413e-28,8.50589271054556e-28,1.0,-581.978595976354,1.3970206007793182,700.0967114777098,-573.9786012338894,5.403505988664942,711.5420053280194,7.999994742464537,4.006485387885624,11.445293850309554
全倾转无人机总体装配模型,全倾转无人机总体装配模型173,51,48.99999999999993,-601.7214541289186,86.41130995121691,720.0967114777098,-2.7610131682735413e-28,-8.50589271054556e-28,-1.0,-650.7214541289185,50.7325302851373,434.0967114777098,-635.3075328154717,86.49075595281552,690.0967114777096,15.413921313446735,35.75822566767822,255.99999999999983
全倾转无人机总体装配模型,全倾转无人机总体装配模型173,53,1.6000000000000147,590.5192092813295,112.99502118689998,431.4070779764988,0.14077848616659613,0.9900411192635594,1.7617922927587733e-27,590.324700319838,122.93918464983408,431.4070779764988,590.9929018463523,125.0554712765204,432.44063888329475,0.6682015265142809,2.1162866266863176,1.0335609067959695
全倾转无人机总体装配模型,全倾转无人机总体装配模型173,54,1.6000000000000147,590.5987996931495,112.98370386131482,673.5028842590607,0.14077848616659613,0.9900411192635594,1.7617922927587733e-27,590.4225187639938,123.05726526850259,673.5028842590607,591.070442453349,125.08944287034412,674.5262258290498,0.6479236893551388,2.032177601841525,1.0233415699891566
全倾转无人机总体装配模型,全倾转无人机总体装配模型173,55,16.600000000000122,579.1828708762766,114.60698712274181,683.0967114777085,0.14077848616659613,0.9900411192635594,1.7617922927587733e-27,593.1012000081722,121.92430879474425,672.4795426890718,597.306895290051,124.70357158490626,693.8199058857166,4.205695281878775,2.779262790162008,21.34036319664483
全倾转无人机总体装配模型,全倾转无人机总体装配模型173,56,1.6000000000000147,590.5987996931495,112.98370386131482,673.5028842590607,0.14077848616659613,0.9900411192635594,1.7617922927587733e-27,590.4225187639938,122.71096483939816,671.9028842590607,593.5058406009485,125.08944287034412,673.5028842590607,3.083321836954724,2.3784780309459563,1.6000000000000227
全倾转无人机总体装配模型,全倾转无人机总体装配模型173,57,13.400000000000093,579.1828708762766,114.60698712274181,683.0967114777085,0.14077848616659613,0.9900411192635594,1.7617922927587733e-27,590.7108841058099,122.57243727517724,674.5262258290498,594.1387637084076,125.04745765121915,691.7527840721245,3.427879602597727,2.475020376041911,17.22655824307469
全倾转无人机总体装配模型,全倾转无人机总体装配模型173,58,16.600000000000122,579.1828708762766,114.60698712274181,441.0967114777109,0.14077848616659613,0.9900411192635594,1.7617922927587733e-27,593.1012000081722,121.92430879474425,430.3735170697028,597.306895290051,124.70357158490623,451.7138802663476,4.205695281878775,2.7792627901619795,21.340363196644773
全倾转无人机总体装配模型,全倾转无人机总体装配模型173,59,1.6000000000000147,590.5192092813295,112.99502118689998,431.4070779764988,0.14077848616659613,0.9900411192635594,1.7617922927587733e-27,590.2963849338619,122.39616732996443,429.80707797649876,593.4007528055187,124.98115128344726,431.4070779764988,3.104367871656791,2.5849839534828334,1.6000000000000227
全倾转无人机总体装配模型,全倾转无人机总体装配模型173,60,13.400000000000093,579.1828708762766,114.60698712274181,441.0967114777109,0.14077848616659613,0.9900411192635594,1.7617922927587733e-27,590.7108841058098,122.57243727517724,432.44063888329475,594.1387637084076,125.0474576512192,449.6671971263695,3.427879602597841,2.475020376041968,17.22655824307475
全倾转无人机总体装配模型,全倾转无人机总体装配模型173,62,5.0,-601.8543509055676,4.4445228800124585,409.0967114777098,-0.9999986856161355,0.0016213469713785454,-5.474694682234193e-28,319.52138489732545,-2.0959291641752724,404.0967114777098,348.2547981825735,2.9506380138985797,409.0967114777098,28.733413285248048,5.046567178073852,5.0
全倾转无人机总体装配模型,全倾转无人机总体装配模型173,69,48.99999999999993,-601.7214541289186,86.41130995121691,720.0967114777098,-2.7610131682735413e-28,-8.50589271054556e-28,-1.0,-650.7213897241091,86.49075595281553,434.0967114777098,-649.537322949292,97.11844257170992,690.0967114777096,1.1840667748170972,10.627686618894387,255.99999999999983
全倾转无人机总体装配模型,全倾转无人机总体装配模型173,71,30.00000000000001,-631.5758230374939,123.85355913756199,690.0967114777096,0.7818806305050678,0.6234281671860823,1.4908356389952956e-27,-622.1981331473888,146.24341729090852,690.0967114777096,-500.7939589559403,251.58816917873634,720.0967114777096,121.40417419144853,105.34475188782781,30.0
全倾转无人机总体装配模型,全倾转无人机总体装配模型173,73,30.00000000000003,-620.2623012225329,90.56305525304079,690.0967114777096,0.21851291062231146,0.9758340575586435,1.7803938770129033e-27,-649.5373229492922,90.56305525304053,690.0967114777096,-610.1910000488847,142.09481793180572,720.0967114777096,39.34632290040747,51.53176267876519,30.0
全倾转无人机总体装配模型,全倾转无人机总体装配模型173,75,3.999999999999944,-577.978595976354,5.397020600779262,678.7830029787248,2.7610131682735413e-28,8.50589271054556e-28,1.0,-581.9785907188185,5.390535212893662,700.0967114777098,-573.978595976354,9.397020600779207,712.7091992516234,7.999994742464537,4.0064853878855455,12.612487773913585
全倾转无人机总体装配模型,全倾转无人机总体装配模型173,76,29.999999999999982,-614.7446274971726,72.57668110110669,690.0967114777096,-0.7281383605322161,0.6854301772766184,7.654625357540595e-28,-635.3075328154702,-3.8402988940374527,690.096711477707,-556.7714426484778,72.57668110110563,720.0967114777096,78.53609016699238,76.4169799951431,30.000000000002615
全倾转无人机总体装配模型,全倾转无人机总体装配模型173,78,3.999999999999944,-577.978595976354,5.397020600779262,445.4104199766946,-2.7610131682735413e-28,-8.50589271054556e-28,-1.0,-581.9785907188185,5.39053521289366,411.48281604965365,-573.978595976354,9.397020600779207,424.0967114777096,7.999994742464537,4.006485387885547,12.613895428055969
全倾转无人机总体装配模型,全倾转无人机总体装配模型173,79,29.999999999999982,-614.7446274971726,72.57668110110669,434.0967114777098,-0.7281383605322161,0.6854301772766184,7.654625357540595e-28,-635.3075328154702,-3.8402988940374527,404.0967114777098,-556.7714426484778,72.57668110110565,434.0967114777124,78.53609016699238,76.4169799951431,30.000000000002615
全倾转无人机总体装配模型,全倾转无人机总体装配模型173,82,87.00000000000011,-485.1808814815982,-0.7446521168474607,434.0967114777098,-2.7610131682735413e-28,-8.50589271054556e-28,-1.0,-572.1807671302021,-0.8857093033592649,404.09671147770973,-398.1808814815981,86.25534788315265,434.0967114777096,173.999885648604,87.14105718651192,29.999999999999886
全倾转无人机总体装配模型,全倾转无人机总体装配模型173,84,87.0,232.61173987992407,-1.9084445392553995,434.0967114777098,-2.7610131682735413e-28,-8.50589271054556e-28,-1.0,145.61185423132025,-1.7673873527591935,404.09671147770973,319.3383431329253,85.0915554607446,434.09671147770973,173.72648890160502,86.85894281350379,30.0
全倾转无人机总体装配模型,全倾转无人机总体装配模型173,85,5.500000000000006,324.7034963808649,3.772884745359778,388.5403622916053,2.7610131682735413e-28,8.50589271054556e-28,1.0,319.2034963808649,-1.7271152546402284,404.09671147770973,330.1390576348394,4.983310549001876,434.09671147770973,10.93556125397447,6.710425803642105,30.0
全倾转无人机总体装配模型,全倾转无人机总体装配模型173,86,87.0,232.61173987992407,-1.9084445392553995,434.0967114777098,-2.7610131682735413e-28,-8.50589271054556e-28,-1.0,319.5278079175453,-2.0495017257672035,404.2057415154372,319.6117398799241,1.9121728034784724,434.09671147770973,0.083931962378756,3.961674529245676,29.89096996227255
全倾转无人机总体装配模型,全倾转无人机总体装配模型173,88,4.999999999999986,336.74039636622945,2.922733128955579,404.09671147770973,2.7610131682735413e-28,8.50589271054556e-28,1.0,336.73228963137257,-2.0772668710444067,407.33804665892757,338.68700381651286,-1.6827765534249717,434.09671147770973,1.9547141851402898,0.394490317619435,26.758664818782165
全倾转无人机总体装配模型,全倾转无人机总体装配模型173,89,87.0,232.61173987992407,-1.9084445392553995,690.0967114777096,2.7610131682735413e-28,8.50589271054556e-28,1.0,319.5278079175453,-2.049501725767225,690.0967114777096,319.6117398799241,1.9121728034784657,719.9876814399821,0.083931962378756,3.9616745292456903,29.890969962272493
全倾转无人机总体装配模型,全倾转无人机总体装配模型173,90,5.500000000000006,324.7034963808649,3.772884745359778,735.6530606638141,-2.7610131682735413e-28,-8.50589271054556e-28,-1.0,319.2034963808649,-1.7271152546402284,690.0967114777096,330.1390576348394,4.983310549001875,720.0967114777096,10.93556125397447,6.710425803642104,30.0
全倾转无人机总体装配模型,全倾转无人机总体装配模型173,91,5.0,-601.8543509055676,4.4445228800124585,715.0967114777096,-0.9999986856161355,0.0016213469713785454,-5.474694682234193e-28,319.52138489732545,-2.0959291641752724,715.0967114777096,348.2547981825735,2.950638013898576,720.0967114777096,28.733413285248048,5.046567178073849,5.0
全倾转无人机总体装配模型,全倾转无人机总体装配模型173,93,4.999999999999986,336.74039636622945,2.922733128955579,720.0967114777096,-2.7610131682735413e-28,-8.50589271054556e-28,-1.0,336.73228963137257,-2.0772668710444067,690.0967114777096,338.68700381651286,-1.6827765534249717,716.8553762964917,1.9547141851402898,0.394490317619435,26.75866481878211
全倾转无人机总体装配模型,全倾转无人机总体装配模型173,94,0.4999999999999892,-427.7862947713994,-325.10466385789726,719.5967114777096,-0.9211019364761116,-0.3893214900566847,-1.1691593990796019e-27,348.2547981825732,2.4435132956672945,719.5967114777096,572.146865782545,97.4540856130806,720.0967114777096,223.89206759997177,95.0105723174133,0.5
全倾转无人机总体装配模型,全倾转无人机总体装配模型173,96,0.5000000000000208,624.7025120977139,119.7500197896951,720.0967114777096,-2.7610131682735413e-28,-8.50589271054556e-28,-1.0,624.772901340797,119.28946882145699,652.0967114777095,625.2025120977139,120.24504034932693,690.0967114777096,0.42961075691687256,0.9555715278699353,38.000000000000114
全倾转无人机总体装配模型,全倾转无人机总体装配模型173,99,0.5000000000000208,624.7025120977139,119.7500197896951,404.09671147770973,2.7610131682735413e-28,8.50589271054556e-28,1.0,624.772901340797,119.28946882145699,434.0967114777098,625.2025120977139,120.24504034932693,472.09671147770985,0.42961075691687256,0.9555715278699353,38.00000000000006
全倾转无人机总体装配模型,全倾转无人机总体装配模型173,101,0.4999999999999892,-427.7862947713994,-325.10466385789726,404.5967114777097,-0.9211019364761116,-0.3893214900566847,-1.1691593990796019e-27,348.2547981825732,2.4435132956672945,404.0967114777097,572.146865782545,97.4540856130806,404.5967114777097,223.89206759997177,95.0105723174133,0.5
全倾转无人机总体装配模型,全倾转无人机总体装配模型173,102,3.9999999999999996,324.7034963808649,3.772884745359778,445.4104199766946,-2.7610131682735413e-28,-8.50589271054556e-28,-1.0,320.7035016384004,3.7663993574741768,404.09671147770973,328.7034963808649,7.772884745359777,424.09671147770973,7.999994742464537,4.006485387885601,20.0
全倾转无人机总体装配模型,全倾转无人机总体装配模型173,103,3.9999999999999987,6.849827771273787,4.615087478500563,445.4104199766946,-2.7610131682735413e-28,-8.50589271054556e-28,-1.0,2.8498330288092473,4.608602090614962,404.09671147770973,10.849827771273786,8.615087478500561,424.0967114777097,7.999994742464539,4.006485387885599,19.999999999999943
全倾转无人机总体装配模型,全倾转无人机总体装配模型173,104,3.9999999999999996,-126.3170163070631,4.830997421623573,445.4104199766946,-2.7610131682735413e-28,-8.50589271054556e-28,-1.0,-130.31701104952765,4.824512033737973,404.09671147770973,-122.3170163070631,8.830997421623573,424.0967114777097,7.999994742464551,4.006485387885601,19.999999999999943
全倾转无人机总体装配模型,全倾转无人机总体装配模型173,105,3.9999999999999996,-259.48386038539996,5.046907364746556,445.4104199766946,-2.7610131682735413e-28,-8.50589271054556e-28,-1.0,-263.4838551278645,5.040421976860955,404.09671147770973,-255.48386038539996,9.046907364746556,424.0967114777097,7.999994742464537,4.006485387885601,19.999999999999943
全倾转无人机总体装配模型,全倾转无人机总体装配模型173,106,3.9999999999999996,380.12370573779606,22.454300332662214,445.4104199766946,-2.7610131682735413e-28,-8.50589271054556e-28,-1.0,376.1237109953315,22.44781494477661,404.09671147770973,384.12370573779606,26.454300332662214,424.0967114777098,7.999994742464537,4.006485387885604,20.000000000000057
全倾转无人机总体装配模型,全倾转无人机总体装配模型173,107,3.9999999999999996,466.07720120336205,58.78420216552245,445.4104199766946,-2.7610131682735413e-28,-8.50589271054556e-28,-1.0,462.0772064608975,58.77771677763685,404.09671147770973,470.07720120336205,62.78420216552245,424.0967114777098,7.999994742464537,4.006485387885604,20.000000000000057
全倾转无人机总体装配模型,全倾转无人机总体装配模型173,108,3.999999999999944,552.0306966689279,95.11410399838266,445.4104199766946,-2.7610131682735413e-28,-8.50589271054556e-28,-1.0,548.0307019264634,95.10761861049704,404.09671147770973,556.0306966689279,99.1141039983826,424.0967114777098,7.999994742464537,4.0064853878855615,20.000000000000057
全倾转无人机总体装配模型,全倾转无人机总体装配模型173,109,3.9999999999999996,-392.6507044637368,5.262817307869566,445.4104199766946,-2.7610131682735413e-28,-8.50589271054556e-28,-1.0,-396.65069920620135,5.256331919983966,404.09671147770973,-388.6507044637368,9.262817307869566,424.0967114777097,7.999994742464537,4.006485387885601,19.999999999999943
全倾转无人机总体装配模型,全倾转无人机总体装配模型173,114,30.00000000000001,-631.5758230374939,123.85355913756199,434.0967114777098,0.7818806305050678,0.6234281671860823,1.4908356389952956e-27,-622.1981331473888,146.24341729090852,404.0967114777098,-500.7939589559403,251.58816917873634,434.0967114777098,121.40417419144853,105.34475188782781,30.0
全倾转无人机总体装配模型,全倾转无人机总体装配模型173,116,30.00000000000003,-620.2623012225329,90.56305525304079,434.0967114777098,0.21851291062231146,0.9758340575586435,1.7803938770129033e-27,-649.5373229492922,90.56305525304053,404.09671147770973,-610.1910000488847,142.09481793180572,434.0967114777098,39.34632290040747,51.53176267876519,30.000000000000057
全倾转无人机总体装配模型,全倾转无人机总体装配模型173,121,49.000000000000036,-591.6501529552704,131.38768531131234,720.0967114777098,-2.7610131682735413e-28,-8.50589271054556e-28,-1.0,-639.466021775644,142.09481793180558,434.0967114777098,-622.1981331473888,169.69983620606044,690.0967114777096,17.26788862825515,27.60501827425486,255.99999999999983
全倾转无人机总体装配模型,全倾转无人机总体装配模型173,123,99.00000000000601,-457.77741542016383,174.18198675867657,720.0967114777098,-2.7610131682735413e-28,-8.50589271054556e-28,-1.0,-519.4968039715228,251.58816917873628,434.0967114777098,-443.8403452896698,273.18198675868257,690.0967114777096,75.656458681853,21.59381757994629,255.99999999999983
全倾转无人机总体装配模型,全倾转无人机总体装配模型173,125,29.99999999999999,-576.9218029653173,260.8177484911398,434.0967114777098,0.9900411192635594,-0.1407784861665961,3.052460047287682e-28,-448.0636998746679,90.54378433000673,404.0967114777098,624.7730591626528,272.1960575657749,434.0967114777098,1072.8367590373207,181.65227323576815,30.0
全倾转无人机总体装配模型,全倾转无人机总体装配模型173,127,29.99999999999999,-576.9218029653173,260.8177484911398,690.0967114777096,0.9900411192635594,-0.1407784861665961,3.052460047287682e-28,-448.0636998746679,90.54378433000673,690.0967114777096,624.7730591626528,272.1960575657749,720.0967114777096,1072.8367590373207,181.65227323576815,30.0
全倾转无人机总体装配模型,全倾转无人机总体装配模型173,128,3.9999999999999996,-392.6507044637368,5.262817307869566,678.7830029787248,2.7610131682735413e-28,8.50589271054556e-28,1.0,-396.65069920620135,5.256331919983966,700.0967114777097,-388.6507044637368,9.262817307869566,720.0967114777096,7.999994742464537,4.006485387885601,19.999999999999886
全倾转无人机总体装配模型,全倾转无人机总体装配模型173,129,3.9999999999999996,-259.48386038539996,5.046907364746556,678.7830029787248,2.7610131682735413e-28,8.50589271054556e-28,1.0,-263.4838551278645,5.040421976860955,700.0967114777097,-255.48386038539996,9.046907364746556,720.0967114777096,7.999994742464537,4.006485387885601,19.999999999999886
全倾转无人机总体装配模型,全倾转无人机总体装配模型173,130,3.9999999999999996,-126.3170163070631,4.830997421623573,678.7830029787248,2.7610131682735413e-28,8.50589271054556e-28,1.0,-130.31701104952765,4.824512033737973,700.0967114777097,-122.3170163070631,8.830997421623573,720.0967114777096,7.999994742464551,4.006485387885601,19.999999999999886
全倾转无人机总体装配模型,全倾转无人机总体装配模型173,131,3.999999999999996,6.849827771273787,4.615087478500563,678.7830029787248,2.7610131682735413e-28,8.50589271054556e-28,1.0,2.84983302880925,4.608602090614962,700.0967114777097,10.849827771273784,8.61508747850056,720.0967114777096,7.9999947424645335,4.006485387885597,19.999999999999886
全倾转无人机总体装配模型,全倾转无人机总体装配模型173,132,3.9999999999999996,140.01667184961065,4.399177535365978,678.7830029787248,2.7610131682735413e-28,8.50589271054556e-28,1.0,136.0166771071461,4.3926921474803775,700.0967114777097,144.01667184961065,8.399177535365977,720.0967114777096,7.999994742464537,4.0064853878856,19.999999999999886
全倾转无人机总体装配模型,全倾转无人机总体装配模型173,133,3.9999999999999996,324.7034963808649,3.772884745359778,678.7830029787248,2.7610131682735413e-28,8.50589271054556e-28,1.0,320.7035016384004,3.7663993574741763,700.0967114777096,328.7034963808649,7.772884745359777,720.0967114777096,7.999994742464537,4.006485387885601,20.0
全倾转无人机总体装配模型,全倾转无人机总体装配模型173,134,3.9999999999999996,380.12370573779606,22.454300332662214,678.7830029787248,2.7610131682735413e-28,8.50589271054556e-28,1.0,376.1237109953315,22.44781494477661,700.0967114777096,384.12370573779606,26.454300332662214,720.0967114777096,7.999994742464537,4.006485387885604,20.0
全倾转无人机总体装配模型,全倾转无人机总体装配模型173,135,3.9999999999999996,466.07720120336205,58.78420216552245,678.7830029787248,2.7610131682735413e-28,8.50589271054556e-28,1.0,462.0772064608975,58.777716777636854,700.0967114777096,470.07720120336205,62.78420216552245,720.0967114777096,7.999994742464537,4.006485387885597,20.0
全倾转无人机总体装配模型,全倾转无人机总体装配模型173,136,3.999999999999944,552.0306966689279,95.11410399838266,678.7830029787248,2.7610131682735413e-28,8.50589271054556e-28,1.0,548.0307019264634,95.10761861049706,700.0967114777096,556.0306966689279,99.1141039983826,720.0967114777096,7.999994742464537,4.006485387885547,20.0
全倾转无人机总体装配模型,全倾转无人机总体装配模型173,142,87.0,232.61173987992407,-1.9084445392553995,690.0967114777096,2.7610131682735413e-28,8.50589271054556e-28,1.0,145.61185423132025,-1.7673873527592494,690.0967114777096,319.3383431329253,85.0915554607446,720.0967114777096,173.72648890160502,86.85894281350384,30.0
全倾转无人机总体装配模型,全倾转无人机总体装配模型173,145,87.00000000000011,-485.1808814815982,-0.7446521168474607,690.0967114777096,2.7610131682735413e-28,8.50589271054556e-28,1.0,-572.1807671302021,-0.8857093033592862,690.0967114777098,-398.1808814815981,86.25534788315265,720.0967114777096,173.999885648604,87.14105718651194,29.999999999999773
全倾转无人机总体装配模型,全倾转无人机总体装配模型173,147,4.999999999999986,-578.8009897222505,4.4071453335493285,720.0967114777098,-2.7610131682735413e-28,-8.50589271054556e-28,-1.0,-582.2281406086336,-0.5928480945313339,434.0967114777096,-578.8090964571073,0.7664535308882776,690.0967114777098,3.4190441515262364,1.3593016254196115,256.0000000000002
全倾转无人机总体装配模型,全倾转无人机总体装配模型173,156,69.00000000000007,232.4741727088361,-1.908221494892004,675.0967114777437,1.8638825566409097e-14,1.2407701690595558e-13,1.0,163.474263401323,-2.0200944359167265,690.0967114777477,301.47417270883693,67.09177850511303,715.0967114777451,137.99990930751395,69.11187294102976,24.999999999997385
全倾转无人机总体装配模型,全倾转无人机总体装配模型173,158,69.00000000000007,232.4741727088319,-1.9082214949200371,449.09671147773054,-1.8635096428650437e-14,-1.2407702336342882e-13,-1.0,163.47426340131776,-2.020094435992391,409.0967114777219,301.4741727088317,67.09177850507817,434.09671147773184,137.99990930751395,69.11187294107056,25.000000000009948
全倾转无人机总体装配模型,全倾转无人机总体装配模型173,160,4.499999999999992,137.48242219188307,2.245798552013789,632.5967114777352,-0.0016213469713786716,-0.9999986856161355,1.2410707341221186e-13,132.97594271872495,-1.7614922518275578,628.0967114777352,141.98241627715566,2.253094613384993,632.5967114777358,9.006473558430713,4.014586865212551,4.500000000000568
全倾转无人机总体装配模型,全倾转无人机总体装配模型173,161,4.499999999999992,137.48242219188347,2.2457985520141497,491.59671147772843,-0.0016213469713786716,-0.9999986856161355,1.2410707341221186e-13,132.97594271872535,-1.7614922518311669,487.09671147772843,141.98241627715606,2.253094613385354,491.5967114777419,9.006473558430713,4.014586865216521,4.500000000013472
全倾转无人机总体装配模型,全倾转无人机总体装配模型173,163,4.499999999999992,137.48242219188347,2.2457985520141497,491.59671147772843,-0.0016213469713786716,-0.9999986856161355,1.2410707341221186e-13,132.97594271872535,-1.7614922518311669,491.59671147771564,141.98241627715606,2.253094613385354,496.09671147772895,9.006473558430713,4.014586865216521,4.500000000013301
全倾转无人机总体装配模型,全倾转无人机总体装配模型173,165,4.499999999999992,137.48242219188307,2.245798552013789,632.5967114777352,-0.0016213469713786716,-0.9999986856161355,1.2410707341221186e-13,132.97594271872495,-1.7614922518275578,632.5967114777224,141.98241627715566,2.253094613384993,637.0967114777357,9.006473558430713,4.014586865212551,4.500000000013301
全倾转无人机总体装配模型,全倾转无人机总体装配模型173,168,69.00000000000007,232.4741727088319,-1.9082214949200371,449.09671147773054,-1.8635096428650437e-14,-1.2407702336342882e-13,-1.0,163.47417270883108,-70.90822149492507,409.0967114777293,301.4740820163451,-1.796348553894711,439.09671147773923,137.99990930751403,69.11187294103036,30.000000000009948
全倾转无人机总体装配模型,全倾转无人机总体装配模型173,172,20.0,270.61087198017754,1.0299495450322993,286.47914477893545,-1.8635096428650437e-14,-1.2407702336342882e-13,-1.0,270.6432989196071,0.9975226056162605,463.09671147774,290.6108719801845,21.029923257401492,661.0967114777421,19.967573060577422,20.03240065178523,198.00000000000216
全倾转无人机总体装配模型,全倾转无人机总体装配模型173,174,20.00000000000258,194.6223358616286,1.1531534899120177,605.0967114777438,-1.8635096428650437e-14,-1.2407702336342882e-13,-1.0,174.62236214930067,1.1855804293115881,463.0967114777413,194.6547628010707,21.153153489921547,661.0967114777442,20.03240065177002,19.967573060609958,198.0000000000029
全倾转无人机总体装配模型,全倾转无人机总体装配模型173,178,69.00000000000007,232.4741727088361,-1.908221494892004,675.0967114777437,1.8638825566409097e-14,1.2407701690595558e-13,1.0,163.47417270883625,-70.90822149489084,685.0967114777551,301.4740820163503,-1.7963485538604487,715.0967114777525,137.99990930751403,69.11187294103038,29.999999999997385
全倾转无人机总体装配模型,全倾转无人机总体装配模型173,188,4.999999999999986,336.7403963662836,2.922733128841309,690.0967114777538,-1.8635096428650437e-14,-1.2407702336342882e-13,-1.0,336.7322896314134,-2.0772668711904405,434.0967114777286,338.6870038165751,-1.6827765535358337,690.0967114777545,1.9547141851617198,0.39449031765460685,256.0000000000259
全倾转无人机总体装配模型,全倾转无人机总体装配模型173,194,68.99999999999991,-484.20707034332526,-0.7462310047713361,449.0967114777438,-1.8635096428650437e-14,-1.2407702336342882e-13,-1.0,-553.2069796508392,-0.8581039458028743,409.096711477735,-415.20707034332565,68.25376899522672,434.0967114777582,137.99990930751358,69.1118729410296,25.000000000023192
全倾转无人机总体装配模型,全倾转无人机总体装配模型173,196,4.5000000000000195,52.077868167732035,2.3842691490588432,491.596711477737,-0.0016213469713785456,-0.9999986856161355,1.2410707361341837e-13,47.57138869457388,-1.6230216547829763,487.096711477737,56.57786225300467,2.3915652104300467,491.59671147773764,9.006473558430784,4.0145868652130225,4.500000000000625
全倾转无人机总体装配模型,全倾转无人机总体装配模型173,197,4.499999999999992,-204.13579390474933,2.7996809401037437,632.5967114777461,-0.0016213469713785456,-0.9999986856161355,1.2410707361341837e-13,-208.64227337790743,-1.207609863725751,628.0967114777461,-199.63579981947674,2.806977001481729,632.596711477753,9.006473558430685,4.01458686520748,4.500000000006935
全倾转无人机总体装配模型,全倾转无人机总体装配模型173,198,4.5000000000000195,-118.73123988058994,2.661210343093079,632.596711477745,-0.0016213469713785456,-0.9999986856161355,1.2410707361341837e-13,-123.23771935374808,-1.3460804607401893,628.096711477745,-114.2312457953173,2.6685064044642823,632.5967114777457,9.00647355843077,4.014586865204471,4.500000000000682
全倾转无人机总体装配模型,全倾转无人机总体装配模型173,199,4.499999999999999,-33.326685856421456,2.5227397460784173,632.5967114777374,-0.0016213469713785456,-0.9999986856161355,1.2410707361341837e-13,-37.83316532957958,-1.4845510577570464,628.0967114777374,-28.826691771148848,2.530035807449621,632.5967114777379,9.00647355843073,4.014586865206668,4.500000000000568
全倾转无人机总体装配模型,全倾转无人机总体装配模型173,200,4.499999999999999,-33.32668585642422,2.522739746062763,491.5967114777325,-0.0016213469713785456,-0.9999986856161355,1.2410707361341837e-13,-37.83316532958233,-1.4845510577646235,487.0967114777325,-28.826691771151612,2.5300358074339666,491.5967114777397,9.006473558430717,4.01458686519859,4.500000000007162
全倾转无人机总体装配模型,全倾转无人机总体装配模型173,201,4.5000000000000195,-118.73123988059201,2.6612103430845857,491.5967114777413,-0.0016213469713785456,-0.9999986856161355,1.2410707361341837e-13,-123.23771935375017,-1.346080460751379,487.0967114777413,-114.23124579531938,2.668506404455789,491.5967114777419,9.006473558430784,4.014586865207168,4.500000000000625
全倾转无人机总体装配模型,全倾转无人机总体装配模型173,202,4.499999999999992,-204.1357939047486,2.7996809400961666,491.5967114777367,-0.0016213469713785456,-0.9999986856161355,1.2410707361341837e-13,-208.6422733779067,-1.2076098637329955,487.0967114777367,-199.635799819476,2.8069770014673705,491.59671147773736,9.006473558430685,4.014586865200366,4.500000000000682
全倾转无人机总体装配模型,全倾转无人机总体装配模型173,203,4.5000000000000195,52.07786816773503,2.384269149072804,632.5967114777429,-0.0016213469713785456,-0.9999986856161355,1.2410707361341837e-13,47.57138869457687,-1.6230216547728742,628.0967114777429,56.577862253007666,2.391565210444008,632.5967114777435,9.006473558430798,4.014586865216883,4.500000000000568
全倾转无人机总体装配模型,全倾转无人机总体装配模型173,204,68.99999999999999,-484.20707034332105,-0.746231004743303,675.0967114777569,1.8638825566409097e-14,1.2407701690595558e-13,1.0,-553.2069796508341,-0.8581039457680253,690.0967114777483,-415.2070703433203,68.25376899526165,715.0967114777583,137.9999093075138,69.11187294102967,25.000000000010004
全倾转无人机总体装配模型,全倾转无人机总体装配模型173,206,4.5000000000000195,-374.94490195305906,3.076622134125434,632.5967114777482,-0.0016213469713785456,-0.9999986856161355,1.2410707361341837e-13,-379.4513814262172,-0.930668669709272,628.0967114777482,-370.4449078677864,3.0839181954966373,632.596711477755,9.006473558430798,4.014586865205909,4.500000000006821
全倾转无人机总体装配模型,全倾转无人机总体装配模型173,207,4.5000000000000195,-302.24270380393926,2.9587464904056726,491.59671147773906,-0.0016213469713785456,-0.9999986856161355,1.2410707361341837e-13,-306.7491832770974,-1.0485443134350496,487.09671147773906,-297.7427097186666,2.9660425517768765,491.5967114777462,9.006473558430798,4.0145868652119265,4.500000000007162
全倾转无人机总体装配模型,全倾转无人机总体装配模型173,208,4.5000000000000195,-302.24270380395205,2.9587464904190783,632.5967114777408,-0.0016213469713785456,-0.9999986856161355,1.2410707361341837e-13,-306.7491832771102,-1.0485443134269272,628.0967114777408,-297.7427097186794,2.9660425517902818,632.5967114777413,9.006473558430798,4.014586865217209,4.500000000000568
全倾转无人机总体装配模型,全倾转无人机总体装配模型173,209,4.5000000000000195,-374.94490195304985,3.0766221341178293,491.5967114777475,-0.0016213469713785456,-0.9999986856161355,1.2410707361341837e-13,-379.451381426208,-0.9306686697208325,487.0967114777475,-370.4449078677772,3.083918195489033,491.5967114777611,9.006473558430798,4.014586865209866,4.500000000013642
全倾转无人机总体装配模型,全倾转无人机总体装配模型173,211,4.5000000000000195,-374.94490195304985,3.0766221341178293,491.5967114777475,-0.0016213469713785456,-0.9999986856161355,1.2410707361341837e-13,-379.451381426208,-0.9306686697208325,491.5967114777474,-370.4449078677772,3.083918195489033,496.096711477748,9.006473558430798,4.014586865209866,4.500000000000568
全倾转无人机总体装配模型,全倾转无人机总体装配模型173,213,4.5000000000000195,-302.24270380395205,2.9587464904190783,632.5967114777408,-0.0016213469713785456,-0.9999986856161355,1.2410707361341837e-13,-306.7491832771102,-1.0485443134269272,632.5967114777343,-297.7427097186794,2.9660425517902818,637.0967114777412,9.006473558430798,4.014586865217209,4.500000000006935
全倾转无人机总体装配模型,全倾转无人机总体装配模型173,215,4.5000000000000195,-302.24270380393926,2.9587464904056726,491.59671147773906,-0.0016213469713785456,-0.9999986856161355,1.2410707361341837e-13,-306.7491832770974,-1.0485443134350496,491.5967114777325,-297.7427097186666,2.9660425517768765,496.0967114777396,9.006473558430798,4.0145868652119265,4.500000000007049
全倾转无人机总体装配模型,全倾转无人机总体装配模型173,217,4.5000000000000195,-374.94490195305906,3.076622134125434,632.5967114777482,-0.0016213469713785456,-0.9999986856161355,1.2410707361341837e-13,-379.4513814262172,-0.930668669709272,632.596711477748,-370.4449078677864,3.0839181954966373,637.0967114777486,9.006473558430798,4.014586865205909,4.500000000000568
全倾转无人机总体装配模型,全倾转无人机总体装配模型173,220,20.00000000000005,-532.5851533121725,2.332210699775156,434.09671147774424,1.863692098532206e-14,1.240770202039784e-13,1.0,-552.585127024494,2.3646376392113666,500.09671147774833,-532.55272637269,22.33221069979878,624.0967114777513,20.032400651803982,19.967573060587412,124.00000000000301
全倾转无人机总体装配模型,全倾转无人机总体装配模型173,222,20.0,-437.76688156912206,2.178477179995364,500.0967114777425,1.863692098532206e-14,1.240770202039784e-13,1.0,-437.7344546297044,2.146050240506828,500.0967114777399,-417.76688156911973,22.178450892333473,624.096711477749,19.96757306058464,20.032400651826645,124.00000000000904
全倾转无人机总体装配模型,全倾转无人机总体装配模型173,227,86.99999999999973,-485.18088148150616,-0.7446521169310327,690.0967114777437,-1.863692098532206e-14,-1.240770202039784e-13,-1.0,-572.1807671301138,-0.88570930347929,469.09671147773275,-398.1808814815102,86.25534788304388,490.0967114777519,173.99988564860365,87.14105718652317,21.000000000019156
全倾转无人机总体装配模型,全倾转无人机总体装配模型173,233,86.99999999999973,-485.1808814815348,-0.7446521169663101,434.0967114777438,1.863692098532206e-14,1.240770202039784e-13,1.0,-572.1807671301345,-0.8857093034574456,634.0967114777329,-398.18088148153095,86.25534788306084,655.0967114777712,173.9998856486036,87.14105718651828,21.000000000038312
全倾转无人机总体装配模型,全倾转无人机总体装配模型173,239,68.99999999999999,-484.20707034332105,-0.746231004743303,675.0967114777569,1.8638825566409097e-14,1.2407701690595558e-13,1.0,-553.2070703433209,-69.74623100474204,685.0967114777684,-415.20716103580696,-0.6343580637117479,715.0967114777657,137.99990930751392,69.1118729410303,29.99999999999727
全倾转无人机总体装配模型,全倾转无人机总体装配模型173,245,4.5000000000000195,52.07786816773503,2.384269149072804,632.5967114777429,-0.0016213469713785456,-0.9999986856161355,1.2410707361341837e-13,47.57138869457687,-1.6230216547728742,632.5967114777428,56.577862253007666,2.391565210444008,637.0967114777434,9.006473558430798,4.014586865216883,4.500000000000568
全倾转无人机总体装配模型,全倾转无人机总体装配模型173,247,4.499999999999992,-204.1357939047486,2.7996809400961666,491.5967114777367,-0.0016213469713785456,-0.9999986856161355,1.2410707361341837e-13,-208.6422733779067,-1.2076098637329955,491.5967114777366,-199.635799819476,2.8069770014710453,496.0967114777372,9.006473558430685,4.014586865204041,4.500000000000568
全倾转无人机总体装配模型,全倾转无人机总体装配模型173,248,4.5000000000000195,-118.73123988059201,2.6612103430845857,491.5967114777413,-0.0016213469713785456,-0.9999986856161355,1.2410707361341837e-13,-123.23771935375017,-1.346080460751379,491.5967114777412,-114.23124579531938,2.668506404455789,496.0967114777418,9.006473558430784,4.014586865207168,4.500000000000568
全倾转无人机总体装配模型,全倾转无人机总体装配模型173,250,4.499999999999999,-33.32668585642422,2.522739746062763,491.5967114777325,-0.0016213469713785456,-0.9999986856161355,1.2410707361341837e-13,-37.83316532958233,-1.4845510577646235,491.596711477726,-28.826691771151612,2.5300358074339666,496.09671147773304,9.006473558430717,4.01458686519859,4.500000000007049
全倾转无人机总体装配模型,全倾转无人机总体装配模型173,252,4.499999999999999,-33.326685856421456,2.5227397460784173,632.5967114777374,-0.0016213469713785456,-0.9999986856161355,1.2410707361341837e-13,-37.83316532957958,-1.4845510577570464,632.5967114777372,-28.826691771148848,2.530035807449621,637.0967114777378,9.00647355843073,4.014586865206668,4.500000000000568
全倾转无人机总体装配模型,全倾转无人机总体装配模型173,253,4.5000000000000195,-118.73123988058994,2.661210343093079,632.596711477745,-0.0016213469713785456,-0.9999986856161355,1.2410707361341837e-13,-123.23771935374808,-1.3460804607401893,632.5967114777449,-114.2312457953173,2.6685064044644067,637.0967114777454,9.00647355843077,4.0145868652045955,4.500000000000568
全倾转无人机总体装配模型,全倾转无人机总体装配模型173,255,4.499999999999992,-204.13579390474933,2.7996809401037437,632.5967114777461,-0.0016213469713785456,-0.9999986856161355,1.2410707361341837e-13,-208.64227337790743,-1.207609863725752,632.596711477746,-199.63579981947672,2.8069770014895066,637.0967114777466,9.006473558430713,4.014586865215259,4.500000000000568
全倾转无人机总体装配模型,全倾转无人机总体装配模型173,256,4.5000000000000195,52.077868167732035,2.3842691490588432,491.596711477737,-0.0016213469713785456,-0.9999986856161355,1.2410707361341837e-13,47.57138869457388,-1.6230216547829763,491.59671147773696,56.57786225300467,2.3915652104300467,496.09671147773753,9.006473558430784,4.0145868652130225,4.500000000000568
全倾转无人机总体装配模型,全倾转无人机总体装配模型173,268,68.99999999999991,-484.20707034332526,-0.7462310047713361,449.0967114777438,-1.8635096428650437e-14,-1.2407702336342882e-13,-1.0,-553.2070703433259,-69.74623100477622,409.0967114777424,-415.2071610358122,-0.6343580637460102,439.0967114777524,137.9999093075137,69.11187294103021,30.000000000010004
全倾转无人机总体装配模型,全倾转无人机总体装配模型173,272,2.999999999999999,612.0392952587683,338.27274902565983,562.3467114671042,-5.859477336065538e-15,4.3653790069845154e-15,-1.0,611.7803160021668,335.2727490256597,542.3467114671042,615.0094186165592,337.85041356716016,582.3467114671043,3.229102614392332,2.5776645415004396,40.000000000000114
全倾转无人机总体装配模型,全倾转无人机总体装配模型173,274,0.5000000000000233,609.9205678821403,341.3565992308253,230.50177449203707,6.3510027934267955e-15,-9.08668914388429e-16,1.0,610.017558363027,340.9474473505678,442.34671146710434,610.4205678821423,341.8471018777269,542.3467114671043,0.40300951911535776,0.8996545271591003,100.0
全倾转无人机总体装配模型,全倾转无人机总体装配模型173,276,2.999999999999999,612.0552569681645,338.3850016081825,562.3467114671042,-5.859477336065538e-15,4.3653790069845154e-15,-1.0,612.6396800223538,337.96266614968255,542.3467114671042,615.0552569681646,341.3275259825475,582.3467114671043,2.4155769458108125,3.3648598328649655,40.000000000000114
全倾转无人机总体装配模型,全倾转无人机总体装配模型173,279,0.5000000000000233,609.9205678821403,341.3565992308253,230.50177449203707,6.3510027934267955e-15,-9.08668914388429e-16,1.0,610.0175583630279,340.94744735056764,582.3467114671042,610.4205678821432,341.84710187772674,682.3467114671043,0.40300951911535776,0.8996545271591003,100.00000000000011
全倾转无人机总体装配模型,全倾转无人机总体装配模型173,281,3.1999999999999784,612.0472761134646,338.32887531692256,230.50177449203704,6.3510027934267955e-15,-9.08668914388429e-16,1.0,608.847276113466,336.3268106540502,442.3467114671043,610.2079608863756,340.947447350568,542.3467114671043,1.3606847729096216,4.620636696517806,100.00000000000006
全倾转无人机总体装配模型,全倾转无人机总体装配模型173,282,0.5000000000000233,609.1608775021069,336.01398805047677,230.50177449203707,6.3510027934267955e-15,-9.08668914388429e-16,1.0,609.1172944808296,335.5139880504765,445.7440462247123,609.6608775021089,336.32681065405046,542.3467114671043,0.5435830212792325,0.8128226035739772,96.60266524239205
全倾转无人机总体装配模型,全倾转无人机总体装配模型173,287,0.5000000000000233,609.1608775021069,336.01398805047677,230.50177449203707,6.3510027934267955e-15,-9.08668914388429e-16,1.0,609.1172944808307,335.5139880504763,582.3467114671042,609.6608775021098,336.32681065405023,678.9493767094962,0.5435830212791188,0.8128226035739203,96.60266524239194
全倾转无人机总体装配模型,全倾转无人机总体装配模型173,288,3.1999999999999784,612.0472761134646,338.32887531692256,230.50177449203704,6.3510027934267955e-15,-9.08668914388429e-16,1.0,608.8472761134669,336.32681065405006,582.3467114671041,610.2079608863764,340.94744735056776,682.3467114671042,1.360684772909508,4.620636696517693,100.00000000000011
全倾转无人机总体装配模型,全倾转无人机总体装配模型173,290,0.5000000000000233,609.9205678821403,341.3565992308253,230.50177449203707,6.3510027934267955e-15,-9.08668914388429e-16,1.0,610.0175583630282,340.9474473505677,689.3467114671043,610.4205678821435,341.84710187772674,727.3467114671043,0.4030095191152441,0.8996545271590435,38.0
全倾转无人机总体装配模型,全倾转无人机总体装配模型173,291,2.999999999999944,612.0552569681657,338.3850016081823,757.3467114671045,-6.351002793426795e-15,9.08668914388429e-16,-1.0,612.6396800223548,337.9626661496825,727.3467114671043,615.0552569681657,341.32752598254723,757.3467114671046,2.415576945810926,3.364859832864738,30.000000000000227
全倾转无人机总体装配模型,全倾转无人机总体装配模型173,293,0.5000000000000233,609.9205678821403,341.3565992308253,230.50177449203707,6.3510027934267955e-15,-9.08668914388429e-16,1.0,610.0175583630288,340.9474473505676,757.3467114671042,610.4205678821444,341.84710187772663,887.3467114671045,0.40300951911558514,0.8996545271590435,130.00000000000023
全倾转无人机总体装配模型,全倾转无人机总体装配模型173,294,3.1999999999999784,612.0472761134646,338.32887531692256,230.50177449203704,6.3510027934267955e-15,-9.08668914388429e-16,1.0,608.847276113468,336.32681065405,757.3467114671042,610.2079608863777,340.9474473505677,887.3467114671045,1.3606847729097353,4.620636696517693,130.00000000000023
全倾转无人机总体装配模型,全倾转无人机总体装配模型173,295,3.0000000000005094,612.0392952587696,338.2727490256596,757.3467114671045,-6.351002793426795e-15,9.08668914388429e-16,-1.0,611.780315985959,335.2727490256591,727.3467114671043,615.0094186165608,337.85041356715976,757.3467114671046,3.229102630601801,2.577664541500667,30.000000000000227
全倾转无人机总体装配模型,全倾转无人机总体装配模型173,296,0.5000000000000233,609.1608775021069,336.01398805047677,230.50177449203707,6.3510027934267955e-15,-9.08668914388429e-16,1.0,609.1172944808313,335.5139880504763,689.3467114671042,609.6608775021101,336.3268106540501,727.3467114671043,0.5435830212787778,0.8128226035738066,38.000000000000114
全倾转无人机总体装配模型,全倾转无人机总体装配模型173,298,0.5000000000000233,609.1608775021069,336.01398805047677,230.50177449203707,6.3510027934267955e-15,-9.08668914388429e-16,1.0,609.1172944808316,335.5139880504762,757.3467114671042,609.660877502111,336.3268106540501,887.3467114671045,0.5435830212794599,0.8128226035739203,130.00000000000023
全倾转无人机总体装配模型,全倾转无人机总体装配模型173,308,3.0000000000004463,612.039295258767,338.27274902565995,367.34671146710434,6.639507965638324e-15,-9.496927876447072e-16,1.0,611.7803160021657,335.27274902565944,367.34671146710434,615.0094186165584,337.8504135671602,397.3467114671044,3.229102614392673,2.5776645415007806,30.000000000000057
全倾转无人机总体装配模型,全倾转无人机总体装配模型173,312,0.5000000000000233,609.1608775021069,336.01398805047677,230.50177449203707,6.3510027934267955e-15,-9.08668914388429e-16,1.0,609.1172944808284,335.51398805047666,237.34671146710434,609.6608775021077,336.32681065405063,367.34671146710446,0.5435830212793462,0.8128226035739772,130.0000000000001
全倾转无人机总体装配模型,全倾转无人机总体装配模型173,313,3.1999999999999784,612.0472761134646,338.32887531692256,230.50177449203704,6.3510027934267955e-15,-9.08668914388429e-16,1.0,608.8472761134647,336.3268106540503,237.3467114671043,610.2079608863743,340.9474473505681,367.3467114671044,1.3606847729096216,4.620636696517806,130.00000000000009
全倾转无人机总体装配模型,全倾转无人机总体装配模型173,314,0.5000000000000233,609.9205678821403,341.3565992308253,230.50177449203707,6.3510027934267955e-15,-9.08668914388429e-16,1.0,610.0175583630255,340.947447350568,237.34671146710434,610.4205678821411,341.8471018777271,367.34671146710446,0.40300951911558514,0.8996545271591003,130.0000000000001
全倾转无人机总体装配模型,全倾转无人机总体装配模型173,317,2.9999999999998894,612.0552569681632,338.3850016081826,367.34671146710434,6.639507965638324e-15,-9.496927876447072e-16,1.0,612.6396800223526,337.9626661496828,367.34671146710434,615.0552569681633,341.32752598254746,397.3467114671044,2.415576945810699,3.3648598328646813,30.000000000000057
全倾转无人机总体装配模型,全倾转无人机总体装配模型173,319,0.5000000000000233,609.9205678821403,341.3565992308253,230.50177449203707,6.3510027934267955e-15,-9.08668914388429e-16,1.0,610.0175583630268,340.9474473505678,397.34671146710434,610.4205678821415,341.84710187772686,435.3467114671043,0.4030095191147893,0.8996545271590435,37.99999999999994
全倾转无人机总体装配模型,全倾转无人机总体装配模型173,342,4.045181455799342,580.8299800408399,126.19046806878431,683.0967107032932,0.14077848616657482,0.9900411192635625,2.5414268927329454e-13,582.637712778135,145.71882826821806,679.0515292474989,611.5405548427628,314.15058273667034,687.0003692584927,28.902842064627862,168.43175446845228,7.948840010993763
全倾转无人机总体装配模型,全倾转无人机总体装配模型173,350,4.045181455799259,580.8299794099332,126.19046814195423,441.59671132856175,0.1407784861665743,0.9900411192635626,2.54234133745257e-13,582.6377121566662,145.71882834138802,437.5515298727677,611.5405542118561,314.1505828084984,445.50036988635134,28.90284205518992,168.4317544671104,7.948840013583663
全倾转无人机总体装配模型,全倾转无人机总体装配模型173,352,3.000000000000005,612.0593970715889,338.3842511577462,734.8467114564012,4.921878213399395e-14,2.5289463628633626e-13,-1.0,609.1287400532506,339.02553848871867,582.5467114564012,612.7006844025566,341.38425115778466,685.596711456402,3.5719443493060226,2.3587126690659943,103.05000000000075
全倾转无人机总体装配模型,全倾转无人机总体装配模型173,353,3.000000000000005,612.059397071606,338.38425115783343,389.8467114564012,4.921878213399395e-14,2.5289463628633626e-13,-1.0,609.1287400532577,339.0255384887551,439.09671145640107,612.7006844025638,341.3842511578209,542.1467114564019,3.5719443493060226,2.3587126690658238,103.05000000000086
全倾转无人机总体装配模型,全倾转无人机总体装配模型173,354,3.000000000000005,612.0351603142835,338.2734901626937,389.8467114564012,4.921878213399395e-14,2.5289463628633626e-13,-1.0,609.035160314276,335.3121009573157,439.0967114564004,611.5553958152828,338.9147774936414,542.1467114564012,2.520235501006823,3.6026765363257027,103.05000000000086
全倾转无人机总体装配模型,全倾转无人机总体装配模型173,355,3.000000000000005,612.0351603142665,338.27349016260644,734.8467114564012,4.921878213399395e-14,2.5289463628633626e-13,-1.0,609.0351603142689,335.3121009572794,582.5467114564003,611.5553958152757,338.9147774936051,685.5967114564012,2.520235501006823,3.602676536325646,103.05000000000086
全倾转无人机总体装配模型,全倾转无人机总体装配模型173,359,3.000000000000005,612.059397071606,338.38425115783343,389.8467114564012,4.921878213399395e-14,2.5289463628633626e-13,-1.0,612.7006844025154,341.27537291657,439.096711456402,612.8602809432961,341.3149081761712,542.1467114564022,0.15959654078062613,0.03953525960116622,103.05000000000018
全倾转无人机总体装配模型,全倾转无人机总体装配模型173,361,3.000000000000005,612.0593970715889,338.3842511577462,734.8467114564012,4.921878213399395e-14,2.5289463628633626e-13,-1.0,612.7006844024951,341.27537291653374,582.546711456402,612.8602809432888,341.31490817613775,685.5967114564021,0.15959654079370011,0.03953525960400839,103.05000000000007
全倾转无人机总体装配模型,全倾转无人机总体装配模型173,362,3.000000000000005,612.059397071606,338.38425115783343,389.8467114564012,4.921878213399395e-14,2.5289463628633626e-13,-1.0,609.128740053263,339.0255384887817,397.5467114564011,612.7006844025658,341.3842511578315,437.09671145640203,3.5719443493028393,2.358712669049794,39.55000000000092
全倾转无人机总体装配模型,全倾转无人机总体装配模型173,363,3.000000000000005,612.059397071606,338.38425115783343,389.8467114564012,4.921878213399395e-14,2.5289463628633626e-13,-1.0,609.1287400532664,339.0255384887992,237.54671145640128,612.7006844025738,341.384251157872,367.146711456402,3.571944349307387,2.3587126690727587,129.6000000000007
全倾转无人机总体装配模型,全倾转无人机总体装配模型173,364,3.000000000000005,612.059397071606,338.38425115783343,389.8467114564012,4.921878213399395e-14,2.5289463628633626e-13,-1.0,612.7006844025109,341.2753729166143,237.54671145640197,612.860280943306,341.31490817622506,367.146711456402,0.15959654079506436,0.039535259610772755,129.60000000000002
全倾转无人机总体装配模型,全倾转无人机总体装配模型173,366,3.000000000000005,612.0351603142835,338.2734901626937,389.8467114564012,4.921878213399395e-14,2.5289463628633626e-13,-1.0,609.0351603142847,335.31210095736003,237.54671145640043,611.5553958152926,338.9147774936923,367.14671145640125,2.52023550100796,3.6026765363322966,129.60000000000082
全倾转无人机总体装配模型,全倾转无人机总体装配模型173,368,3.000000000000005,612.0351603142835,338.2734901626937,389.8467114564012,4.921878213399395e-14,2.5289463628633626e-13,-1.0,609.0351603142813,335.3121009573423,397.5467114564004,611.5553958152849,338.9147774936519,437.09671145640124,2.52023550100364,3.602676536309616,39.550000000000864
全倾转无人机总体装配模型,全倾转无人机总体装配模型173,371,3.000000000000005,612.059397071606,338.38425115783343,389.8467114564012,4.921878213399395e-14,2.5289463628633626e-13,-1.0,612.7006844025328,341.2753729165966,397.5467114564019,612.8602809432981,341.3149081761791,437.096711456402,0.1595965407652784,0.03953525958246473,39.55000000000007
全倾转无人机总体装配模型,全倾转无人机总体装配模型173,373,3.000000000000005,612.0593970715889,338.3842511577462,734.8467114564012,4.921878213399395e-14,2.5289463628633626e-13,-1.0,609.1287400532404,339.0255384886668,757.5467114564013,612.700684402548,341.38425115774044,887.1467114564019,3.5719443493075005,2.3587126690736113,129.6000000000006
全倾转无人机总体装配模型,全倾转无人机总体装配模型173,374,3.000000000000005,612.0593970715889,338.3842511577462,734.8467114564012,4.921878213399395e-14,2.5289463628633626e-13,-1.0,609.1287400532482,339.025538488707,687.5967114564012,612.7006844025514,341.3842511577581,727.146711456402,3.5719443493031804,2.3587126690511013,39.550000000000864
全倾转无人机总体装配模型,全倾转无人机总体装配模型173,375,3.000000000000005,612.0593970715889,338.3842511577462,734.8467114564012,4.921878213399395e-14,2.5289463628633626e-13,-1.0,612.7006844025494,341.2753729165232,687.596711456402,612.8602809432837,341.31490817609887,727.1467114564022,0.1595965407342419,0.03953525957564352,39.55000000000018
全倾转无人机总体装配模型,全倾转无人机总体装配模型173,376,3.000000000000005,612.0351603142665,338.27349016260644,734.8467114564012,4.921878213399395e-14,2.5289463628633626e-13,-1.0,609.0351603142668,335.3121009572689,687.5967114564002,611.5553958152705,338.91477749357847,727.1467114564012,2.52023550100364,3.602676536309559,39.55000000000109
全倾转无人机总体装配模型,全倾转无人机总体装配模型173,378,3.000000000000005,612.0593970715889,338.3842511577462,734.8467114564012,4.921878213399395e-14,2.5289463628633626e-13,-1.0,612.7006844025416,341.27537291648275,757.5467114564021,612.8602809432804,341.3149081760812,887.1467114564022,0.15959654073878937,0.03953525959843773,129.60000000000002
全倾转无人机总体装配模型,全倾转无人机总体装配模型173,380,3.000000000000005,612.0351603142665,338.27349016260644,734.8467114564012,4.921878213399395e-14,2.5289463628633626e-13,-1.0,609.035160314259,335.31210095722844,757.5467114564004,611.555395815267,338.9147774935608,887.146711456401,2.5202355010080737,3.6026765363323534,129.6000000000006
全倾转无人机总体装配模型,全倾转无人机总体装配模型173,395,4.999999999999999,583.9496946421799,344.4191646895889,562.3467114702684,4.849877309223992e-14,2.4955076894027453e-13,-1.0,579.4582713979083,346.6162348388413,683.5967114702687,586.1467647914573,349.41916468955867,685.5967114702696,6.688493393548924,2.802929850717362,2.0000000000009095
全倾转无人机总体装配模型,全倾转无人机总体装配模型173,397,4.999999999999999,583.9496946421799,344.4191646895889,562.3467114702684,-4.849877309223992e-14,-2.4955076894027453e-13,1.0,579.4582713979203,346.6162348389022,439.09671147026864,586.1467647914692,349.41916468961966,441.0967114702696,6.688493393548924,2.802929850717476,2.0000000000009663
全倾转无人机总体装配模型,全倾转无人机总体装配模型173,398,4.999999999999999,583.9496946421799,344.4191646895889,562.3467114702684,4.8495612290072627e-14,2.495523151103217e-13,-1.0,586.146764791469,342.2220945403359,439.09671147026796,588.9496946421859,348.9105879338852,441.0967114702696,2.802929850716964,6.688493393549322,2.0000000000016485
全倾转无人机总体装配模型,全倾转无人机总体装配模型173,399,4.999999999999993,-414.97768635035675,125.0134152671927,726.4017276361022,-5.551115123125783e-17,0.0,1.0,-419.97768635035675,120.0134152671927,724.4017276361022,-413.4686802088013,129.78026962460154,730.4017276361022,6.50900614155546,9.766854357408846,6.0
全倾转无人机总体装配模型,全倾转无人机总体装配模型173,402,4.999999999999993,-414.97768635035675,125.0134152671927,726.4017276361022,-5.551115123125783e-17,0.0,1.0,-416.48669249191227,120.24656090978384,724.4017276361022,-409.97768635035675,130.0134152671927,730.4017276361022,6.509006141555517,9.76685435740886,6.0
全倾转无人机总体装配模型,全倾转无人机总体装配模型173,404,4.999999999999993,-379.3280358756569,120.00318363265389,726.4017276363505,-5.551115123125783e-17,0.0,1.0,-384.3280358756569,115.00318363265389,724.4017276363505,-377.81902973410143,124.77003799006275,730.4017276363505,6.50900614155546,9.76685435740886,6.0
全倾转无人机总体装配模型,全倾转无人机总体装配模型173,406,4.999999999999993,-379.3280358756569,120.00318363265389,726.4017276363505,-5.551115123125783e-17,0.0,1.0,-380.8370420172124,115.23632927524503,724.4017276363505,-374.3280358756569,125.00318363265387,730.4017276363505,6.509006141555517,9.766854357408846,6.0
全倾转无人机总体装配模型,全倾转无人机总体装配模型173,407,6.000000000000018,-379.3280358756569,120.00318363265389,723.4017276363505,-5.551115123125783e-17,0.0,1.0,-385.3280358756569,114.00318363265387,723.4017276363505,-377.51722850579023,125.72340886154451,724.4017276363505,7.810807369866666,11.72022522889064,1.0
全倾转无人机总体装配模型,全倾转无人机总体装配模型173,408,6.000000000000018,-379.3280358756569,120.00318363265389,723.4017276363505,-5.551115123125783e-17,0.0,1.0,-381.13884324552356,114.28295840376326,723.4017276363505,-373.3280358756569,126.0031836326539,724.4017276363505,7.810807369866666,11.72022522889064,1.0
全倾转无人机总体装配模型,全倾转无人机总体装配模型173,409,4.999999999999997,-414.97768633935283,125.0134152675413,398.401727642153,-3.880351560886532e-17,1.2811737621956693e-16,-1.0,-415.92313591268584,120.10361638120344,394.401727642153,-409.97768633935283,130.0134152675413,400.401727642153,5.945449573333008,9.909798886337853,6.0
全倾转无人机总体装配模型,全倾转无人机总体装配模型173,412,4.999999999999997,-414.97768633935283,125.0134152675413,398.401727642153,-3.880351560886532e-17,1.2811737621956693e-16,-1.0,-419.97768633935283,120.0134152675413,394.401727642153,-414.0322367660198,129.92321415387917,400.401727642153,5.945449573333008,9.909798886337867,6.0
全倾转无人机总体装配模型,全倾转无人机总体装配模型173,413,6.000000000000013,-414.97768633935283,125.0134152675413,401.401727642153,-3.880351560886532e-17,1.2811737621956693e-16,-1.0,-416.1122258273524,119.12165660393586,400.401727642153,-408.97768633935283,131.01341526754132,401.401727642153,7.134539487999575,11.891758663605458,1.0
全倾转无人机总体装配模型,全倾转无人机总体装配模型173,414,6.000000000000013,-414.97768633935283,125.0134152675413,401.401727642153,-3.880351560886532e-17,1.2811737621956693e-16,-1.0,-420.97768633935283,119.01341526754129,400.401727642153,-413.84314685135325,130.90517393114675,401.401727642153,7.134539487999575,11.891758663605458,1.0
全倾转无人机总体装配模型,全倾转无人机总体装配模型173,416,4.999999999999997,-379.3280358646528,120.00318363300441,398.40172764215293,-1.4274352420244327e-17,1.314587185361118e-16,-1.0,-380.2734854379858,115.09338474666656,394.40172764215293,-374.3280358646528,125.00318363300441,400.40172764215293,5.945449573333008,9.909798886337853,6.0
全倾转无人机总体装配模型,全倾转无人机总体装配模型173,418,4.999999999999997,-379.3280358646528,120.00318363300441,398.40172764215293,-1.4274352420244327e-17,1.314587185361118e-16,-1.0,-384.3280358646528,115.00318363300441,394.40172764215293,-378.3825862913198,124.91298251934226,400.40172764215293,5.945449573333008,9.909798886337853,6.0
全倾转无人机总体装配模型,全倾转无人机总体装配模型173,419,6.000000000000013,-379.3280358646528,120.00318363300441,401.40172764215293,-1.4274352420244327e-17,1.314587185361118e-16,-1.0,-380.4625753526524,114.11142496939897,400.40172764215293,-373.3280358646528,126.00318363300443,401.40172764215293,7.134539487999575,11.891758663605458,1.0
全倾转无人机总体装配模型,全倾转无人机总体装配模型173,420,6.000000000000013,-379.3280358646528,120.00318363300441,401.40172764215293,-1.4274352420244327e-17,1.314587185361118e-16,-1.0,-385.3280358646528,114.0031836330044,400.40172764215293,-378.19349637665323,125.89494229660986,401.40172764215293,7.134539487999575,11.891758663605458,1.0
全倾转无人机总体装配模型,全倾转无人机总体装配模型173,421,1.4999999999999483,585.2366412906108,348.7094138124851,436.10172764215304,2.914335439641036e-16,-4.440892098500626e-16,1.0,583.7366412906108,347.20941381248514,436.10172764215304,586.4469723424947,349.59547179300637,441.2017276421531,2.7103310518839407,2.3860579805212296,5.10000000000008
全倾转无人机总体装配模型,全倾转无人机总体装配模型173,422,1.4999999999999483,585.2366412906108,348.7094138124851,436.10172764215304,2.914335439641036e-16,-4.440892098500626e-16,1.0,584.0263102387269,347.82335583196385,436.10172764215304,586.7366412906108,350.209413812485,441.2017276421531,2.7103310518839407,2.386057980521173,5.10000000000008
全倾转无人机总体装配模型,全倾转无人机总体装配模型173,423,1.4999999999999891,585.2366412906108,348.70941381248497,689.2017276421532,-2.914335439641036e-16,4.718447854656915e-16,-1.0,584.3742150281539,347.20941381248497,684.1017276421532,586.7366412906108,349.9366957449783,689.2017276421532,2.362426262456893,2.7272819324933266,5.100000000000023
全倾转无人机总体装配模型,全倾转无人机总体装配模型173,425,1.4999999999999891,585.2366412906108,348.70941381248497,689.2017276421532,-2.914335439641036e-16,4.718447854656915e-16,-1.0,583.7366412906108,347.48213187999164,684.1017276421532,586.0990675530677,350.20941381248497,689.2017276421532,2.362426262456893,2.7272819324933266,5.100000000000023
全倾转无人机总体装配模型,全倾转无人机总体装配模型173,426,2.9999999999999707,-577.978595976354,5.397020600766688,422.09671147770956,5.057029347800153e-17,3.3551691457569784e-16,-1.0,-580.974682012838,5.243826403797165,420.09671147770956,-574.978595976354,8.397020600766659,424.09671147770956,5.99608603648403,3.153194196969494,4.0
全倾转无人机总体装配模型,全倾转无人机总体装配模型173,427,2.9999999999999707,-577.978595976354,5.397020600766688,422.09671147770956,5.057029347800153e-17,3.3551691457569784e-16,-1.0,-580.978595976354,2.3970206007667167,420.09671147770956,-574.9825099398699,5.550214797736213,424.09671147770956,5.99608603648403,3.153194196969496,4.0
全倾转无人机总体装配模型,全倾转无人机总体装配模型173,428,2.9999999999999707,-577.9785959763541,5.397020600766938,702.0967114758051,5.0570293478553737e-17,3.355169145773991e-16,1.0,-580.9746820128381,5.243826403797414,700.0967114758051,-574.9785959763541,8.39702060076691,704.0967114758051,5.99608603648403,3.153194196969496,4.0
全倾转无人机总体装配模型,全倾转无人机总体装配模型173,429,2.9999999999999707,-577.9785959763541,5.397020600766938,702.0967114758051,5.0570293478553737e-17,3.355169145773991e-16,1.0,-580.9785959763541,2.3970206007669663,700.0967114758051,-574.98250993987,5.550214797736463,704.0967114758051,5.99608603648403,3.1531941969694968,4.0
全倾转无人机总体装配模型,全倾转无人机总体装配模型173,432,4.538901210479374,-456.83998710626366,215.545246162897,878.8885697813811,-1.0196358811290186e-16,1.3674261496273766e-16,-1.0,-457.47168006267754,211.00634495241763,808.888569781381,-452.3010858957843,220.0399750988072,868.8885697813802,5.170594166893238,9.033630146389555,59.999999999999204
全倾转无人机总体装配模型,全倾转无人机总体装配模型173,433,4.538901210479374,-456.83998710626366,215.545246162897,878.8885697813811,-1.0196358811290186e-16,1.3674261496273766e-16,-1.0,-461.37888831674303,211.0505172269868,808.888569781381,-456.20829414984973,220.08414737337637,868.8885697813802,5.170594166893295,9.033630146389555,59.999999999999204
全倾转无人机总体装配模型,全倾转无人机总体装配模型173,438,4.538901210479382,-456.8399871008093,215.5452461536296,245.914885495722,1.8187142642761846e-14,-3.4477378650383354e-14,1.0,-461.3788883112885,211.05051721771693,255.91488549572261,-456.2082941443946,220.08414736410865,315.9148854957222,5.17059416689392,9.033630146391715,59.9999999999996
全倾转无人机总体装配模型,全倾转无人机总体装配模型173,439,4.538901210479382,-456.8399871008093,215.5452461536296,245.914885495722,1.8187142642761846e-14,-3.4477378650383354e-14,1.0,-457.47168005722267,211.00634494314778,255.9148854957226,-452.3010858903287,220.03997508953958,315.9148854957222,5.170594166893977,9.0336301463918,59.99999999999963
全倾转无人机总体装配模型,全倾转无人机总体装配模型173,442,3.1000000000000365,-439.060831822676,214.16854669566555,826.0654281133296,-0.1391499436545401,-0.9901032959555438,-0.018241615030124506,-444.45020637279833,197.6082099485092,822.6618688059195,-440.9550453398921,201.06957414362898,828.9155620199737,3.4951610329062532,3.461364195119785,6.253693214054124
全倾转无人机总体装配模型,全倾转无人机总体装配模型173,443,3.0975780560729222,-424.260167855693,212.11007238663612,824.8917733130119,-0.1391499436545401,-0.9901032959555438,-0.018241615030124506,-429.6471440241984,195.54977938969023,821.4906355465365,-426.1543875216003,199.01075993771408,827.7394856787212,3.49275650259807,3.460980548023855,6.248850132184657
全倾转无人机总体装配模型,全倾转无人机总体装配模型173,444,9.999999999999993,-473.0187991750809,192.09653709289313,821.1047603011583,-0.9902680687416587,0.1391731009594364,2.2440382885235977e-14,-449.2065501775969,192.95455546038127,815.7842134600744,-418.17219487136884,198.10499162531852,817.3783244299257,31.034355306228065,5.150436164937247,1.5941109698512719
全倾转无人机总体装配模型,全倾转无人机总体装配模型173,445,14.999999999999972,-279.58066285719997,169.91200791187651,839.714783406242,-0.39672379092316223,0.7698118170797089,-0.4999999999999918,-279.2209331940332,175.1516727036318,835.362034467249,-265.8181145335386,181.79550715097494,851.8494401672682,13.402818660494574,6.643834447343153,16.487405700019167
全倾转无人机总体装配模型,全倾转无人机总体装配模型173,446,10.00000000000002,-439.66263729784293,214.63731605298906,827.7235377432194,0.13298872883673407,0.9909496729669757,0.018241262265361633,-451.8452968698515,197.53098215559655,824.1850304412626,-441.55225481124427,202.08856677927787,837.4661686182228,10.293042058607227,4.557584623681322,13.281138176960212
全倾转无人机总体装配模型,全倾转无人机总体装配模型173,448,25.00000000000002,-336.148760580318,152.53565771885573,842.3617059536507,-0.12984130120364945,-0.9238688633037316,0.3600104997352357,-357.9733434206521,171.7909046346317,841.4278574210933,-332.0139416388667,178.6433779326592,860.320188925664,25.959401781785402,6.852473298027519,18.89233150457062
全倾转无人机总体装配模型,全倾转无人机总体装配模型173,449,0.9999999999999877,-227.57902558373348,106.24065451981691,724.0967114777171,0.9902680687416587,-0.1391731009594364,-2.2440382885235977e-14,-395.364727942373,125.64795380356537,723.0967114777202,-365.5392939999992,130.74526604362222,723.7367009779858,29.82543394237382,5.097312240056851,0.6399895002656422
全倾转无人机总体装配模型,全倾转无人机总体装配模型173,452,9.999999999999991,-247.3339809187035,117.94397222531624,708.117515635704,0.34028823893063076,-0.38255177964185205,-0.8589866415366084,-306.8593168453961,160.4223270435571,827.8437291196162,-289.37019293515357,175.7045165521421,860.0992306624976,17.48912391024254,15.28218950858502,32.25550154288135
全倾转无人机总体装配模型,全倾转无人机总体装配模型173,455,14.999999999999972,-279.58066285719997,169.91200791187651,839.714783406242,-0.39672379092316223,0.7698118170797089,-0.4999999999999918,-282.3207352659058,161.2316904020798,825.2244023494753,-265.8115923516793,177.46110815487106,836.8620344672491,16.509142914226516,16.22941775279125,11.63763211777382
全倾转无人机总体装配模型,全倾转无人机总体装配模型173,458,9.999999999999991,-246.89877529805142,115.18208495250425,709.5199358682863,0.34028823893063076,-0.3825517796418521,-0.8589866415366085,-306.2883056395118,157.44391149794527,828.7599540088539,-288.742380643847,172.7899567436023,861.1588380375825,17.54592499566479,15.346045245657024,32.39888402872862
全倾转无人机总体装配模型,全倾转无人机总体装配模型173,465,0.9999999999999877,-398.7264029887786,130.82411724824027,724.0836855918928,0.9902680687416586,-0.1391731009594372,-2.2440382885236002e-14,-425.69075615031704,130.98343072433286,723.0967114777211,-398.6085637333677,135.45532653498077,723.5516309077852,27.08219241694934,4.471895810647908,0.4549194300641375
全倾转无人机总体装配模型,全倾转无人机总体装配模型173,470,9.999999999999993,-473.0187991750809,192.09653709289313,821.1047603011583,-0.9902680687416587,0.1391731009594364,2.2440382885235977e-14,-450.41313888002827,193.76337884678964,817.378324429925,-418.1010316113078,199.00370662972176,821.2871764514591,32.31210726872047,5.240327782932127,3.9088520215341305
全倾转无人机总体装配模型,全倾转无人机总体装配模型173,471,10.00000000000002,-428.14104155494084,196.04873411350738,827.4169512937444,-0.13298872883673238,-0.9909496729669759,-0.01824126226536163,-428.21100081272033,194.37427316912928,827.5647328114482,-417.86877144090124,198.57049963050082,837.4650329542742,10.342229371819087,4.196226461371538,9.90030014282604
全倾转无人机总体装配模型,全倾转无人机总体装配模型173,473,3.0975780560729222,-424.260167855693,212.11007238663612,824.8917733130119,-0.1391499436545401,-0.9901032959555438,-0.018241615030124506,-426.5875652563892,195.17101858020928,821.4906355465365,-423.0948087537911,198.63199912823313,827.7394856787212,3.4927565025981266,3.460980548023855,6.248850132184657
全倾转无人机总体装配模型,全倾转无人机总体装配模型173,474,3.1000000000000365,-439.060831822676,214.16854669566555,826.0654281133296,-0.1391499436545401,-0.9901032959555438,-0.018241615030124506,-441.3882353720633,197.2291529923531,822.6618688059195,-437.8930743391571,200.6905171874729,828.9155620199737,3.4951610329061964,3.461364195119785,6.253693214054124
全倾转无人机总体装配模型,全倾转无人机总体装配模型173,478,5.000000000000004,-474.5704358970601,145.12958545916626,311.2978841114553,-0.13917310095936392,-0.990268068741669,1.1102230246251565e-16,-471.6930019190033,200.83420923191937,306.2978841114553,-466.32414227241685,204.50087894294126,311.2978841114553,5.368859646586429,3.666669711021882,5.0
全倾转无人机总体装配模型,全倾转无人机总体装配模型173,493,25.000000000000025,-350.9675798055656,149.10126791939564,296.29471064111704,-0.12984130120358822,-0.9238688633037289,-0.360010499735265,-373.3336450848204,167.62566266137443,278.5700137514174,-350.89944653497713,175.20898813319917,299.299383085878,22.434198549843245,7.583325471824736,20.729369334460614
全倾转无人机总体装配模型,全倾转无人机总体装配模型173,498,1.000000000000001,-227.579025586014,106.24065449340794,400.401727642153,0.9902680687416691,-0.13917310095936392,-7.632783294297952e-17,-395.208598672953,125.68658253702104,400.76173814188826,-365.8141519107083,130.72332347903452,401.401727642153,29.394446762244684,5.0367409420134805,0.6399895002647327
全倾转无人机总体装配模型,全倾转无人机总体装配模型173,499,14.640662161054191,-484.16027022342996,-0.7463068840895815,562.0967078193607,0.0003681050728108971,-5.96826953269387e-07,-0.9999999322491473,-498.8329215836624,-0.7700043139300785,629.3835251224647,-469.54437965858335,13.89440717544074,649.0594219251625,29.288541925079073,14.664411489370819,19.67589680269782
全倾转无人机总体装配模型,全倾转无人机总体装配模型173,500,14.640662161054191,-484.16027022342996,-0.7463068840895815,562.0967078193607,-0.0003681050728108971,5.96826953269387e-07,0.9999999322491473,-498.77616078827657,-15.387020943619904,475.13399371355894,-469.4876188631975,-0.7226094542490826,494.8098905162567,29.288541925079073,14.66441148937082,19.675896802697764
全倾转无人机总体装配模型,全倾转无人机总体装配模型173,501,20.74363028696927,-484.16027022342996,-0.7463068840895815,562.0967078193607,0.0003681050728108971,-5.96826953269387e-07,-0.9999999322491473,-465.8911115217746,-0.7799291046657798,579.5277244918617,-463.4230553119263,9.04213339473377,615.8343998050577,2.468056209848271,9.82206249939955,36.306675313196024
全倾转无人机总体装配模型,全倾转无人机总体装配模型173,502,20.74363028696927,-484.16027022342996,-0.7463068840895815,562.0967078193607,0.0003681050728108971,-5.96826953269387e-07,-0.9999999322491473,-465.8649192441363,-0.779971571500433,508.37337808819655,-463.396863034288,9.042090927899102,544.6800534013923,2.468056209848271,9.822062499399534,36.3066753131958
全倾转无人机总体装配模型,全倾转无人机总体装配模型173,503,20.74363028696927,-484.16027022342996,-0.7463068840895815,562.0967078193607,0.0003681050728108971,-5.96826953269387e-07,-0.9999999322491473,-504.9236774125719,-21.489969238603035,508.35901583366376,-463.3968902993829,-0.7126421966787326,615.8343998050577,41.526787113189016,20.777327041924302,107.47538397139397
全倾转无人机总体装配模型,全倾转无人机总体装配模型173,517,19.999999999999975,-484.16027022342996,-0.7463068840895815,562.0967078193607,0.9999986178653718,-0.0016213468615521762,0.0003681055566430855,-478.69504446471143,-20.778707533646873,542.8711019203104,-464.1621445871222,-6.259582971312822,581.3316998526223,14.532899877589216,14.519124562334051,38.460597932311885
全倾转无人机总体装配模型,全倾转无人机总体装配模型173,520,20.74363028696927,-484.16027022342996,-0.7463068840895815,562.0967078193607,0.0003681050728108971,-5.96826953269387e-07,-0.9999999322491473,-504.9236501474771,-0.712706331774483,508.35901583366376,-502.397592000117,9.101387279174297,615.8200375505224,2.526058147360061,9.81409361094878,107.46102171685868
全倾转无人机总体装配模型,全倾转无人机总体装配模型173,522,14.640662161054191,-484.16027022342996,-0.7463068840895815,562.0967078193607,-0.0003681050728108971,5.96826953269387e-07,0.9999999322491473,-498.7761415448252,-0.7700963742141931,475.13399371355894,-469.4875996197461,13.89431511515663,494.8098905162567,29.288541925079073,14.664411489370822,19.675896802697764
全倾转无人机总体装配模型,全倾转无人机总体装配模型173,526,14.640662161054191,-484.16027022342996,-0.7463068840895815,562.0967078193607,0.0003681050728108971,-5.96826953269387e-07,-0.9999999322491473,-498.8329408271138,-15.386928883335793,629.3835251224647,-469.54439890203474,-0.7225173939649752,649.0594219251625,29.288541925079073,14.664411489370817,19.67589680269782
全倾转无人机总体装配模型,全倾转无人机总体装配模型173,528,14.64066216105417,232.47417277225242,-1.908221495052348,562.265440006091,2.617525459661251e-13,1.2382174307690507e-13,1.0,217.8335298546256,-1.931959088317231,475.30810931794616,247.11483493328896,12.732440665993492,494.97322883479177,29.281305078663365,14.664399754310724,19.665119516845607
全倾转无人机总体装配模型,全倾转无人机总体装配模型173,529,14.64066216105417,232.47417277225242,-1.908221495052348,562.265440006091,-2.617525459661251e-13,-1.2382174307690507e-13,-1.0,217.83351061121587,-16.548883656098187,629.5576511773902,247.11481568987924,-1.8844839017874666,649.2227706942359,29.281305078663365,14.66439975431072,19.66511951684572
全倾转无人机总体装配模型,全倾转无人机总体装配模型173,530,20.74363028696922,232.47417277225242,-1.908221495052348,562.265440006091,2.617525459661251e-13,1.2382174307690507e-13,1.0,211.73056975036206,-1.8745888729173974,508.5353802257139,214.2170714499806,7.939440602668702,544.8411485620442,2.486501699618543,9.8140294755861,36.30576833633029
全倾转无人机总体装配模型,全倾转无人机总体装配模型173,531,20.74363028696922,232.47417277225242,-1.908221495052348,562.265440006091,2.617525459661251e-13,1.2382174307690507e-13,1.0,211.73056975038068,-1.8745888729085685,579.689731450147,214.2170714499992,7.939440602677513,615.9954997864772,2.4865016996185147,9.81402947558608,36.30576833633029
全倾转无人机总体装配模型,全倾转无人机总体装配模型173,532,20.74363028696922,232.47417277225242,-1.908221495052348,562.265440006091,2.617525459661251e-13,1.2382174307690507e-13,1.0,211.73054248526913,-22.65185178202822,508.5353802257049,253.21777579414277,-1.8745888729040732,615.9954997864778,41.48723330887364,20.777262909124147,107.46011956077291
全倾转无人机总体装配模型,全倾转无人机总体装配模型173,546,20.000000000000018,232.47417277225242,-1.908221495052348,562.265440006091,-0.9999986856161354,0.0016213469714000217,2.615514438585869e-13,212.44177212050167,-21.89928025451323,543.0378087812768,226.96676995948386,-7.380167166155924,581.4930712309133,14.524997838982188,14.519113088357305,38.45526244963651
全倾转无人机总体装配模型,全倾转无人机总体装配模型173,549,20.74363028696922,232.47417277225242,-1.908221495052348,562.265440006091,2.617525459661251e-13,1.2382174307690507e-13,1.0,250.76311101947397,-1.94185411720062,508.5353802257043,253.2178030592357,7.880186714222485,615.9954997864663,2.4546920397617384,9.822040831423106,107.46011956076205
全倾转无人机总体装配模型,全倾转无人机总体装配模型173,551,14.64066216105417,232.47417277225242,-1.908221495052348,562.265440006091,-2.617525459661251e-13,-1.2382174307690507e-13,-1.0,217.83352985466598,-1.9319590882981281,629.5576511773899,247.11483493332935,12.732440666012591,649.2227706942356,29.281305078663365,14.66439975431072,19.66511951684572
全倾转无人机总体装配模型,全倾转无人机总体装配模型173,555,14.64066216105417,232.47417277225242,-1.908221495052348,562.265440006091,2.617525459661251e-13,1.2382174307690507e-13,1.0,217.83351061117548,-16.548883656117287,475.3081093179466,247.11481568983885,-1.8844839018065624,494.9732288347922,29.281305078663365,14.664399754310724,19.665119516845607
全倾转无人机总体装配模型,全倾转无人机总体装配模型173,558,2.0999999999999908,-384.9933240948913,245.636393707968,471.09671147770973,0.1407784861665961,0.9900411192635594,7.718672346494198e-17,-385.24077467661493,258.5175858271281,468.99671147770977,-382.73935286766164,261.7833440058685,473.1967114777097,2.501421808953296,3.265758178740441,4.199999999999932
全倾转无人机总体装配模型,全倾转无人机总体装配模型173,559,2.0999999999999908,-384.9933240948913,245.636393707968,471.09671147770973,0.1407784861665961,0.9900411192635594,7.718672346494198e-17,-383.1616883261615,258.22195100617824,468.99671147770977,-380.66026651720824,261.4877091849187,473.1967114777097,2.501421808953239,3.265758178740441,4.199999999999932
全倾转无人机总体装配模型,全倾转无人机总体装配模型173,560,2.0999999999999908,-384.9933240948913,245.636393707968,653.0967114777097,0.1407784861665961,0.9900411192635594,7.718672346494198e-17,-385.24077467661493,258.517585827128,650.9967114777097,-382.73935286766164,261.7833440058685,655.1967114777098,2.501421808953296,3.265758178740498,4.2000000000000455
全倾转无人机总体装配模型,全倾转无人机总体装配模型173,561,2.0999999999999908,-384.9933240948913,245.636393707968,653.0967114777097,0.1407784861665961,0.9900411192635594,7.718672346494198e-17,-383.1616883261615,258.2219510061782,650.9967114777097,-380.66026651720824,261.4877091849187,655.1967114777098,2.501421808953239,3.265758178740498,4.2000000000000455
全倾转无人机总体装配模型,全倾转无人机总体装配模型173,562,2.0999999999999908,125.86789344510449,172.99469484600453,653.0967114777097,0.1407784861665961,0.9900411192635594,7.718672346494198e-17,125.62044286338083,185.87588696516457,650.9967114777097,128.12186467233408,189.14164514390504,655.1967114777098,2.5014218089532534,3.2657581787404695,4.2000000000000455
全倾转无人机总体装配模型,全倾转无人机总体装配模型173,574,2.0999999999999908,125.86789344510466,172.9946948460045,603.0967114777097,0.1407784861665961,0.9900411192635594,7.718672346494198e-17,125.620442863381,185.87588696516454,600.9967114777097,128.12186467233428,189.14164514390515,605.1967114777098,2.501421808953282,3.2657581787406116,4.2000000000000455
全倾转无人机总体装配模型,全倾转无人机总体装配模型173,582,2.0999999999999908,-384.9933240948913,245.636393707968,603.0967114777097,0.1407784861665961,0.9900411192635594,7.718672346494198e-17,-385.24077467661493,258.517585827128,600.9967114777097,-382.73935286766164,261.7833440058687,605.1967114777098,2.501421808953296,3.2657581787406684,4.2000000000000455
全倾转无人机总体装配模型,全倾转无人机总体装配模型173,583,2.0999999999999908,-384.9933240948913,245.636393707968,603.0967114777097,0.1407784861665961,0.9900411192635594,7.718672346494198e-17,-383.1616883261615,258.2219510061782,600.9967114777097,-380.66026651720824,261.48770918491886,605.1967114777098,2.501421808953239,3.2657581787406684,4.2000000000000455
全倾转无人机总体装配模型,全倾转无人机总体装配模型173,591,2.0999999999999908,125.86789344510466,172.9946948460045,603.0967114777097,0.1407784861665961,0.9900411192635594,7.718672346494198e-17,127.69952921383445,185.58025214421465,600.9967114777097,130.20095102278776,188.8460103229553,605.1967114777098,2.5014218089533102,3.26575817874064,4.2000000000000455
全倾转无人机总体装配模型,全倾转无人机总体装配模型173,604,2.0999999999999908,125.86789344510449,172.99469484600453,653.0967114777097,0.1407784861665961,0.9900411192635594,7.718672346494198e-17,127.6995292138343,185.5802521442147,650.9967114777097,130.20095102278754,188.84601032295518,655.1967114777098,2.501421808953239,3.2657581787404695,4.2000000000000455
全倾转无人机总体装配模型,全倾转无人机总体装配模型173,605,4.250000000000014,-374.9578727148424,-4.92336735016621,632.9017276421233,-0.001621346971428218,-0.9999986856161354,1.0745344364115216e-14,-379.21110982265384,-6.929180500605269,628.6517276421233,-371.36763003565284,-2.916479254306035,635.1811787345038,7.843479787001002,4.012701246299233,6.529451092380441
全倾转无人机总体装配模型,全倾转无人机总体装配模型173,606,4.250000000000014,-374.9578727148424,-4.92336735016621,632.9017276421233,-0.001621346971428218,-0.9999986856161354,1.0745344364115216e-14,-378.5481153940319,-6.930255446027055,630.6222765497431,-370.7046356070309,-2.9175541997278214,637.1517276421233,7.843479787001002,4.012701246299233,6.529451092380214
全倾转无人机总体装配模型,全倾转无人机总体装配模型173,614,6.000000000000011,281.25023927886105,111.76638147424136,306.329860042617,-0.988451968738685,0.15066109701239205,-0.016246210131607996,201.26487476380197,105.83486864710417,299.51349301292487,280.9836059839063,121.47507291687185,308.26367756723766,79.7187312201043,15.640204269767679,8.750184554312796
全倾转无人机总体装配模型,全倾转无人机总体装配模型173,615,6.000000000000011,281.37673213144654,112.98317897271195,309.9178929635132,-0.988451968738685,0.15066109701239205,-0.016246210131607996,201.41368433875516,107.37302965307752,310.5520136776052,281.44082681804525,126.09341081409973,315.9171010932274,80.02714247929009,18.720381161022203,5.365087415622213
全倾转无人机总体装配模型,全倾转无人机总体装配模型173,630,4.999999999999993,514.6401071316035,76.83167820579591,308.91661219764893,-0.988451968738685,0.15066109701239205,-0.016246210131607996,464.45983618136574,71.88875084984828,303.4372531868969,514.4449837525347,82.58131355258313,310.5281268014995,49.98514757116891,10.692562702734847,7.0908736146026285
全倾转无人机总体装配模型,全倾转无人机总体装配模型173,632,4.999999999999993,514.7062414162468,77.46785669708898,310.79254420210714,-0.988451968738685,0.15066109701239203,-0.016246210131607992,464.5445677346488,72.79273226406028,311.59174829937723,514.7249725031509,85.65828189838146,315.7918843102023,50.18040476850206,12.865549634321184,4.2001360108250765
全倾转无人机总体装配模型,全倾转无人机总体装配模型173,675,7.500000000000007,-218.90099157243242,130.10500929896912,248.93441636339386,0.14661986576416963,0.9237987214090778,-0.35369271590782037,-226.31993840413875,127.46508221009695,237.32119849547556,-216.70783703422336,144.98598119771728,255.9485706737558,9.612101369915393,17.520898987620328,18.62737217828024
全倾转无人机总体装配模型,全倾转无人机总体装配模型173,676,7.500000000000007,-218.90099157243242,130.10500929896912,248.93441636339386,0.14661986576416963,0.9237987214090778,-0.35369271590782037,-219.18808785570724,127.23342077853899,237.32225674623027,-209.57598648579187,144.75431976615934,255.9496289245105,9.612101369915365,17.520898987620356,18.62737217828024
全倾转无人机总体装配模型,全倾转无人机总体装配模型173,681,40.74015951676784,-151.68774944083665,606.5073835713905,89.45647438895072,-0.14661986576416752,-0.9237987214090781,0.35369271590782014,-156.81608541529857,572.4328792246965,51.582496285143115,-111.38787245815192,621.3566338369466,134.63711254496377,45.428212957146656,48.923754612250036,83.05461625982065
全倾转无人机总体装配模型,全倾转无人机总体装配模型173,689,40.74015951676784,-151.68774944083665,606.5073835713905,89.45647438895072,-0.14661986576416752,-0.9237987214090781,0.35369271590782014,-194.92002373880476,573.1821588776528,51.34969055109409,-149.49181078165807,622.1059134899028,134.40430681091476,45.428212957146684,48.923754612250036,83.05461625982068
全倾转无人机总体装配模型,全倾转无人机总体装配模型173,693,43.999999999999986,-160.0450817893942,553.8508564510731,109.61695919569647,-0.14661986576416763,-0.9237987214090783,0.3536927159078202,-171.84048672989405,546.2421910119737,59.15688222646347,-111.53551827406869,602.0801552672384,147.2359457285025,60.30496845582536,55.83796425526475,88.07906350203902
全倾转无人机总体装配模型,全倾转无人机总体装配模型173,698,43.999999999999986,-160.0450817893942,553.8508564510731,109.61695919569647,-0.14661986576416763,-0.9237987214090783,0.3536927159078202,-202.10337121109637,546.2687013769071,56.435493162946415,-141.798402755271,602.1066656321718,144.51455666498543,60.30496845582536,55.83796425526475,88.07906350203902
全倾转无人机总体装配模型,全倾转无人机总体装配模型173,703,4.000000000000012,-192.64069689827429,231.16360749257575,269.8257085310117,0.14661986576417307,0.9237987214090773,-0.3536927159078203,-217.27568386403183,99.46969381613975,210.22405581001865,-169.63751132225454,377.6657419735214,319.6430101003802,47.638172541777294,278.19604815738165,109.41895429036154
全倾转无人机总体装配模型,全倾转无人机总体装配模型173,705,4.000000000000012,-132.57868465357808,564.0563990557366,133.52185259688184,0.14661986576416855,0.9237987214090779,-0.3536927159078204,-205.73549951791588,101.55439396314789,136.062686448763,-129.64825207035054,558.9977691199382,314.10965725005434,76.08724744756535,457.4433751567903,178.04697080129134
全倾转无人机总体装配模型,全倾转无人机总体装配模型173,709,4.000000000000012,-131.7952605002508,543.5409698892709,80.2630184685261,0.14661986576416855,0.9237987214090779,-0.3536927159078204,-205.25831140008168,80.11009530716912,76.5221315751401,-127.84145072067997,542.9383375015179,257.1743612629627,77.41686067940171,462.82824219434883,180.6522296878226
全倾转无人机总体装配模型,全倾转无人机总体装配模型173,710,4.000000000000012,-129.49849023405213,564.6603866002482,136.37625295142144,-0.14661986576416855,-0.9237987214090779,0.3536927159078204,-202.65530509838985,102.15838150765964,137.85600865557905,-126.12819805353203,562.3731528286773,316.96405760459385,76.52710704485781,460.2147713210177,179.1080489490148
全倾转无人机总体装配模型,全倾转无人机总体装配模型173,713,4.000000000000012,-186.0452802675685,552.8833010605015,82.17513863543257,-0.14661986576416855,-0.9237987214090779,0.3536927159078204,-263.31198479322956,89.57597924189704,79.49476548936758,-186.63825597799155,550.7145612846203,258.95651174881647,76.67372881523801,461.1385820427233,179.4617462594489
全倾转无人机总体装配模型,全倾转无人机总体装配模型173,715,4.000000000000012,-189.1254746870945,552.2793135159897,79.32073828089298,0.14661986576416855,0.9237987214090779,-0.3536927159078204,-266.3921792127555,88.9719916973855,75.57929158163074,-189.27859270484106,552.8819579040394,256.1021113942769,77.11358650791442,463.90996620665385,180.52281981264616
全倾转无人机总体装配模型,全倾转无人机总体装配模型173,716,3.9999999999999845,-189.56050247874836,231.76759503708743,272.68010888555125,0.14661986576417307,0.9237987214090773,-0.3536927159078203,-215.5334427081374,91.64372197004687,213.07845032285402,-166.55731448110708,378.26974477579404,325.72496983853495,48.9761282270303,286.6260228057472,112.64651951568092
全倾转无人机总体装配模型,全倾转无人机总体装配模型173,723,4.000000000000012,-207.95571077524116,83.14956331131796,259.86629951618625,0.14661986576416855,0.9237987214090779,-0.3536927159078204,-208.10882879298774,81.61804943375516,81.754908274771,-131.71830907855127,537.9796885779439,259.9312843567127,76.39051971443646,456.3616391441887,178.1763760819417
全倾转无人机总体装配模型,全倾转无人机总体装配模型173,732,3.7500000000000164,-136.87438812965522,434.54627973674434,178.699152489926,-0.988451968738685,0.15066109701239147,-0.016246210131605657,-144.36180629580355,430.87850993807524,175.0783518638238,-136.98950283886026,436.92087096026717,182.444406184829,7.3723034569432855,6.042361022191926,7.366054321005208
全倾转无人机总体装配模型,全倾转无人机总体装配模型173,733,3.7499999999999907,-170.96350691982414,219.76307700913367,260.93270893849416,-0.988451968738685,0.15066109701239147,-0.016246210131605657,-178.4509250859725,216.09530721046457,257.311908312392,-171.07862162902921,222.13766823265652,264.67796263339716,7.3723034569432855,6.042361022191955,7.3660543210051515
全倾转无人机总体装配模型,全倾转无人机总体装配模型173,734,3.7499999999999907,-119.82982873457075,541.9378811005496,137.5823742656419,-0.988451968738685,0.15066109701239147,-0.016246210131605657,-127.3172469007191,538.2701113018804,133.96157363953967,-119.94494344377584,544.3124723240724,141.32762796054487,7.372303456943257,6.042361022191926,7.366054321005208
全倾转无人机总体装配模型,全倾转无人机总体装配模型173,735,3.7499999999999907,-153.91894752473968,327.1546783729389,219.81593071421014,-0.988451968738685,0.15066109701239147,-0.016246210131605657,-161.40636569088807,323.4869085742698,216.19513008810796,-154.0340622339448,329.52926959646175,223.5611844091131,7.372303456943257,6.042361022191926,7.3660543210051515
全倾转无人机总体装配模型,全倾转无人机总体装配模型173,736,3.7499999999999907,-155.83292274657188,309.55516444712447,173.05490197846402,-0.988451968738685,0.15066109701239147,-0.016246210131605657,-163.32034091272027,305.84796893016374,169.43410135236184,-155.68937460493447,311.92975567064735,176.80440705953538,7.630966307785798,6.081786740483608,7.370305707173543
全倾转无人机总体装配模型,全倾转无人机总体装配模型173,737,3.7499999999999862,-189.9220415367408,94.77196171951385,255.2884584270322,-0.988451968738685,0.15066109701239147,-0.016246210131605657,-197.4094597028891,91.06476620255312,251.66765780093002,-189.77849339510334,97.14655294303667,259.03796350810353,7.630966307785769,6.081786740483551,7.3703057071735145
全倾转无人机总体装配模型,全倾转无人机总体装配模型173,738,3.7499999999999907,-155.83292274657188,309.55516444712447,173.05490197846402,-0.988451968738685,0.15066109701239147,-0.016246210131605657,-239.43114250559898,317.44887340011786,168.1831431722282,-231.80017619781322,323.53066014060147,175.55344887940174,7.630966307785769,6.081786740483608,7.370305707173543
全倾转无人机总体装配模型,全倾转无人机总体装配模型173,739,3.7499999999999907,-172.87748214165632,202.16356308331916,214.17168020274806,-0.988451968738685,0.15066109701239147,-0.016246210131605657,-256.4757019006835,210.05727203631258,209.29992139651225,-248.84473559289768,216.13905877679616,216.6702271036858,7.630966307785798,6.0817867404835795,7.370305707173543
全倾转无人机总体装配模型,全倾转无人机总体装配模型173,740,3.7499999999999862,-189.9220415367408,94.77196171951385,255.2884584270322,-0.988451968738685,0.15066109701239147,-0.016246210131605657,-273.5202612957679,102.66567067250728,250.41669962079638,-265.8892949879821,108.74745741299083,257.7870053279699,7.630966307785798,6.081786740483551,7.3703057071735145
全倾转无人机总体装配模型,全倾转无人机总体装配模型173,741,3.7500000000000164,-136.87438812965522,434.54627973674434,178.699152489926,-0.988451968738685,0.15066109701239147,-0.016246210131605657,-220.21394503783978,442.43998868973773,173.83164506985855,-212.84164158089644,448.4823497119298,181.19769939086376,7.372303456943342,6.042361022192097,7.366054321005208
全倾转无人机总体装配模型,全倾转无人机总体装配模型173,742,3.7499999999999907,-170.96350691982414,219.76307700913367,260.93270893849416,-0.988451968738685,0.15066109701239147,-0.016246210131605657,-254.30306382800876,227.6567859621271,256.06520151842676,-246.93076037106547,233.69914698431913,263.4312558394319,7.3723034569432855,6.04236102219204,7.3660543210051515
全倾转无人机总体装配模型,全倾转无人机总体装配模型173,743,3.7499999999999907,-153.91894752473968,327.1546783729389,219.81593071421014,-0.988451968738685,0.15066109701239147,-0.016246210131605657,-237.2585044329243,335.0483873259323,214.94842329414269,-229.88620097598096,341.09074834812435,222.31447761514787,7.372303456943342,6.04236102219204,7.36605432100518
全倾转无人机总体装配模型,全倾转无人机总体装配模型173,745,3.7500000000000036,-121.74380395640294,524.3383671747351,90.8213455298958,-0.988451968738685,0.15066109701239147,-0.016246210131605657,-205.3420237154301,532.2320761277285,85.94958672365993,-197.71105740764426,538.313862868212,93.31989243083353,7.630966307785826,6.081786740483494,7.3703057071736
全倾转无人机总体装配模型,全倾转无人机总体装配模型173,746,3.7500000000000164,-138.78836335148742,416.94676581092983,131.9381237541799,-0.988451968738685,0.15066109701239147,-0.016246210131605657,-222.38658311051452,424.8404747639232,127.06636494794407,-214.75561680272864,430.92226150440695,134.43667065511767,7.630966307785883,6.081786740483722,7.3703057071736
全倾转无人机总体装配模型,全倾转无人机总体装配模型173,747,3.7500000000000036,-121.74380395640294,524.3383671747351,90.8213455298958,-0.988451968738685,0.15066109701239147,-0.016246210131605657,-129.23122212255134,520.6311716577744,87.20054490379357,-121.6002558147655,526.7129583982579,94.57085061096717,7.63096630778584,6.081786740483494,7.3703057071736
全倾转无人机总体装配模型,全倾转无人机总体装配模型173,748,3.7500000000000164,-138.78836335148742,416.94676581092983,131.9381237541799,-0.988451968738685,0.15066109701239147,-0.016246210131605657,-146.27578151763578,413.2395702939691,128.31732312807773,-138.64481520984992,419.3213570344528,135.6876288352513,7.6309663077858545,6.081786740483665,7.370305707173571
全倾转无人机总体装配模型,全倾转无人机总体装配模型173,749,3.7500000000000164,-138.78836335148742,416.94676581092983,131.9381237541799,-0.988451968738685,0.15066109701239147,-0.016246210131605657,-145.85107527429565,415.6268022664937,128.0748952021873,-138.22010896650986,421.7085890069773,135.4452009093609,7.630966307785798,6.081786740483608,7.3703057071736
全倾转无人机总体装配模型,全倾转无人机总体装配模型173,750,3.7500000000000036,-121.74380395640294,524.3383671747351,90.8213455298958,-0.988451968738685,0.15066109701239147,-0.016246210131605657,-128.80651587921122,523.018403630299,86.95811697790317,-121.17554957142539,529.1001903707826,94.32842268507676,7.630966307785826,6.081786740483608,7.370305707173586
全倾转无人机总体装配模型,全倾转无人机总体装配模型173,751,3.7500000000000164,-138.78836335148742,416.94676581092983,131.9381237541799,-0.988451968738685,0.15066109701239147,-0.016246210131605657,-221.9618768671744,427.22770673644783,126.82393702205366,-214.33091055938854,433.30949347693144,134.19424272922726,7.6309663077858545,6.081786740483608,7.3703057071736
全倾转无人机总体装配模型,全倾转无人机总体装配模型173,752,3.7500000000000036,-121.74380395640294,524.3383671747351,90.8213455298958,-0.988451968738685,0.15066109701239147,-0.016246210131605657,-204.91731747208996,534.6193081002531,85.70715879776954,-197.28635116430416,540.7010948407367,93.07746450494312,7.630966307785798,6.081786740483608,7.370305707173586
全倾转无人机总体装配模型,全倾转无人机总体装配模型173,753,10.000000000000004,-172.46633050398975,538.9581006213782,76.87918967967094,0.14661986576416744,0.9237987214090781,-0.35369271590782025,-181.04142557140088,543.735092650119,63.98864577243725,-171.3829268907145,549.7026988055928,73.54011432665543,9.658498680686392,5.967606155473845,9.551468554218175
全倾转无人机总体装配模型,全倾转无人机总体装配模型173,755,3.000000000000045,-146.61585887398036,537.4668027913327,63.90898661363077,0.988451968738685,-0.15066109701239158,0.01624621013160533,-176.38425644945087,536.4108319557838,60.421996244825465,-146.17599927668783,544.7580318659318,62.847908465907366,30.20825717276304,8.347199910147992,2.4259122210819015
全倾转无人机总体装配模型,全倾转无人机总体装配模型173,758,3.000000000000045,-120.44312334030666,556.3783142880778,124.15301243854432,0.03827950443664427,0.35199027851628983,0.9352205747149225,-121.53444392047992,541.846719856389,85.68311130222389,-117.44532212677348,559.1497104523052,124.2017510689392,4.08912179370644,17.302990595916185,38.51863976671531
全倾转无人机总体装配模型,全倾转无人机总体装配模型173,760,2.999999999999987,-197.54237690192411,568.1298798550444,122.88580804827909,-0.03827950443664393,-0.3519902785162899,-0.9352205747149225,-202.03891298560592,554.5022520054298,84.41478814306598,-197.1025173046316,570.9378908226993,122.83706941788435,4.936395680974329,16.435638817269478,38.422281274818374
全倾转无人机总体装配模型,全倾转无人机总体装配模型173,762,3.000000000000045,-143.24726248355566,568.4419473007663,146.20839718854396,-0.988451968738685,0.15066109701239158,-0.01624621013160533,-172.78598303240628,569.4979181363151,144.65993273687226,-142.7926589755736,575.9275366247067,149.0140589126888,29.993324056832677,6.429618488391611,4.354126175816532
全倾转无人机总体装配模型,全倾转无人机总体装配模型173,766,24.999999999999996,-217.0360438748263,100.86621607606355,299.54838320157245,0.14661986576416744,0.9237987214090781,-0.35369271590782025,-216.07905626391025,97.09968865075373,124.52295136458363,-119.58276768344479,567.8701388578737,322.9324250719612,96.49628858046546,470.77045020712,198.40947370737754
全倾转无人机总体装配模型,全倾转无人机总体装配模型173,770,24.999999999999996,-218.56722405229206,86.78660493541196,262.13956021297554,0.14661986576416744,0.9237987214090781,-0.35369271590782025,-219.5242116632082,77.21464320064483,63.327458754823645,-121.13247141479789,541.2242433290049,262.54571546626573,98.39174024841031,464.0096001283601,199.21825671144208
全倾转无人机总体装配模型,全倾转无人机总体装配模型173,772,25.00000000000003,-248.22078311445262,91.30643784578368,261.6521739090274,0.14661986576416744,0.9237987214090781,-0.35369271590782025,-272.9506058868071,82.50668088287642,62.83654494835976,-176.45431730634166,553.2771310899964,261.2460186557373,96.49628858046546,470.77045020711995,198.40947370737757
全倾转无人机总体装配模型,全倾转无人机总体装配模型173,774,24.999999999999996,-246.68960293698686,105.38604898643527,299.06099689762425,0.14661986576416744,0.9237987214090781,-0.35369271590782025,-271.400902155454,109.15257641174506,123.22325455405529,-173.00916190704368,573.1621765401051,322.4415112654973,98.39174024841031,464.00960012836003,199.218256711442
全倾转无人机总体装配模型,全倾转无人机总体装配模型173,775,1.9999999999999787,-263.2879997135534,114.30994444396447,315.48833126174907,0.14661986576416744,0.9237987214090781,-0.35369271590782025,-264.6158714556787,114.5581389897587,217.1215577785188,-220.46285339785825,375.3339930408179,317.35905461138015,44.15301805782045,260.77585405105924,100.23749683286135
全倾转无人机总体装配模型,全倾转无人机总体装配模型173,776,3.7499999999999907,-153.91894752473968,327.1546783729389,219.81593071421014,-0.988451968738685,0.15066109701239147,-0.016246210131605657,-236.83379818958417,337.4356192984569,214.7059953682523,-229.46149473264086,343.4779803206489,222.07204968925745,7.372303456943314,6.042361022191983,7.3660543210051515
全倾转无人机总体装配模型,全倾转无人机总体装配模型173,777,3.7499999999999907,-170.96350691982414,219.76307700913367,260.93270893849416,-0.988451968738685,0.15066109701239147,-0.016246210131605657,-253.87835758466863,230.0440179346517,255.82277359253632,-246.50605412772538,236.08637895684367,263.18882791354145,7.372303456943257,6.042361022191983,7.366054321005123
全倾转无人机总体装配模型,全倾转无人机总体装配模型173,778,3.7500000000000164,-136.87438812965522,434.54627973674434,178.699152489926,-0.988451968738685,0.15066109701239147,-0.016246210131605657,-219.78923879449974,444.82722066226233,173.58921714396814,-212.41693533755634,450.8695816844543,180.95527146497335,7.372303456943399,6.042361022191983,7.366054321005208
全倾转无人机总体装配模型,全倾转无人机总体装配模型173,779,27.000000000000032,-246.68960293698686,105.38604898643527,299.06099689762425,0.14661986576416744,0.9237987214090781,-0.35369271590782025,-273.3778060929314,109.45389860576985,122.83706941788422,-172.78598303240622,574.8517322002956,324.3119524149272,100.59182306052517,465.39783359452576,201.47488299704298
全倾转无人机总体装配模型,全倾转无人机总体装配模型173,780,3.7499999999999862,-189.9220415367408,94.77196171951385,255.2884584270322,-0.988451968738685,0.15066109701239147,-0.016246210131605657,-273.0955550524278,105.05290264503192,250.17427169490597,-265.464588744642,111.13468938551546,257.5445774020795,7.630966307785798,6.081786740483537,7.3703057071735145
全倾转无人机总体装配模型,全倾转无人机总体装配模型173,781,3.7499999999999907,-172.87748214165632,202.16356308331916,214.17168020274806,-0.988451968738685,0.15066109701239147,-0.016246210131605657,-256.0509956573434,212.44450400883724,209.05749347062184,-248.42002934955755,218.52629074932076,216.42779917779538,7.630966307785826,6.081786740483523,7.370305707173543
全倾转无人机总体装配模型,全倾转无人机总体装配模型173,783,3.7499999999999907,-155.83292274657188,309.55516444712447,173.05490197846402,-0.988451968738685,0.15066109701239147,-0.016246210131605657,-239.0064362622589,319.8361053726425,167.9407152463378,-231.3754699544731,325.9178921131261,175.31102095351133,7.630966307785798,6.081786740483551,7.370305707173543
全倾转无人机总体装配模型,全倾转无人机总体装配模型173,784,27.000000000000004,-248.22078311445262,91.30643784578368,261.6521739090274,0.14661986576416744,0.9237987214090781,-0.35369271590782025,-274.92899170859545,81.80270032584384,60.61212888282087,-176.3842564494508,554.50225200543,261.2135262354741,98.54473525914466,472.6995516795862,200.60139735265324
全倾转无人机总体装配模型,全倾转无人机总体装配模型173,786,3.7499999999999862,-189.9220415367408,94.77196171951385,255.2884584270322,-0.988451968738685,0.15066109701239147,-0.016246210131605657,-196.98475345954898,93.45199817507775,251.4252298750396,-189.35378715176324,99.53378491556131,258.7955355822132,7.630966307785741,6.081786740483565,7.370305707173571
全倾转无人机总体装配模型,全倾转无人机总体装配模型173,787,27.000000000000004,-218.56722405229206,86.78660493541196,262.13956021297554,0.14661986576416744,0.9237987214090781,-0.35369271590782025,-219.60077067208147,76.44888626186348,61.103324889485954,-119.00894761155632,541.8467198563892,262.5782078865289,100.59182306052514,465.3978335945257,201.47488299704295
全倾转无人机总体装配模型,全倾转无人机总体装配模型173,788,3.7499999999999907,-155.83292274657188,309.55516444712447,173.05490197846402,-0.988451968738685,0.15066109701239147,-0.016246210131605657,-162.89563466938017,308.2352009026883,169.19167342647143,-155.26466836159432,314.31698764317196,176.56197913364497,7.6309663077858545,6.081786740483665,7.370305707173543
全倾转无人机总体装配模型,全倾转无人机总体装配模型173,790,3.7499999999999907,-153.91894752473968,327.1546783729389,219.81593071421014,-0.988451968738685,0.15066109701239147,-0.016246210131605657,-160.98165944754794,325.8741405467945,215.95270216221755,-153.60935599060468,331.9165015689864,223.3187564832227,7.372303456943257,6.042361022191926,7.3660543210051515
全倾转无人机总体装配模型,全倾转无人机总体装配模型173,791,3.7499999999999907,-119.82982873457075,541.9378811005496,137.5823742656419,-0.988451968738685,0.15066109701239147,-0.016246210131605657,-126.89254065737899,540.6573432744051,133.7191457136493,-119.52023720043572,546.699704296597,141.08520003465446,7.372303456943271,6.042361022191926,7.3660543210051515
全倾转无人机总体装配模型,全倾转无人机总体装配模型173,792,3.7499999999999907,-170.96350691982414,219.76307700913367,260.93270893849416,-0.988451968738685,0.15066109701239147,-0.016246210131605657,-178.02621884263243,218.48253918298914,257.06948038650154,-170.65391538568912,224.52490020518115,264.4355347075067,7.372303456943314,6.042361022192011,7.3660543210051515
全倾转无人机总体装配模型,全倾转无人机总体装配模型173,793,3.7500000000000164,-136.87438812965522,434.54627973674434,178.699152489926,-0.988451968738685,0.15066109701239147,-0.016246210131605657,-143.93710005246342,433.2657419105999,174.8359239379334,-136.5647965955202,439.3081029327918,182.2019782589386,7.372303456943229,6.042361022191926,7.366054321005208
全倾转无人机总体装配模型,全倾转无人机总体装配模型173,794,27.000000000000004,-217.0360438748263,100.86621607606355,299.54838320157245,0.14661986576416744,0.9237987214090781,-0.35369271590782025,-216.00249725503696,96.79836645672896,124.20175106893912,-117.45776199589228,569.4979181363152,324.8031484215923,98.54473525914467,472.69955167958625,200.60139735265318
全倾转无人机总体装配模型,全倾转无人机总体装配模型173,796,2.000000000000006,-199.06961974759267,104.52169789276755,316.543825436716,-0.14661986576416744,-0.9237987214090781,0.35369271590782025,-200.48548710704182,104.81413643810383,218.12882280667833,-156.32565004643195,365.545746489621,318.4145487863471,44.159837060609874,260.7316100515172,100.28572597966877
全倾转无人机总体装配模型,全倾转无人机总体装配模型173,800,43.99999999999999,496.74003975009936,490.1695975201077,122.24545806903076,0.14781504893273825,0.9350248866057328,-0.3223029207701177,448.197667172499,443.28915382823254,83.81647746230321,501.6875868603959,496.420960792688,174.0328457341202,53.48991968789693,53.13180696445545,90.21636827181699
全倾转无人机总体装配模型,全倾转无人机总体装配模型173,805,43.99999999999999,496.74003975009936,490.1695975201077,122.24545806903076,0.14781504893273825,0.9350248866057328,-0.3223029207701177,485.2886304867624,442.7771392368751,84.63939891782654,538.7785501746594,495.90894620133054,174.85576718964353,53.489919687896986,53.13180696445545,90.21636827181699
全倾转无人机总体装配模型,全倾转无人机总体装配模型173,808,40.74015951676786,498.9572654840905,504.1949708191936,117.41091425747906,-0.14781504893273797,-0.9350248866057328,0.32230292077011774,485.44589368283965,471.04874201328715,78.84478871125614,539.2498951947466,515.5164410138341,161.54218714770616,53.80400151190696,44.46769900054693,82.69739843645002
全倾转无人机总体装配模型,全倾转无人机总体装配模型173,816,40.74015951676786,498.9572654840905,504.1949708191936,117.41091425747906,-0.14781504893273797,-0.9350248866057328,0.32230292077011774,455.70833479477966,474.1730028924386,79.72569978265423,509.5123363066866,518.6407018929855,162.42309821910428,53.80400151190696,44.46769900054687,82.69739843645004
全倾转无人机总体装配模型,全倾转无人机总体装配模型173,819,1.4999999999999882,453.8940353533254,77.87470158844192,246.14343338230077,0.14781504893273786,0.9350248866057327,-0.3223029207701181,453.8439835020842,77.342828447352,243.75677886887203,455.8210030312789,81.16124983462568,247.5633882623381,1.9770195291947061,3.8184213872736734,3.8066093934660614
全倾转无人机总体装配模型,全倾转无人机总体装配模型173,820,1.4999999999999882,415.34440857251667,83.75048437192522,245.50983118716806,0.14781504893273786,0.9350248866057327,-0.3223029207701181,415.2943567212755,83.21861123083531,243.12317667373932,417.27137625047015,87.03703261810898,246.92978606720538,1.9770195291946493,3.8184213872736734,3.8066093934660614
全倾转无人机总体装配模型,全倾转无人机总体装配模型173,821,1.4999999999999882,434.619221962921,80.8125929801836,245.82663228473442,0.14781504893273786,0.9350248866057327,-0.3223029207701181,434.56917011167985,80.28071983909366,243.43997777130568,436.5461896408745,84.09914122636734,247.24658716477174,1.9770195291946493,3.8184213872736734,3.8066093934660614
全倾转无人机总体装配模型,全倾转无人机总体装配模型173,822,1.4999999999999882,434.619221962921,80.8125929801836,245.82663228473442,0.14781504893273786,0.9350248866057327,-0.3223029207701181,433.1356994317658,80.33111939381703,243.43976864238672,435.1127189609604,84.1495407810907,247.24637803585279,1.9770195291946493,3.8184213872736734,3.8066093934660614
全倾转无人机总体装配模型,全倾转无人机总体装配模型173,825,1.4999999999999882,415.34440857251667,83.75048437192522,245.50983118716806,0.14781504893273786,0.9350248866057327,-0.3223029207701181,413.8608860413614,83.26901078555869,243.12296754482037,415.8379055705561,87.08743217283235,246.92957693828643,1.9770195291946493,3.818421387273659,3.8066093934660614
全倾转无人机总体装配模型,全倾转无人机总体装配模型173,828,1.9999999999999787,455.32811556550786,77.16158491744648,229.21897242903628,0.03336790082744479,0.3209823909110267,0.946497167412249,455.2393664527725,77.25750541641438,235.11974728725545,458.1792585046643,85.2700013652906,254.66262245426327,2.939892051891775,8.012495948876222,19.54287516700782
全倾转无人机总体装配模型,全倾转无人机总体装配模型173,830,1.4999999999999882,453.8940353533254,77.87470158844192,246.14343338230077,0.14781504893273786,0.9350248866057327,-0.3223029207701181,452.4105128221702,77.39322800207539,243.75656973995308,454.3875323513648,81.21164938934906,247.56317913341914,1.9770195291946493,3.8184213872736734,3.8066093934660614
全倾转无人机总体装配模型,全倾转无人机总体装配模型173,835,4.000000000000012,464.7869860829372,451.9477790516087,111.50558123991556,-0.14781504893273772,-0.9350248866057328,0.322302920770118,401.7049064267614,76.65389484567133,109.9751553385401,463.61880913709837,446.00524923341817,240.36176470743638,61.91390271033697,369.3513543877468,130.38660936889627
全倾转无人机总体装配模型,全倾转无人机总体装配模型173,839,4.000000000000012,461.72152647423883,451.43681516991273,108.617351107284,0.14781504893273772,0.9350248866057328,-0.322302920770118,398.63944681806305,76.14293096397552,104.8308005737501,461.58805679107064,452.03947170408856,237.47353457480486,62.94860997300759,375.89654074011304,132.64273400105475
全倾转无人机总体装配模型,全倾转无人机总体装配模型173,847,4.000000000000011,457.06046888425374,70.10344736467113,241.27155247480638,0.14781504893273772,0.9350248866057328,-0.322302920770118,456.9269972809439,68.6851189884313,110.82051594250096,519.1055909897744,436.9655834126746,241.33653731533283,62.17859370883053,368.2804644242433,130.51602137283186
全倾转无人机总体装配模型,全倾转无人机总体装配模型173,856,3.7500000000000036,517.2423747551862,353.8909165608851,196.26463041885899,-0.988451968738685,0.15066109701239247,-0.01624621013160886,434.25637509981107,362.0859477079034,191.36064684803856,439.2797988529329,367.6568173147057,198.7306848995333,5.023423753121847,5.570869606802262,7.370038051494731
全倾转无人机总体装配模型,全倾转无人机总体装配模型173,857,3.7500000000000036,503.75425154007394,268.56989565811193,225.67477193913226,-0.988451968738685,0.15066109701239247,-0.01624621013160886,420.7682518846987,276.76492680513024,220.7707883683118,425.7916756378207,282.3357964119325,228.14082641980656,5.0234237531219605,5.570869606802262,7.37003805149476
全倾转无人机总体装配模型,全倾转无人机总体装配模型173,858,2.0999999999999646,425.6665460097177,280.47212232209097,224.3913213387352,0.988451968738685,-0.15066109701239247,0.01624621013160849,425.34832355413033,277.79344844454346,222.29159849333527,429.93076548743124,282.43567458396296,225.13314231287885,4.582441933300913,4.642226139419506,2.841543819543574
全倾转无人机总体装配模型,全倾转无人机总体装配模型173,859,3.7499999999999662,490.2661283249615,183.2488747553388,255.08491345940553,-0.988451968738685,0.15066109701239247,-0.01624621013160886,407.2801286695863,191.4439059023571,250.1809298885851,412.3035524227082,197.01477550915928,257.5509679400798,5.023423753121904,5.570869606802177,7.370038051494674
全倾转无人机总体装配模型,全倾转无人机总体装配模型173,860,3.7500000000000036,517.2423747551862,353.8909165608851,196.26463041885899,-0.988451968738685,0.15066109701239247,-0.01624621013160886,511.7318605265151,350.2770364050612,192.63403499040498,516.7552842796372,355.8479060118635,200.00407304189974,5.023423753122074,5.570869606802262,7.37003805149476
全倾转无人机总体装配模型,全倾转无人机总体装配模型173,861,3.7500000000000036,502.0858564987016,252.52077611256064,178.3499135685198,-0.988451968738685,0.15066109701239247,-0.01624621013160886,496.5753422700306,248.81358059559992,174.7193181400658,502.2109861268046,254.477765563539,182.0994186495912,5.6356438567739815,5.664184967939093,7.380100509525391
全倾转无人机总体装配模型,全倾转无人机总体装配模型173,862,3.7499999999999662,488.5977332835893,167.19975520978747,207.76005508879308,-0.988451968738685,0.15066109701239247,-0.01624621013160886,483.0872190549183,163.49255969282677,204.12945966033914,488.72286291169223,169.15674466076584,211.50956016986441,5.635643856773925,5.664184967939065,7.380100509525278
全倾转无人机总体装配模型,全倾转无人机总体装配模型173,863,3.7500000000000036,502.0858564987016,252.52077611256064,178.3499135685198,-0.988451968738685,0.15066109701239247,-0.01624621013160886,418.48763673967454,260.7158072595789,173.43586753966875,424.12328059644847,266.379992227518,180.8159680491941,5.635643856773925,5.664184967939093,7.380100509525363
全倾转无人机总体装配模型,全倾转无人机总体装配模型173,864,3.7499999999999662,488.5977332835893,167.19975520978747,207.76005508879308,-0.988451968738685,0.15066109701239247,-0.01624621013160886,404.9995135245622,175.39478635680578,202.84600905994205,410.6351573813361,181.05897132474482,210.22610956946733,5.635643856773925,5.664184967939036,7.380100509525278
全倾转无人机总体装配模型,全倾转无人机总体装配模型173,865,3.7499999999999707,475.10961006847697,81.87873430701437,237.17019660906635,-0.988451968738685,0.15066109701239247,-0.01624621013160886,391.51139030944984,90.07376545403267,232.25615058021532,397.1470341662237,95.73795042197173,239.6362510897406,5.635643856773868,5.664184967939065,7.380100509525278
全倾转无人机总体装配模型,全倾转无人机总体装配模型173,866,3.7500000000000036,529.0621029289264,423.1628179181069,119.52963052797332,-0.988451968738685,0.15066109701239247,-0.01624621013160886,445.46388316989925,431.3578490651252,114.61558449912222,451.0995270266731,437.0220340330643,121.9956850086476,5.635643856773868,5.664184967939093,7.380100509525377
全倾转无人机总体装配模型,全倾转无人机总体装配模型173,867,3.7500000000000036,515.573979713814,337.8417970153338,148.93977204824657,-0.988451968738685,0.15066109701239247,-0.01624621013160886,431.9757599547869,346.0368281623521,144.02572601939553,437.6114038115607,351.70101313029124,151.40582652892087,5.635643856773811,5.66418496793915,7.3801005095253345
全倾转无人机总体装配模型,全倾转无人机总体装配模型173,868,3.7500000000000036,529.0621029289264,423.1628179181069,119.52963052797332,-0.988451968738685,0.15066109701239247,-0.01624621013160886,523.5515887002554,419.4556224011462,115.89903509951931,529.1872325570295,425.1198073690852,123.2791356090447,5.635643856774095,5.664184967939036,7.380100509525391
全倾转无人机总体装配模型,全倾转无人机总体装配模型173,872,24.999999999999975,416.7151211157273,77.53655961969585,241.2296521060524,0.14781504893273825,0.9350248866057328,-0.3223029207701178,391.9897455964732,69.51199984692018,89.93178081379669,474.4156829724056,451.5729421408759,240.8234968527622,82.42593737593239,382.06094229395575,150.8917160389655
全倾转无人机总体装配模型,全倾转无人机总体装配模型173,874,24.999999999999975,447.70339621098555,85.85602234576517,279.57692510649065,0.14781504893273825,0.9350248866057328,-0.3223029207701178,448.5375937316716,82.08949492045531,152.3511237348141,530.963531107604,464.1504372144111,303.2428397737797,82.42593737593239,382.0609422939558,150.89171603896557
全倾转无人机总体装配模型,全倾转无人机总体装配模型173,876,3.7500000000000036,529.0621029289264,423.1628179181069,119.52963052797332,-0.988451968738685,0.15066109701239247,-0.01624621013160886,523.9947134571299,421.9591339521905,115.6988943962439,529.6303573139039,427.6233189201296,123.07899490576928,5.6356438567739815,5.664184967939093,7.380100509525377
全倾转无人机总体装配模型,全倾转无人机总体装配模型173,877,3.7500000000000036,515.573979713814,337.8417970153338,148.93977204824657,-0.988451968738685,0.15066109701239247,-0.01624621013160886,432.4188847116615,348.5403397133964,143.82558531612005,438.05452856843533,354.2045246813355,151.20568582564542,5.635643856773811,5.664184967939093,7.380100509525363
全倾转无人机总体装配模型,全倾转无人机总体装配模型173,878,3.7500000000000036,529.0621029289264,423.1628179181069,119.52963052797332,-0.988451968738685,0.15066109701239247,-0.01624621013160886,445.9070079267738,433.8613606161696,114.4154437958468,451.54265178354774,439.5255455841086,121.79554430537215,5.635643856773925,5.664184967939036,7.380100509525349
全倾转无人机总体装配模型,全倾转无人机总体装配模型173,881,3.000000000000014,504.2504249843263,436.5180293099354,91.04684684636993,0.9884519687386849,-0.15066109701239258,0.01624621013160853,474.4967622196834,435.5550821372023,87.55985647756457,504.6938701311245,443.8429368801244,90.07993808405959,30.19710791144115,8.287854742922093,2.520081606495026
全倾转无人机总体装配模型,全倾转无人机总体装配模型173,883,2.999999999999996,530.1088178870111,453.4450359999437,152.0125746039125,0.033367900827443855,0.3209823909110266,0.9464971674122491,529.2175470007115,440.1537570724654,113.18577914511218,533.1071472966573,456.2501106597609,152.0613132343074,3.8896002959457974,16.096353587295482,38.87553408919521
全倾转无人机总体装配模型,全倾转无人机总体装配模型173,885,3.0000000000000098,507.1868002571414,464.7644797101057,174.33859757864784,-0.9884519687386849,0.15066109701239258,-0.01624621013160853,477.633344897463,465.7274268828388,172.88430251238924,507.6414037651234,472.25006903404613,177.1780890808846,30.008058867660395,6.522642151207322,4.2937865684953636
全倾转无人机总体装配模型,全倾转无人机总体装配模型173,887,2.999999999999996,453.0095643253937,465.19660156691026,150.745370213647,-0.033367900827443855,-0.3209823909110266,-0.9464971674122491,448.70949238607983,452.80928922150633,111.91734715861796,453.4530094721919,468.03785705393096,150.69663158325216,4.743517086112092,15.22856783242463,38.7792844246342
全倾转无人机总体装配模型,全倾转无人机总体装配模型173,888,3.7499999999999707,475.10961006847697,81.87873430701437,237.17019660906635,-0.988451968738685,0.15066109701239247,-0.01624621013160886,391.9545150663245,92.57727700507701,232.0560098769399,397.59015892309833,98.24146197301604,239.43611038646517,5.635643856773811,5.664184967939036,7.380100509525278
全倾转无人机总体装配模型,全倾转无人机总体装配模型173,889,3.7499999999999662,488.5977332835893,167.19975520978747,207.76005508879308,-0.988451968738685,0.15066109701239247,-0.01624621013160886,405.44263828143676,177.89829790785015,202.64586835666663,411.07828213821074,183.56248287578916,210.0259688661919,5.6356438567739815,5.664184967939008,7.380100509525278
全倾转无人机总体装配模型,全倾转无人机总体装配模型173,891,3.7500000000000036,502.0858564987016,252.52077611256064,178.3499135685198,-0.988451968738685,0.15066109701239247,-0.01624621013160886,418.93076149654917,263.2193188106232,173.2357268363933,424.5664053533231,268.88350377856233,180.61582734591866,5.635643856773925,5.66418496793915,7.380100509525363
全倾转无人机总体装配模型,全倾转无人机总体装配模型173,892,27.000000000000007,416.7151211157273,77.53655961969585,241.2296521060524,0.14781504893273825,0.9350248866057328,-0.3223029207701178,390.01171555493283,68.87003506509812,87.71620471964341,474.4967622196834,452.8092892215065,240.791004432499,84.48504666475054,383.93925415640837,153.07479971285557
全倾转无人机总体装配模型,全倾转无人机总体装配模型173,894,3.7499999999999662,488.5977332835893,167.19975520978747,207.76005508879308,-0.988451968738685,0.15066109701239247,-0.01624621013160886,483.53034381179293,165.9960712438711,203.92931895706369,489.16598766856697,171.66025621181012,211.309419466589,5.635643856774038,5.664184967939008,7.380100509525306
全倾转无人机总体装配模型,全倾转无人机总体装配模型173,895,27.000000000000007,446.36868017788777,73.01672670932408,241.71703841000067,0.14781504893273825,0.9350248866057328,-0.3223029207701178,445.4677468555467,63.443010169705495,88.20735534413313,531.7394577601293,440.1537570724655,242.1556860835542,86.27171090458262,376.71074690276004,153.94833073942107
全倾转无人机总体装配模型,全倾转无人机总体装配模型173,896,3.7500000000000036,502.0858564987016,252.52077611256064,178.3499135685198,-0.988451968738685,0.15066109701239247,-0.01624621013160886,497.0184670269052,251.31709214664426,174.5191774367904,502.6541108836792,256.98127711458335,181.89927794631575,5.6356438567739815,5.664184967939093,7.380100509525363
全倾转无人机总体装配模型,全倾转无人机总体装配模型173,898,3.7500000000000036,517.2423747551862,353.8909165608851,196.26463041885899,-0.988451968738685,0.15066109701239247,-0.01624621013160886,512.1749852833897,352.7805479561055,192.43389428712953,517.1984090365119,358.35141756290784,199.8039323386243,5.023423753122188,5.570869606802319,7.37003805149476
全倾转无人机总体装配模型,全倾转无人机总体装配模型173,899,27.000000000000007,447.70339621098555,85.85602234576517,279.57692510649065,0.14781504893273825,0.9350248866057328,-0.3223029207701178,448.60432953332645,81.78817272643055,152.0613132343073,533.0893761980772,465.7274268828388,305.1361129471628,84.48504666475071,383.93925415640825,153.0747997128555
全倾转无人机总体装配模型,全倾转无人机总体装配模型173,902,3.7499999999999662,490.2661283249615,183.2488747553388,255.08491345940553,-0.988451968738685,0.15066109701239247,-0.01624621013160886,407.723253426461,193.94741745340147,249.9807891853097,412.74667717958283,199.51828706020365,257.3508272368043,5.023423753121847,5.570869606802177,7.3700380514946175
全倾转无人机总体装配模型,全倾转无人机总体装配模型173,903,2.0999999999999646,425.6665460097177,280.47212232209097,224.3913213387352,0.988451968738685,-0.15066109701239247,0.01624621013160849,425.35613440695903,277.9059256721694,223.71448520511797,429.93857634025994,282.5481518115889,226.55602902466154,4.582441933300913,4.642226139419506,2.841543819543574
全倾转无人机总体装配模型,全倾转无人机总体装配模型173,905,3.7500000000000036,503.75425154007394,268.56989565811193,225.67477193913226,-0.988451968738685,0.15066109701239247,-0.01624621013160886,421.21137664157334,279.26843835617456,220.57064766503635,426.2348003946953,284.8393079629769,227.9406857165311,5.0234237531219605,5.570869606802319,7.37003805149476
全倾转无人机总体装配模型,全倾转无人机总体装配模型173,907,3.7500000000000036,517.2423747551862,353.8909165608851,196.26463041885899,-0.988451968738685,0.15066109701239247,-0.01624621013160886,434.6994998566857,364.5894592589477,191.1605061447631,439.72292360980754,370.16032886575,198.53054419625784,5.023423753121847,5.570869606802262,7.370038051494731
全倾转无人机总体装配模型,全倾转无人机总体装配模型173,908,27.000000000000007,418.049837148825,90.37585525613694,279.0895388025424,0.14781504893273825,0.9350248866057328,-0.3223029207701178,391.3616339928805,94.44370487547147,150.6966315832521,477.63334489746313,471.1544517782315,304.6449623226731,86.27171090458262,376.71074690276,153.948330739421
全倾转无人机总体装配模型,全倾转无人机总体装配模型173,913,25.000000000000036,446.36868017788777,73.01672670932408,241.71703841000067,0.14781504893273825,0.9350248866057328,-0.3223029207701178,445.53448265720164,64.1521743578254,90.42265259972771,529.6147387737193,439.5200543798846,242.12319366329098,84.08025611651766,375.3678800220592,151.70054106356326
全倾转无人机总体装配模型,全倾转无人机总体装配模型173,918,2.999999999999993,450.6658885024649,451.4154863216622,165.53854587792543,-0.988451968738685,0.15066109701239241,-0.016246210131608835,448.2547389496673,448.3930999461971,164.31978179145005,453.0973959479243,454.6825649292555,168.57064236304575,4.842656998257041,6.289464983058394,4.250860571595695
全倾转无人机总体装配模型,全倾转无人机总体装配模型173,919,2.999999999999993,450.6658885024649,451.4154863216622,165.53854587792543,-0.988451968738685,0.15066109701239241,-0.016246210131608835,448.23438105700546,448.1484077140688,162.5064493928051,453.0770380552625,454.4378726971272,166.7573099644008,4.842656998257041,6.289464983058394,4.250860571595695
全倾转无人机总体装配模型,全倾转无人机总体装配模型173,923,2.9999999999999956,527.7651420640824,439.66392075469554,166.80575026819096,0.9884519687386849,-0.15066109701239258,0.016246210131608957,525.3455921066561,436.56516613226654,165.7840984525137,530.196649509542,442.93099936228884,169.83784675331128,4.8510574028858855,6.365833230022304,4.053748300797594
全倾转无人机总体装配模型,全倾转无人机总体装配模型173,925,2.9999999999999956,527.7651420640824,439.66392075469554,166.80575026819096,0.9884519687386849,-0.15066109701239258,0.016246210131608957,525.3336346186231,436.3968421471022,163.77365378307064,530.184692021509,442.7626753771245,167.82740208386824,4.8510574028858855,6.365833230022304,4.053748300797594
全倾转无人机总体装配模型,全倾转无人机总体装配模型173,928,11.999999999999984,-307.4395934275635,223.97010688831188,319.5898821998348,0.39672379095391685,-0.7698118170637293,-0.5000000000001923,-304.9895978554263,164.77878640269174,275.7270146059329,-279.66535016323115,204.7793316346931,312.3347549780453,25.324247692195172,40.00054523200137,36.6077403721124
全倾转无人机总体装配模型,全倾转无人机总体装配模型173,929,11.999999999999984,-307.4395934275635,223.97010688831188,319.5898821998348,0.39672379095391685,-0.7698118170637293,-0.5000000000001923,-295.191447637628,165.50053319483087,276.40388392465076,-269.86719994543284,205.5010784268322,313.0116242967631,25.324247692195172,40.00054523200134,36.607740372112346
全倾转无人机总体装配模型,全倾转无人机总体装配模型173,934,0.5000000000000104,-191.99834706211027,324.4398392461019,193.61863453455967,-0.4688966201033054,-0.6382234659020726,0.6105790425715925,-272.112809300282,214.65439692432773,268.89220990135334,-249.31024104639653,245.89072076733277,298.7513988142313,22.802568253885454,31.23632384300504,29.859188912877983
全倾转无人机总体装配模型,全倾转无人机总体装配模型173,935,4.600000000000009,-310.16221686620906,355.7838034666361,243.43183004555564,0.988451968738685,-0.15066109701239205,0.01624621013160799,-243.49288532022948,339.7305341930878,239.9396720614672,-233.99558083581567,349.81684769066356,246.15512370201307,9.497304484413803,10.086313497575759,6.215451640545865
全倾转无人机总体装配模型,全倾转无人机总体装配模型173,936,7.9999999999999725,-196.84159871791974,309.88913344146096,270.64213133582575,-0.06945238697174619,-0.3551356349622907,0.9322312195608221,-197.4680017315306,294.8879970941484,273.37440040127376,-189.21800701098158,315.44395151406746,296.4071774793687,8.249994720549012,20.55595441991909,23.032777078094966
全倾转无人机总体装配模型,全倾转无人机总体装配模型173,937,7.9999999999999725,-196.84159871791974,309.88913344146096,270.64213133582575,-0.06945238697174619,-0.3551356349622907,0.9322312195608221,-206.52613483203353,296.6289802660446,273.2413733350872,-196.12130544144335,315.5413729303118,296.40425844805884,10.40482939059018,18.912392664267202,23.16288511297165
全倾转无人机总体装配模型,全倾转无人机总体装配模型173,941,4.600000000000009,-310.16221686620906,355.7838034666361,243.43183004555564,0.988451968738685,-0.15066109701239205,0.01624621013160799,-248.04791522190058,339.9769128821733,242.98132377959297,-233.97847134866714,350.7601176377958,249.27192316591808,14.069443873233439,10.783204755622535,6.290599386325113
全倾转无人机总体装配模型,全倾转无人机总体装配模型173,943,0.5000000000000104,-191.99834706211027,324.4398392461019,193.61863453455967,-0.4688966201033054,-0.6382234659020726,0.6105790425715925,-272.27571528426563,214.5179966342101,269.9298225001781,-250.36549577513978,244.1637805508594,298.480192393331,21.910219509125852,29.645783916649293,28.55036989315289
全倾转无人机总体装配模型,全倾转无人机总体装配模型173,955,20.0,-291.79574525928365,181.33185355911112,276.1035845888239,0.0333679008274444,0.32098239091102676,0.946497167412249,-288.26454108989867,183.84891060336872,285.96494222505453,-271.142358470675,206.42473785279873,295.2780654800969,17.12218261922368,22.575827249430006,9.313123255042399
全倾转无人机总体装配模型,全倾转无人机总体装配模型173,957,27.500000000000018,-347.3817880756622,301.8702262663755,370.0787285396965,0.39672379095392124,-0.7698118170637229,-0.5000000000001986,-283.45139952215624,206.89230078850568,295.78932504447016,-269.57258984998094,234.32545149665353,324.8567711984289,13.878809672175294,27.43315070814785,29.067446153958713
全倾转无人机总体装配模型,全倾转无人机总体装配模型173,959,1.9999999999999716,293.2677362959439,151.46377076346658,263.78354232038527,0.9883478650465308,-0.15147598604963106,0.014950695912122036,292.9633122649742,149.13845411985753,262.1318106892759,295.3945459859594,150.3455791565852,264.8168949875223,2.431233720985176,1.2071250367276605,2.6850842982464087
全倾转无人机总体装配模型,全倾转无人机总体装配模型173,960,0.8000000000000161,294.43885949267644,160.40930361851807,276.9973953692605,0.9883478650465308,-0.15147598604963106,0.014950695912122036,294.3170898802885,159.27014010032593,276.3367027168167,296.7706157421201,160.85658026127066,277.83169255553827,2.453525861831622,1.5864401609447327,1.4949898387215512
全倾转无人机总体装配模型,全倾转无人机总体装配模型173,962,0.8000000000000161,294.43885949267644,160.40930361851807,276.9973953692605,0.9883478650465308,-0.15147598604963106,0.014950695912122036,294.38030333283973,159.61363220785134,276.19748478358065,296.83382919467135,161.20007236879604,277.6924746223022,2.453525861831622,1.5864401609447043,1.4949898387215512
全倾转无人机总体装配模型,全倾转无人机总体装配模型173,964,1.9999999999999716,293.2677362959439,151.46377076346658,263.78354232038527,0.9883478650465308,-0.15147598604963106,0.014950695912122036,293.1213458963523,149.99718438867095,261.7837658561856,295.79599457995863,153.00467103114454,262.5687004860941,2.6746486836063355,3.0074866424735944,0.7849346299084914
全倾转无人机总体装配模型,全倾转无人机总体装配模型173,970,3.000000000000004,298.50597998069037,150.66094803740359,263.86278100871954,-0.9883478650465309,0.1514759860496296,-0.01495069591212273,295.3919794117841,149.41986305854059,260.8182642246836,298.9626160271451,154.08075880909485,266.5899626849573,3.570636615360968,4.6608957505542605,5.771698460273683
全倾转无人机总体装配模型,全倾转无人机总体装配模型173,972,3.1999999999999846,286.1883546694861,92.76320382971565,290.8836492840719,-0.9884567354133468,0.15065733120511646,-0.01598908284239414,282.7381735620744,89.59972848541538,287.63609110292316,286.6626631531325,96.22252139776789,291.3257152273978,3.924489591058091,6.622792912352509,3.6896241244746193
全倾转无人机总体装配模型,全倾转无人机总体装配模型173,975,1.99999999999999,285.9041372707123,102.05914000531443,302.23123808516004,0.9884567354133468,-0.15065733120511646,0.01598908284239414,284.12500936531274,99.95356302448332,302.8230948604782,287.46026873694115,102.96641530731004,304.2549660423121,3.3352593716284105,3.012852282826728,1.4318711818339125
全倾转无人机总体装配模型,全倾转无人机总体装配模型173,976,3.1999999999999846,286.1883546694861,92.76320382971565,290.8836492840719,-0.9884567354133468,0.15065733120511646,-0.01598908284239414,282.73845516193853,89.63114235874606,291.2777479788702,285.714046185841,90.2078302488956,291.8689939234038,2.9755910239024956,0.5766878901495431,0.5912459445336253
全倾转无人机总体装配模型,全倾转无人机总体装配模型173,1008,44.000000000000036,496.62104311584966,489.0249099305059,1005.3233636547518,0.14781504892178848,0.9350248865959715,0.32230292080345796,448.0786705385495,451.3877894496185,952.7130545335049,538.6499525310973,495.2762732043164,1005.0931282669106,90.57128199254777,43.888483754697916,52.380073733405766
全倾转无人机总体装配模型,全倾转无人机总体装配模型173,1013,44.000000000000036,496.62104311584966,489.0249099305059,1005.3233636547518,0.14781504892178848,0.9350248865959715,0.32230292080345796,448.0882715480434,441.6324516464724,991.372270527241,538.6595535405911,485.52093540117033,1043.7523442606466,90.57128199254771,43.888483754697916,52.38007373340565
全倾转无人机总体装配模型,全倾转无人机总体装配模型173,1016,40.74015951676787,498.8382688496765,503.0502832294446,1010.1579074668057,-0.14781504892178846,-0.9350248865959722,-0.32230292080345585,455.589338160518,471.5401806304198,965.1457235049761,501.87539450555454,517.4960143042849,1048.7124206702003,46.28605634503651,45.95583367386513,83.56669716522424
全倾转无人机总体装配模型,全倾转无人机总体装配模型173,1024,40.74015951676787,498.8382688496765,503.0502832294446,1010.1579074668057,-0.14781504892178846,-0.9350248865959722,-0.32230292080345585,492.8448422153627,469.9040544226845,965.1573358473419,539.1308985603993,515.8598880965499,1048.7240330125662,46.28605634503657,45.95583367386536,83.56669716522435
全倾转无人机总体装配模型,全倾转无人机总体装配模型173,1027,1.5000000000000326,431.5722715541308,75.73625519131679,880.3056397963554,0.14781504892178848,0.9350248865959719,0.32230292080345635,430.08874902297305,75.25478160491161,878.8858940452528,432.06576855221437,79.07320299223329,882.6925034387862,1.9770195292413177,3.8184213873216777,3.8066093935333356
全倾转无人机总体装配模型,全倾转无人机总体装配模型173,1030,1.5000000000000326,431.5722715541308,75.73625519131679,880.3056397963554,0.14781504892178848,0.9350248865959719,0.32230292080345635,431.52221970281255,75.20438205018824,878.8856849163351,433.4992392320539,79.0228034375099,882.6922943098684,1.9770195292413746,3.8184213873216635,3.8066093935333356
全倾转无人机总体装配模型,全倾转无人机总体装配模型173,1031,2.0000000000000018,452.2811651558292,72.08524712799485,896.9132996530328,0.03336790087878032,0.3209823909367673,-0.9464971674017099,452.19241604343404,72.18116762713977,871.4696496280201,455.13230809633046,80.1936635765019,891.0125247949737,2.9398920528964254,8.012495949362133,19.54287516695365
全倾转无人机总体装配模型,全倾转无人机总体装配模型173,1035,2.0000000000000018,411.2604084531778,78.3376826542472,897.5875173715281,0.03336790087878032,0.3209823909367673,-0.9464971674017099,409.46840316553215,78.45772370486316,872.1446857439964,411.8390173583583,87.04874349082678,891.751727353806,2.3706141928261673,8.591019785963624,19.607041609809585
全倾转无人机总体装配模型,全倾转无人机总体装配模型173,1052,4.0000000000000036,461.60252983903683,450.29212758015603,1018.9514706136133,0.14781504892178868,0.935024886595972,0.3223029208034561,398.52045018723413,74.99824337802009,890.0952871325676,461.4690601556634,450.89478411435493,1022.7380211471018,62.94860996842925,375.8965407363348,132.6427340145342
全倾转无人机总体装配模型,全倾转无人机总体装配模型173,1054,4.0000000000000036,518.932744025875,441.5537839531045,1018.0091904287283,0.14781504892178868,0.935024886595972,0.3223029208034561,459.6732528536443,66.12550093837297,889.0230372670089,522.886553820971,440.95115171115833,1021.7951832851028,63.21330096732669,374.82565077278537,132.77214601809385
全倾转无人机总体装配模型,全倾转无人机总体装配模型173,1060,4.000000000000005,456.9414722535801,68.95875977858039,886.2972692353934,0.14781504892178868,0.935024886595972,0.3223029208034561,456.80800065006497,67.54043140223754,886.2322843950565,518.9865943547975,435.82089582272505,1016.7483057807585,62.17859370473252,368.28046442048753,130.51602138570206
全倾转无人机总体装配模型,全倾转无人机总体装配模型173,1065,3.750000000000028,434.093412749901,365.4017611227073,932.668872949332,0.9884519687385893,-0.15066109701812933,-0.01624621008422314,434.13737846857305,360.94126012065914,928.8381368178367,439.1608022218894,366.5121297275798,936.2081748690872,5.023423753316365,5.570869606920667,7.3700380512505035
全倾转无人机总体装配模型,全倾转无人机总体装配模型173,1066,3.750000000000028,420.60528953578773,280.08074022082485,903.2587314260163,0.9884519687385893,-0.15066109701812933,-0.01624621008422314,420.64925525445983,275.6202392187767,899.427995294521,425.6726790077762,281.19110882569737,906.7980333457715,5.023423753316365,5.570869606920667,7.3700380512505035
全倾转无人机总体装配模型,全倾转无人机总体装配模型173,1067,3.750000000000019,407.1171663216746,194.75971931894247,873.8485899027008,0.9884519687385893,-0.15066109701812933,-0.01624621008422314,407.1611320403466,190.29921831689435,870.0178537712054,412.18455579366304,195.87008792381508,877.387891822456,5.023423753316422,5.5708696069207235,7.370038051250617
全倾转无人机总体装配模型,全倾转无人机总体装配模型173,1068,3.750000000000028,418.9368944918487,264.0316206739864,950.5835897961018,0.9884519687385893,-0.15066109701812933,-0.01624621008422314,418.3686401068688,259.5711196719383,946.7528536646064,424.0042839638372,265.23530463999936,954.1329541738583,5.635643856968443,5.664184968061079,7.380100509251861
全倾转无人机总体装配模型,全倾转无人机总体装配模型173,1069,3.750000000000019,405.4487712777355,178.71059977210402,921.1734482727862,0.9884519687385893,-0.15066109701812933,-0.01624621008422314,404.8805168927555,174.2500987700559,917.3427121412908,410.5161607497239,179.91428373811706,924.7228126505427,5.635643856968386,5.664184968061164,7.380100509251861
全倾转无人机总体装配模型,全倾转无人机总体装配模型173,1070,3.7500000000000235,391.9606480636223,93.38957887022164,891.7633067494706,0.9884519687385893,-0.15066109701812933,-0.01624621008422314,391.39239367864235,88.92907786817351,887.9325706179752,397.02803753561074,94.59326283623453,895.3126711272271,5.635643856968386,5.664184968061022,7.380100509251861
全倾转无人机总体装配模型,全倾转无人机总体装配模型173,1071,3.750000000000028,418.9368944918487,264.0316206739864,950.5835897961018,0.9884519687385893,-0.15066109701812933,-0.01624621008422314,496.4563456372174,247.66889300750606,945.4694030679527,502.0919894941857,253.3330779755671,952.8495035772046,5.635643856968329,5.6641849680610505,7.380100509251861
全倾转无人机总体装配模型,全倾转无人机总体装配模型173,1072,3.750000000000019,405.4487712777355,178.71059977210402,921.1734482727862,0.9884519687385893,-0.15066109701812933,-0.01624621008422314,482.9682224231041,162.34787210562368,916.0592615446371,488.6038662800724,168.01205707368467,923.439362053889,5.635643856968272,5.664184968060994,7.380100509251861
全倾转无人机总体装配模型,全倾转无人机总体装配模型173,1073,3.750000000000028,434.093412749901,365.4017611227073,932.668872949332,0.9884519687385893,-0.15066109701812933,-0.01624621008422314,511.61286389526964,349.13234881736736,927.5647486791843,516.636287648586,354.70321842428797,934.9347867304348,5.023423753316308,5.57086960692061,7.3700380512505035
全倾转无人机总体装配模型,全倾转无人机总体装配模型173,1074,3.750000000000028,432.4250177059619,349.3526415758688,979.9937313194174,0.9884519687385893,-0.15066109701812933,-0.01624621008422314,509.94446885133067,332.9899139093884,974.8795445912683,515.5801127082989,338.6540988774495,982.2596451005202,5.6356438569682155,5.664184968061079,7.380100509251861
全倾转无人机总体装配模型,全倾转无人机总体装配模型173,1075,3.750000000000028,445.91314092007514,434.6736624777512,1009.403872842733,0.9884519687385893,-0.15066109701812933,-0.01624621008422314,445.3448865350952,430.21316147570303,1005.5731367112376,450.9805303920636,435.8773464437641,1012.9532372204894,5.635643856968386,5.664184968061079,7.380100509251861
全倾转无人机总体装配模型,全倾转无人机总体装配模型173,1076,3.750000000000028,432.4250177059619,349.3526415758688,979.9937313194174,0.9884519687385893,-0.15066109701812933,-0.01624621008422314,431.85676332098205,344.89214057382065,976.162995187922,437.4924071779505,350.5563255418817,983.5430956971738,5.635643856968443,5.664184968061022,7.380100509251861
全倾转无人机总体装配模型,全倾转无人机总体装配模型173,1078,24.99999999999998,416.5961244850985,76.39187203385677,886.3391696022474,0.1478150489217885,0.9350248865959714,0.3223029208034583,391.8707489658035,68.36731226043749,886.7453248543528,474.29668633615734,450.4282545513148,1037.637040907422,82.42593737035384,382.06094229087734,150.89171605306922
全倾转无人机总体装配模型,全倾转无人机总体装配模型173,1080,3.750000000000028,432.4250177059619,349.3526415758688,979.9937313194174,0.9884519687385893,-0.15066109701812933,-0.01624621008422314,432.2998880776665,347.39565212476526,976.3631358912397,437.9355319346349,353.0598370928263,983.7432364004917,5.635643856968443,5.664184968061022,7.3801005092519745
全倾转无人机总体装配模型,全倾转无人机总体装配模型173,1081,3.750000000000028,445.91314092007514,434.6736624777512,1009.403872842733,0.9884519687385893,-0.15066109701812933,-0.01624621008422314,445.7880112917797,432.71667302664764,1005.7732774145554,451.423655148748,438.38085799470866,1013.1533779238073,5.635643856968329,5.664184968061022,7.380100509251861
全倾转无人机总体装配模型,全倾转无人机总体装配模型173,1083,3.750000000000028,432.4250177059619,349.3526415758688,979.9937313194174,0.9884519687385893,-0.15066109701812933,-0.01624621008422314,510.3875936080151,335.49342546033296,975.0796852945862,516.0232374649834,341.15761042839404,982.459785803838,5.635643856968272,5.664184968061079,7.380100509251861
全倾转无人机总体装配模型,全倾转无人机总体装配模型173,1085,3.000000000000022,474.47786928595787,439.89317462997496,1037.0093611788614,-0.9884519687385894,0.15066109701812924,0.016246210084223472,474.3777655833215,434.4103945466207,1037.4888836387452,504.57487349488093,442.6982492897629,1040.0089652437207,30.197107911559442,8.28785474314219,2.5200816049755304
全倾转无人机总体装配模型,全倾转无人机总体装配模型173,1088,3.000000000000005,452.89056769247367,464.0519139783633,976.8234515071733,0.03336790087878103,0.32098239093676906,-0.9464971674017091,448.59049575110663,451.66460163194694,976.8721901374258,453.33401283923905,466.8931694653579,1015.6514745618734,4.743517088132421,15.228567833410978,38.77928442444761
全倾转无人机总体装配模型,全倾转无人机总体装配模型173,1090,2.99999999999995,529.9898212540837,452.30034841094925,975.5562471206039,-0.03336790087878103,-0.32098239093676906,0.9464971674017091,529.0985503656977,439.0090694824241,975.507508490351,532.9881506637247,455.1054230707372,1014.3830425790827,3.8896002980269486,16.096353588313093,38.87553408873168
全倾转无人机总体装配模型,全倾转无人机总体装配模型173,1092,2.9999999999999862,477.4142445632906,468.1396250324106,953.7176104475109,0.9884519687385894,-0.15066109701812924,-0.016246210084223472,477.5143482659269,464.5827392946771,950.3907326427791,507.5224071334322,471.10538144597655,954.6845192099214,30.00805886750527,6.522642151299465,4.29378656714232
全倾转无人机总体装配模型,全倾转无人机总体装配模型173,1094,3.750000000000028,434.093412749901,365.4017611227073,932.668872949332,0.9884519687385893,-0.15066109701812933,-0.01624621008422314,512.0559886519541,351.6358603683119,927.7648893825021,517.0794124052704,357.2067299752326,935.1349274337526,5.023423753316365,5.570869606920667,7.3700380512505035
全倾转无人机总体装配模型,全倾转无人机总体装配模型173,1095,26.999999999999982,447.58439958240746,84.71133476078369,847.9918966036523,0.1478150489217885,0.9350248865959714,0.3223029208034583,448.48533290613454,80.64348514129414,822.4327087632867,532.9703795651961,464.5827392946772,975.5075084903514,84.4850466590616,383.93925415338305,153.07479972706471
全倾转无人机总体装配模型,全倾转无人机总体装配模型173,1096,3.750000000000019,405.4487712777355,178.71059977210402,921.1734482727862,0.9884519687385893,-0.15066109701812933,-0.01624621008422314,483.41134717978855,164.85138365656823,916.259402247955,489.0469910367568,170.51556862462928,923.6395027572069,5.635643856968272,5.6641849680610505,7.380100509251861
全倾转无人机总体装配模型,全倾转无人机总体装配模型173,1098,3.750000000000028,418.9368944918487,264.0316206739864,950.5835897961018,0.9884519687385893,-0.15066109701812933,-0.01624621008422314,496.8994703939018,250.17240455845064,945.6695437712706,502.5351142508701,255.8365895265117,953.0496442805224,5.635643856968272,5.6641849680610505,7.380100509251861
全倾转无人机总体装配模型,全倾转无人机总体装配模型173,1099,26.999999999999982,446.24968354725627,71.87203912331292,885.8517832997208,0.1478150489217885,0.9350248865959714,0.3223029208034583,445.3487502235292,62.29832258299931,885.4131356274466,531.6204611251483,439.0090694824241,1039.3614663785397,86.27171090161909,376.71074689942475,153.94833075109307
全倾转无人机总体装配模型,全倾转无人机总体装配模型173,1101,3.7500000000000235,391.9606480636223,93.38957887022164,891.7633067494706,0.9884519687385893,-0.15066109701812933,-0.01624621008422314,391.8355184353268,91.43258941911812,888.1327113212931,397.47116229229516,97.09677438717914,895.5128118305449,5.635643856968386,5.664184968061022,7.380100509251861
全倾转无人机总体装配模型,全倾转无人机总体装配模型173,1102,3.750000000000019,405.4487712777355,178.71059977210402,921.1734482727862,0.9884519687385893,-0.15066109701812933,-0.01624621008422314,405.32364164944,176.75361032100048,917.5428528446087,410.9592855064083,182.4177952890615,924.9229533538605,5.635643856968329,5.664184968061022,7.380100509251861
全倾转无人机总体装配模型,全倾转无人机总体装配模型173,1103,26.999999999999982,416.5961244850985,76.39187203385677,886.3391696022474,0.1478150489217885,0.9350248865959714,0.3223029208034583,389.8927189242599,67.72534747856399,886.7778172745213,474.37776558332166,451.66460163194705,1039.8526170015862,84.48504665906177,383.93925415338305,153.07479972706483
全倾转无人机总体装配模型,全倾转无人机总体装配模型173,1104,3.750000000000028,418.9368944918487,264.0316206739864,950.5835897961018,0.9884519687385893,-0.15066109701812933,-0.01624621008422314,418.8117648635532,262.0746312228829,946.9529943679242,424.44740872052165,267.7388161909439,954.3330948771761,5.635643856968443,5.664184968061022,7.380100509251861
全倾转无人机总体装配模型,全倾转无人机总体装配模型173,1106,3.750000000000019,407.1171663216746,194.75971931894247,873.8485899027008,0.9884519687385893,-0.15066109701812933,-0.01624621008422314,407.60425679703104,192.80272986783893,870.2179944745233,412.6276805503475,198.3735994747596,877.5880325257739,5.023423753316479,5.570869606920667,7.370038051250617
全倾转无人机总体装配模型,全倾转无人机总体装配模型173,1108,3.750000000000028,420.60528953578773,280.08074022082485,903.2587314260163,0.9884519687385893,-0.15066109701812933,-0.01624621008422314,421.09238001114426,278.1237507697213,899.6281359978387,426.1158037644606,283.694620376642,906.9981740490894,5.023423753316365,5.570869606920667,7.370038051250617
全倾转无人机总体装配模型,全倾转无人机总体装配模型173,1110,3.750000000000028,434.093412749901,365.4017611227073,932.668872949332,0.9884519687385893,-0.15066109701812933,-0.01624621008422314,434.58050322525736,363.44477167160375,929.0382775211544,439.60392697857384,369.0156412785244,936.4083155724051,5.023423753316479,5.570869606920667,7.370038051250617
全倾转无人机总体装配模型,全倾转无人机总体装配模型173,1111,26.999999999999982,417.93084052024983,89.23116767132755,848.479282906179,0.1478150489217885,0.9350248865959714,0.3223029208034583,391.24263736430794,93.299017290817,822.9238593863329,477.51434826592697,470.00976419024187,976.8721901374261,86.27171090161903,376.71074689942486,153.94833075109318
全倾转无人机总体装配模型,全倾转无人机总体装配模型173,1113,24.99999999999998,447.58439958240746,84.71133476078369,847.9918966036523,0.1478150489217885,0.9350248865959714,0.3223029208034583,448.41859710437694,80.94480733533041,824.325981936647,530.8445344747308,463.0057496262077,975.2176979897163,82.42593737035389,382.0609422908773,150.89171605306922
全倾转无人机总体装配模型,全倾转无人机总体装配模型173,1115,24.99999999999998,446.24968354725627,71.87203912331292,885.8517832997208,0.1478150489217885,0.9350248865959714,0.3223029208034583,445.4154860252866,63.00748677117069,885.4456280476151,529.4957421387492,438.3753667898644,1037.146169122933,84.08025611346255,375.3678800186937,151.70054107531803
全倾转无人机总体装配模型,全倾转无人机总体装配模型173,1123,3.0000000000000173,450.54689187023,450.2707987335352,962.0302758423949,-0.9884519687385894,0.15066109701812927,0.016246210084223053,448.12734191283784,447.17204411112453,958.998179357367,452.97839931569115,453.5378773411374,963.0519276580771,4.851057402853314,6.365833230012868,4.05374830071014
全倾转无人机总体装配模型,全倾转无人机总体装配模型173,1124,3.0000000000000173,450.54689187023,450.2707987335352,962.0302758423949,-0.9884519687385894,0.15066109701812927,0.016246210084223053,448.11538442476893,447.0037201259329,961.0086240267125,452.96644182762225,453.36955335594575,965.0623723274228,4.851057402853314,6.365833230012868,4.053748300710367
全倾转无人机总体装配模型,全倾转无人机总体装配模型173,1136,4.999999999999992,514.706241415541,77.46785669002314,813.4008787971122,-0.9884519687385896,0.15066109701812763,0.016246210084223472,464.5445677340024,72.79273225704323,808.4015386890133,514.7249725027073,85.6582818917381,812.6016746973063,50.180404768704875,12.865549634694872,4.200136008293043
全倾转无人机总体装配模型,全倾转无人机总体装配模型173,1138,4.999999999999992,514.6401071307957,76.83167819867911,815.2768108015495,-0.9884519687385896,0.15066109701812763,0.016246210084223472,464.4598361805597,71.88875084273585,813.6652961975324,514.4449837514726,82.58131354562647,820.7561698098732,49.985147570912886,10.692562702890626,7.090873612340829
全倾转无人机总体装配模型,全倾转无人机总体装配模型173,1146,5.999999999999992,281.250239278137,111.76638146851305,817.8635629453756,-0.9884519687385896,0.15066109701812763,0.016246210084223472,201.26487476308196,105.8348686413811,815.9297454205552,280.9836059828802,121.47507291145308,824.6799299711989,79.71873121979823,15.640204270071976,8.75018455064378
全倾转无人机总体装配模型,全倾转无人机总体装配模型173,1148,5.999999999999992,281.37673213091705,112.98317896708112,814.2755300245193,-0.9884519687385896,0.15066109701812763,0.016246210084223472,201.41368433829908,107.37302964750519,808.2763218948005,281.4408268178302,126.09341080908912,813.6414093064367,80.02714247953114,18.72038116158393,5.365087411636182
全倾转无人机总体装配模型,全倾转无人机总体装配模型173,1154,4.500000000000003,302.00410877683976,170.75226150332495,834.580349823979,-0.9884519687385899,0.1506610970181264,0.016246210084223413,294.86123681322573,168.23532421730272,830.864036325938,302.68601403881564,176.24045769309896,839.1918547708492,7.824777225589912,8.005133475796242,8.327818444911259
全倾转无人机总体装配模型,全倾转无人机总体装配模型173,1155,1.9999999999999727,295.09183827231203,152.98776245211224,861.9080480426672,-0.9884519687385898,0.1506610970181264,0.016246210084223413,292.5153297388907,151.01059150973495,860.9090970091423,294.94848121483756,152.21564418146636,863.5971092138792,2.433151475946829,1.2050526717314085,2.6880122047368786
全倾转无人机总体装配模型,全倾转无人机总体装配模型173,1156,1.9999999999999727,295.09183827231203,152.98776245211224,861.9080480426672,-0.9884519687385898,0.1506610970181264,0.016246210084223413,292.6750416867388,151.86912365832458,863.1572558774071,295.3472303498146,154.87514464080778,863.9451503691005,2.672188663075815,3.006020982483193,0.7878944916933506
全倾转无人机总体装配模型,全倾转无人机总体装配模型173,1159,4.500000000000003,302.00410877683976,170.75226150332495,834.580349823979,-0.9884519687385899,0.1506610970181264,0.016246210084223413,294.50188493056766,166.303626882976,830.0809437266898,302.32666215615757,174.30876035877225,838.4087621716011,7.824777225589912,8.005133475796242,8.327818444911259
全倾转无人机总体装配模型,全倾转无人机总体装配模型173,1161,3.199999999999957,283.47909027832793,94.9798128177403,834.8800650760377,0.988343360381517,-0.1514797815771751,-0.015207819143523694,282.9924641630054,91.36230033317757,834.6695567106075,286.92736299861065,98.06079284743488,838.0796950102184,3.9348988356052246,6.69849251425731,3.410138299610935
全倾转无人机总体装配模型,全倾转无人机总体装配模型173,1163,5.000090591137729,289.0326134428546,113.21753408816514,816.8723359241328,-0.988343360381517,0.1514797815771751,0.015207819143523694,286.50099075100354,115.60651007807203,818.0696234546325,289.78607128959976,118.46777469671868,821.2889841669124,3.285080538596219,2.8612646186466435,3.219360712279922
全倾转无人机总体装配模型,全倾转无人机总体装配模型173,1166,3.199999999999957,283.47909027832793,94.9798128177403,834.8800650760377,0.988343360381517,-0.1514797815771751,-0.015207819143523694,282.9919182385152,91.36689156060116,834.1174767600925,285.9608777203438,91.89883278804574,834.7151801680383,2.9689594818285627,0.5319412274445767,0.5977034079458008
全倾转无人机总体装配模型,全倾转无人机总体装配模型173,1173,3.0000000000000138,289.85304283799803,153.78626626631268,861.9941529561064,0.9884519687385895,-0.15066109701812785,-0.01624621008422273,289.7085971659539,152.0925356159683,859.2182914933572,293.2730022521977,156.75202267987865,864.9937570209659,3.5644050862438235,4.659487063910348,5.775465527608617
全倾转无人机总体装配模型,全倾转无人机总体装配模型173,1175,2.000000000000002,289.8530428379985,153.78626626630876,861.9941529561128,-0.9884519687385896,0.15066109701812763,0.016246210084223472,288.37127037766857,151.91621649311676,859.9944169128731,290.15611184332107,155.94423052510783,862.6582542498207,1.7848414656525051,4.028014031991063,2.6638373369476085
全倾转无人机总体装配模型,全倾转无人机总体装配模型173,1176,2.000000000000002,289.8530428379985,153.78626626630876,861.9941529561128,-0.9884519687385896,0.15066109701812763,0.016246210084223472,288.36383147018955,151.80909532393144,861.3495471145059,290.14867293584206,155.83710935592248,864.0133844514535,1.7848414656525051,4.0280140319910345,2.6638373369476085
全倾转无人机总体装配模型,全倾转无人机总体装配模型173,1180,11.99999999999996,-307.4395934268958,223.97010688662348,804.6035407605597,0.3967237909230402,-0.7698118170799011,0.4999999999997928,-295.1914476375464,165.50053319233405,811.1817986636149,-269.8671999466724,205.50107842436114,847.7895390359698,25.324247690874017,40.00054523202709,36.6077403723549
全倾转无人机总体装配模型,全倾转无人机总体装配模型173,1181,11.99999999999996,-307.4395934268958,223.97010688662348,804.6035407605597,0.3967237909230402,-0.7698118170799011,0.4999999999997928,-304.98959785596674,164.77878640015564,811.8586679820821,-279.6653501650937,204.7793316321824,848.466408354437,25.32424769087305,40.00054523202675,36.6077403723549
全倾转无人机总体装配模型,全倾转无人机总体装配模型173,1186,7.999999999999969,-196.8415987192651,309.8891334377437,853.5512916326852,-0.06945238692538722,-0.35513563493633465,-0.9322312195741638,-206.5261348322674,296.62898026294283,827.7891645203829,-196.12130544235345,315.54137292680696,850.9520496329073,10.404829389913942,18.912392663864125,23.162885112524464
全倾转无人机总体装配模型,全倾转无人机总体装配模型173,1187,0.5000000000000019,-191.9983470673783,324.43983924024553,930.5747884346019,-0.4688966200754782,-0.6382234658824248,-0.6105790426134999,-272.27571528477324,214.51799663171792,825.7132305686538,-250.36549577691878,244.1637805474628,854.2636004637257,21.910219507854464,29.645783915744886,28.550369895071867
全倾转无人机总体装配模型,全倾转无人机总体装配模型173,1188,4.599999999999982,-310.16221686868516,355.7838034628823,880.7615929183065,0.9884519687385896,-0.15066109701812763,-0.016246210084223472,-248.04791522433234,339.9769128780263,874.9214998015592,-233.9784713511477,350.76011763367364,881.2120991874325,14.069443873184639,10.783204755647319,6.290599385873293
全倾转无人机总体装配模型,全倾转无人机总体装配模型173,1190,4.599999999999982,-310.16221686868516,355.7838034628823,880.7615929183065,0.9884519687385896,-0.15066109701812763,-0.016246210084223472,-243.49288532271504,339.73053418890004,878.0382992653147,-233.99558083834944,349.81684768647403,884.253750905628,9.4973044843656,10.086313497573997,6.21545164031329
全倾转无人机总体装配模型,全倾转无人机总体装配模型173,1193,0.5000000000000019,-191.9983470673783,324.43983924024553,930.5747884346019,-0.4688966200754782,-0.6382234658824248,-0.6105790426134999,-272.11280930075606,214.65439692184273,825.4420241477582,-249.31024104822973,245.89072076390366,855.3012130626621,22.802568252526328,31.236323842060926,29.85918891490394
全倾转无人机总体装配模型,全倾转无人机总体装配模型173,1196,27.49999999999995,-347.3817880718757,301.8702262663217,754.1146944207501,0.39672379092305254,-0.7698118170798921,0.499999999999797,-283.4513995220383,206.89230078640037,799.3366517634695,-269.5725898499178,234.3254514944947,828.404097917449,13.878809672120497,27.43315070809433,29.067446153979517
全倾转无人机总体装配模型,全倾转无人机总体装配模型173,1200,7.999999999999969,-196.8415987192651,309.8891334377437,853.5512916326852,-0.06945238692538722,-0.35513563493633465,-0.9322312195741638,-197.46800173154182,294.88799709098333,827.7862454890899,-189.2180070120628,315.443951510556,850.8190225672305,8.24999471947902,20.555954419572686,23.03277707814061
全倾转无人机总体装配模型,全倾转无人机总体装配模型173,1212,7.499999999999976,-221.3997291049502,120.03029797678504,873.8519093861336,0.1466334660228762,0.9239238063531267,0.35336019398917645,-221.6864344115186,117.16097401406577,866.8357542960329,-212.07456233456523,134.67877109075195,885.4606888895287,9.611872076953375,17.51779707668618,18.624934593495823
全倾转无人机总体装配模型,全倾转无人机总体装配模型173,1213,7.499999999999976,-221.3997291049502,120.03029797678504,873.8519093861336,0.1466334660228762,0.9239238063531267,0.35336019398917645,-228.8186608170378,117.39283434540872,866.8368124045978,-219.20678874008442,134.9106314220949,885.4617469980936,9.611872076953375,17.51779707668618,18.624934593495823
全倾转无人机总体装配模型,全倾转无人机总体装配模型173,1220,40.74015951676796,-151.83430890105438,605.2230565340739,1037.7303323151361,-0.1466334660228783,-0.9239238063531263,-0.3533601939891761,-195.0667730741063,571.9240533780428,992.7707558466197,-149.76532953142117,620.809285326936,1075.842235990481,45.30144354268512,48.88523194889319,83.07148014386121
全倾转无人机总体装配模型,全倾转无人机总体装配模型173,1228,40.74015951676796,-151.83430890105438,605.2230565340739,1037.7303323151361,-0.1466334660228783,-0.9239238063531263,-0.3533601939891761,-156.83595759114525,571.1583516141491,992.5512247600076,-111.53451404846007,620.0435835630423,1075.622704903869,45.30144354268518,48.88523194889319,83.07148014386132
全倾转无人机总体装配模型,全倾转无人机总体装配模型173,1232,43.99999999999999,-160.19241646435844,552.5593995719456,1017.5888012577532,-0.1466334660228782,-0.9239238063531263,-0.3533601939891762,-202.2504811817103,549.5173918444293,979.9609600023875,-138.78113129364527,600.8061762359048,1068.5307478445793,63.46934988806504,51.288784391475474,88.56978784219177
全倾转无人机总体装配模型,全倾转无人机总体装配模型173,1237,43.99999999999999,-160.19241646435844,552.5593995719456,1017.5888012577532,-0.1466334660228782,-0.9239238063531263,-0.3533601939891762,-175.15182913006504,544.965270387524,982.194703206451,-111.68247924199994,596.2540547789996,1070.7644910486429,63.469349888065096,51.28878439147559,88.56978784219189
全倾转无人机总体装配模型,全倾转无人机总体装配模型173,1242,4.0000000000000115,-186.97753500138958,572.0980449427419,991.7663543939982,-0.14663346602287725,-0.9239238063531264,-0.3533601939891764,-264.24807588778253,110.7387861542515,811.344872342591,-187.41115936864452,569.9326558307799,990.4178984583785,76.83691651913801,459.19386967652844,179.07302611578757
全倾转无人机总体装配模型,全倾转无人机总体装配模型173,1244,21.50000000000004,-195.08223692782218,122.0551397216341,855.9100064862598,-0.9884519687385896,0.15066109701812724,0.016246210084224035,-263.578058671787,110.29220120322002,835.4363552567402,-256.5328224128573,139.55950120144257,877.0922010322214,7.0452362589297195,29.267299998222555,41.655845775481225
全倾转无人机总体装配模型,全倾转无人机总体装配模型173,1247,4.0000000000000115,-186.19113942509358,551.601338053228,1045.0323528234178,-0.14663346602287725,-0.9239238063531264,-0.3533601939891764,-263.4646360163123,88.23278760659741,868.4172406691665,-187.3704831840901,545.7365157968287,1046.3007808468806,76.09415283222219,457.5037281902313,177.88354017771405
全倾转无人机总体装配模型,全倾转无人机总体装配模型173,1249,4.0000000000000115,-184.1268612178012,570.5910761991372,994.5236545563598,0.14663346602287725,0.9239238063531264,0.3533601939891764,-261.39740210419416,109.2318174106464,814.1021725049525,-185.00038598312472,565.6539156681156,992.1151180387726,76.39701612106944,456.4220982574692,178.01294553382013
全倾转无人机总体装配模型,全倾转无人机总体装配模型173,1251,4.0000000000000115,-189.27117745393673,550.9983358917318,1047.8871302462849,0.14663346602287725,0.9239238063531264,0.3533601939891764,-266.5446740451554,87.62978544510123,871.2720180920336,-189.4240850459805,551.6009922817256,1051.6290842178787,77.12058899917488,463.97120683662433,180.3570661258451
全倾转无人机总体装配模型,全倾转无人机总体装配模型173,1255,4.0000000000000036,-208.10837006212554,81.80505783172224,867.50745290445,0.14663346602287725,0.9239238063531264,0.3533601939891764,-208.26127955896206,80.27475171827193,867.4424680641131,-131.8642634378927,536.6968499757411,1045.455413597933,76.39701612106936,456.42209825746914,178.01294553382002
全倾转无人机总体装配模型,全倾转无人机总体装配模型173,1257,4.0000000000000115,-132.72735884339454,562.7566991541946,993.6788516319803,0.14663346602287725,0.9239238063531264,0.3533601939891764,-205.89118235799668,100.19215158955875,813.256805256005,-129.79702952577466,557.69587977979,991.1403454337192,76.09415283222202,457.5037281902312,177.88354017771417
全倾转无人机总体装配模型,全倾转无人机总体装配模型173,1261,4.0000000000000036,-170.0252772643562,354.4799515798521,902.0884060807566,0.14663346602287725,0.9239238063531264,0.3533601939891764,-215.68968232057517,90.2773416138548,801.6455008556284,-166.76719593887927,376.57493130899655,914.050227851165,48.922486381695904,286.29758969514177,112.40472699553663
全倾转无人机总体装配模型,全倾转无人机总体装配模型173,1266,4.0000000000000036,-173.10531529319928,353.876949418356,904.9431835036236,0.14663346602287725,0.9239238063531264,0.3533601939891764,-217.43164297906773,98.1054402831633,807.7248032930362,-169.8472360322747,375.9719161389481,916.9050002988333,47.584406946793024,277.86647585578476,109.18019700579714
全倾转无人机总体装配模型,全倾转无人机总体装配模型173,1271,3.750000000000042,-220.05469827296767,445.886218774505,949.9119794113989,0.9884519687385895,-0.15066109701812846,-0.016246210084223885,-220.36428980710508,441.1243955784206,946.0487508597349,-212.99218183851332,447.1655248719001,953.4152765160107,7.372107968591763,6.041129293479514,7.366525656275826
全倾转无人机总体装配模型,全倾转无人机总体装配模型173,1272,3.7499999999999285,-254.14697912328688,231.0739337974031,867.7557343089154,0.9884519687385895,-0.15066109701812846,-0.016246210084223885,-254.45657065742424,226.31211060131878,863.8925057572516,-247.0844626888325,232.3532398947981,871.2590314135272,7.372107968591735,6.041129293479315,7.3665256562755985
全倾转无人机总体装配模型,全倾转无人机总体装配模型173,1273,3.7499999999999383,-237.1008386981273,338.480076285954,908.8338568601572,0.9884519687385895,-0.15066109701812846,-0.016246210084223885,-237.4104302322647,333.71825308986973,904.9706283084934,-230.03832226367288,339.759382383349,912.337153964769,7.37210796859182,6.041129293479287,7.3665256562755985
全倾转无人机总体装配模型,全倾转无人机总体装配模型173,1274,3.7499999999999383,-239.01220740858327,320.8969854101121,955.6011700703959,0.9884519687385895,-0.15066109701812846,-0.016246210084223885,-239.58046179356313,316.13516221402784,951.7379415187322,-231.9496909741289,322.2157172258003,959.1087185611638,7.630770819434218,6.0805550117724465,7.370777042431541
全倾转无人机总体装配模型,全倾转无人机总体装配模型173,1275,3.7499999999999285,-256.0583478337428,213.4908429215613,914.5230475191543,0.9884519687385895,-0.15066109701812846,-0.016246210084223885,-256.6266022187227,208.729019725477,910.6598189674905,-248.9958313992885,214.80957473724942,918.0305960099221,7.630770819434218,6.080555011772418,7.370777042431541
全倾转无人机总体装配模型,全倾转无人机总体装配模型173,1276,3.7499999999999334,-273.10448825890245,106.08470043301033,873.4449249679125,0.9884519687385895,-0.15066109701812846,-0.016246210084223885,-273.6727426438823,101.32287723692603,869.5816964162487,-266.04197182444807,107.40343224869845,876.9524734586803,7.630770819434247,6.080555011772418,7.370777042431541
全倾转无人机总体装配模型,全倾转无人机总体装配模型173,1277,3.7499999999999383,-239.01220740858327,320.8969854101121,955.6011700703959,0.9884519687385895,-0.15066109701812846,-0.016246210084223885,-163.46966020069175,304.53425774363194,950.486983342247,-155.83888938125747,310.61481275540433,957.8577603846785,7.630770819434275,6.08055501177239,7.370777042431541
全倾转无人机总体装配模型,全倾转无人机总体装配模型173,1278,3.7499999999999285,-256.0583478337428,213.4908429215613,914.5230475191543,0.9884519687385895,-0.15066109701812846,-0.016246210084223885,-180.51580062585123,197.1281152550811,909.4088607910053,-172.885029806417,203.20867026685355,916.7796378334368,7.630770819434218,6.0805550117724465,7.370777042431541
全倾转无人机总体装配模型,全倾转无人机总体装配模型173,1279,3.7499999999999334,-273.10448825890245,106.08470043301033,873.4449249679125,0.9884519687385895,-0.15066109701812846,-0.016246210084223885,-197.56194105101088,89.72197276653013,868.3307382397635,-189.93117023157666,95.80252777830259,875.701515282195,7.630770819434218,6.080555011772461,7.370777042431541
全倾转无人机总体装配模型,全倾转无人机总体装配模型173,1280,3.750000000000042,-220.05469827296767,445.886218774505,949.9119794113989,0.9884519687385895,-0.15066109701812846,-0.016246210084223885,-144.51215106507613,429.5629168263178,944.8020440694057,-137.1400430964844,435.6040461197973,952.1685697256816,7.372107968591735,6.041129293479514,7.366525656275826
全倾转无人机总体装配模型,全倾转无人机总体装配模型173,1281,3.7499999999999285,-254.14697912328688,231.0739337974031,867.7557343089154,0.9884519687385895,-0.15066109701812846,-0.016246210084223885,-178.6044319153953,214.750631849216,862.6457989669224,-171.23232394680355,220.79176114269532,870.0123246231981,7.372107968591763,6.041129293479315,7.366525656275712
全倾转无人机总体装配模型,全倾转无人机总体装配模型173,1282,3.7500000000000226,-203.00855784780808,553.2923612630559,990.9901019626406,0.9884519687385895,-0.15066109701812846,-0.016246210084223885,-127.46601063991649,536.9690593148688,985.8801666206474,-120.09390267132473,543.0101886083482,993.2466922769232,7.372107968591763,6.041129293479457,7.366525656275826
全倾转无人机总体装配模型,全倾转无人机总体装配模型173,1283,3.7499999999999383,-237.1008386981273,338.480076285954,908.8338568601572,0.9884519687385895,-0.15066109701812846,-0.016246210084223885,-161.55829149023577,322.15677433776693,903.7239215181642,-154.18618352164395,328.1979036312462,911.0904471744399,7.37210796859182,6.041129293479287,7.366525656275712
全倾转无人机总体装配模型,全倾转无人机总体装配模型173,1284,3.7499999999999187,-204.91992655826402,535.709270387214,1037.7574151728795,0.9884519687385895,-0.15066109701812846,-0.016246210084223885,-129.37737935037237,519.3465427207337,1032.6432284447305,-121.74660853093819,525.4270977325064,1040.0140054871622,7.630770819434176,6.080555011772617,7.370777042431655
全倾转无人机总体装配模型,全倾转无人机总体装配模型173,1285,3.750000000000042,-221.96606698342364,428.3031278986631,996.6792926216377,0.9884519687385895,-0.15066109701812846,-0.016246210084223885,-146.4235197755321,411.9404002321828,991.5651058934886,-138.7927489560978,418.02095524395537,998.9358829359204,7.630770819434304,6.08055501177256,7.370777042431769
全倾转无人机总体装配模型,全倾转无人机总体装配模型173,1286,3.7499999999999187,-204.91992655826402,535.709270387214,1037.7574151728795,0.9884519687385895,-0.15066109701812846,-0.016246210084223885,-205.48818094324386,530.9474471911296,1033.8941866212158,-197.85741012380967,537.0280022029021,1041.2649636636474,7.63077081943419,6.080555011772503,7.370777042431655
全倾转无人机总体装配模型,全倾转无人机总体装配模型173,1287,3.750000000000042,-221.96606698342364,428.3031278986631,996.6792926216377,0.9884519687385895,-0.15066109701812846,-0.016246210084223885,-222.5343213684035,423.5413047025787,992.8160640699739,-214.9035505489692,429.6218597143513,1000.1868411124057,7.630770819434304,6.08055501177256,7.370777042431769
全倾转无人机总体装配模型,全倾转无人机总体装配模型173,1288,3.750000000000042,-221.96606698342364,428.3031278986631,996.6792926216377,0.9884519687385895,-0.15066109701812846,-0.016246210084223885,-222.1094196367078,425.9297684038481,993.0580206602802,-214.47864881727355,432.0103234156206,1000.428797702712,7.630770819434247,6.080555011772503,7.370777042431769
全倾转无人机总体装配模型,全倾转无人机总体装配模型173,1289,3.7499999999999187,-204.91992655826402,535.709270387214,1037.7574151728795,0.9884519687385895,-0.15066109701812846,-0.016246210084223885,-205.0632792115482,533.3359108923989,1034.136143211522,-197.43250839211402,539.4164659041714,1041.5069202539537,7.63077081943419,6.080555011772503,7.370777042431655
全倾转无人机总体装配模型,全倾转无人机总体装配模型173,1290,3.750000000000042,-221.96606698342364,428.3031278986631,996.6792926216377,0.9884519687385895,-0.15066109701812846,-0.016246210084223885,-145.99861804383644,414.328863933452,991.807062483795,-138.36784722440217,420.4094189452247,999.1778395262268,7.630770819434275,6.080555011772674,7.370777042431769
全倾转无人机总体装配模型,全倾转无人机总体装配模型173,1291,3.7499999999999187,-204.91992655826402,535.709270387214,1037.7574151728795,0.9884519687385895,-0.15066109701812846,-0.016246210084223885,-128.95247761867674,521.7350064220029,1032.8851850350368,-121.32170679924252,527.8155614337755,1040.2559620774684,7.630770819434218,6.080555011772617,7.370777042431655
全倾转无人机总体装配模型,全倾转无人机总体装配模型173,1293,3.0000000000000235,-176.41420955940634,540.7113202054687,1063.7891956728133,-0.9884519687385895,0.15066109701812835,0.01624621008422421,-176.5288916820337,535.1365018423743,1064.3618899522542,-146.32075009918,543.4830916245281,1066.7887997376727,30.2081415828537,8.346589782153842,2.426909785418502
全倾转无人机总体装配模型,全倾转无人机总体装配模型173,1296,3.0000000000000235,-197.69050485974887,566.8335428549814,1004.3169438057291,0.03822737420911894,0.35166181751683667,-0.9353462642047762,-202.18495573432944,553.2190534453622,1004.3656824359815,-197.2506044616802,569.6419241850197,1042.7919947764567,4.934351272649224,16.42287073965747,38.42631234047519
全倾转无人机总体装配模型,全倾转无人机总体装配模型173,1298,2.9999999999999947,-120.59125129813887,555.0819772875674,1003.0497394191596,-0.03822737420911928,-0.3516618175168366,0.9353462642047762,-121.6804458684352,540.5635212958396,1003.0010007889068,-117.59344409774228,557.8537487066268,1041.523670569318,4.087001770692922,17.290227410787224,38.522669780411206
全倾转无人机总体装配模型,全倾转无人机总体装配模型173,1300,2.9999999999999845,-173.05020062900385,571.6575601469503,981.478724422793,0.9884519687385895,-0.15066109701812835,-0.01624621008422421,-172.9355185063765,568.1927126889569,978.1852993276519,-142.9420380588623,574.6233165605163,982.5388050047605,29.9934804475142,6.430603871559356,4.353505677108615
全倾转无人机总体装配模型,全倾转无人机总体装配模型173,1303,25.000000000000004,-246.84449022339328,104.02754476904258,828.307018351087,0.14663346602287836,0.9239238063531262,0.35336019398917623,-271.555789441858,107.79407219449573,804.9233617459676,-173.1586067208176,571.8581659292574,1003.9798298218242,98.3971827210404,464.06409373476174,199.05646807585663
全倾转无人机总体装配模型,全倾转无人机总体装配模型173,1305,25.000000000000004,-248.373585191758,89.96107206836912,865.7208689192781,0.14663346602287836,0.9239238063531262,0.35336019398917623,-273.10335756538336,81.16952663044815,866.1270241713837,-176.59907039963832,551.993807444973,1064.3747087715788,96.50428716574504,470.8242808145248,198.24768460019504
全倾转无人机总体装配模型,全倾转无人机总体装配模型173,1309,25.000000000000004,-218.72002612960034,85.44123915782525,865.2334826167514,0.14663346602287836,0.9239238063531262,0.35336019398917623,-219.67571048482836,75.87682594876118,864.8273273646458,-121.27852776378793,539.9409196835227,1063.8837954405021,98.39718272104042,464.0640937347615,199.0564680758563
全倾转无人机总体装配模型,全倾转无人机总体装配模型173,1311,25.000000000000004,-217.1909311612356,99.50771185849871,827.8196320485604,0.14663346602287836,0.9239238063531262,0.35336019398917623,-216.23524680600772,95.74118443304545,804.4324484148913,-119.73095964026258,566.5654652475703,1002.6801330150862,96.50428716574514,470.82428081452485,198.24768460019493
全倾转无人机总体装配模型,全倾转无人机总体装配模型173,1312,2.0000000000000018,-199.22543854524048,103.15732442943832,810.82194387791,0.14663346602287836,0.9239238063531262,0.35336019398917623,-200.64137578242267,103.44929343511342,808.9509691872165,-156.47771181594533,364.2160088486165,909.1430978956071,44.163663966477344,260.7667154135031,100.19212870839056
全倾转无人机总体装配模型,全倾转无人机总体装配模型173,1313,3.7499999999999383,-237.1008386981273,338.480076285954,908.8338568601572,0.9884519687385895,-0.15066109701812846,-0.016246210084223885,-161.13338975854012,324.5452380390362,903.9658781084705,-153.76128178994827,330.58636733251547,911.3324037647461,7.372107968591848,6.041129293479287,7.3665256562755985
全倾转无人机总体装配模型,全倾转无人机总体装配模型173,1314,3.7500000000000226,-203.00855784780808,553.2923612630559,990.9901019626406,0.9884519687385895,-0.15066109701812846,-0.016246210084223885,-127.0411089082208,539.3575230161381,986.1221232109538,-119.66900093962904,545.3986523096174,993.4886488672296,7.372107968591763,6.041129293479344,7.366525656275826
全倾转无人机总体装配模型,全倾转无人机总体装配模型173,1315,3.7499999999999285,-254.14697912328688,231.0739337974031,867.7557343089154,0.9884519687385895,-0.15066109701812846,-0.016246210084223885,-178.17953018369965,217.13909555048522,862.8877555572287,-170.80742221510783,223.1802248439646,870.2542812135043,7.37210796859182,6.041129293479372,7.3665256562755985
全倾转无人机总体装配模型,全倾转无人机总体装配模型173,1316,3.750000000000042,-220.05469827296767,445.886218774505,949.9119794113989,0.9884519687385895,-0.15066109701812846,-0.016246210084223885,-144.08724933338047,431.95138052758705,945.0440006597121,-136.7151413647887,437.99250982106656,952.4105263159879,7.372107968591763,6.041129293479514,7.366525656275826
全倾转无人机总体装配模型,全倾转无人机总体装配模型173,1317,27.000000000000007,-217.1909311612356,99.50771185849871,827.8196320485604,0.14663346602287836,0.9239238063531262,0.35336019398917623,-216.1587920575894,95.43986223900913,802.5614737241978,-117.60594438434967,568.1927126889569,1003.001000788907,98.55284767323974,472.7528504499478,200.4395270647093
全倾转无人机总体装配模型,全倾转无人机总体装配模型173,1318,3.7499999999999334,-273.10448825890245,106.08470043301033,873.4449249679125,0.9884519687385895,-0.15066109701812846,-0.016246210084223885,-197.13703931931522,92.11043646779939,868.5726948300698,-189.50626849988097,98.1909914795718,875.9434718725014,7.630770819434247,6.080555011772418,7.370777042431541
全倾转无人机总体装配模型,全倾转无人机总体装配模型173,1319,3.7499999999999285,-256.0583478337428,213.4908429215613,914.5230475191543,0.9884519687385895,-0.15066109701812846,-0.016246210084223885,-180.09089889415557,199.51657895635032,909.6508173813116,-172.46012807472135,205.59713396812276,917.0215944237432,7.630770819434218,6.0805550117724465,7.370777042431541
全倾转无人机总体装配模型,全倾转无人机总体装配模型173,1321,3.7499999999999383,-239.01220740858327,320.8969854101121,955.6011700703959,0.9884519687385895,-0.15066109701812846,-0.016246210084223885,-163.0447584689961,306.9227214449011,950.7289399325533,-155.41398764956185,313.0032764566736,958.0997169749849,7.630770819434247,6.080555011772503,7.370777042431541
全倾转无人机总体装配模型,全倾转无人机总体装配模型173,1322,27.000000000000007,-218.72002612960034,85.44123915782525,865.2334826167514,0.14663346602287836,0.9239238063531262,0.35336019398917623,-219.7521652332466,75.111672892036,864.7948349444773,-119.15499036028788,540.5635212958396,1066.1078481629008,100.5971748729587,465.4518484038036,201.31301321842352
全倾转无人机总体装配模型,全倾转无人机总体装配模型173,1324,3.7499999999999334,-273.10448825890245,106.08470043301033,873.4449249679125,0.9884519687385895,-0.15066109701812846,-0.016246210084223885,-273.24784091218663,103.71134093819529,869.8236530065551,-265.6170700927524,109.79189594996771,877.1944300489866,7.630770819434247,6.080555011772418,7.370777042431541
全倾转无人机总体装配模型,全倾转无人机总体装配模型173,1325,3.7499999999999285,-256.0583478337428,213.4908429215613,914.5230475191543,0.9884519687385895,-0.15066109701812846,-0.016246210084223885,-256.20170048702704,211.11748342674622,910.9017755577969,-248.57092966759282,217.19803843851867,918.2725526002284,7.630770819434218,6.0805550117724465,7.370777042431541
全倾转无人机总体装配模型,全倾转无人机总体装配模型173,1326,27.000000000000007,-248.373585191758,89.96107206836912,865.7208689192781,0.14663346602287836,0.9239238063531262,0.35336019398917623,-275.0817393552734,80.46620299541446,866.1595165915521,-176.52889168203365,553.2190534453622,1066.5990436562613,98.55284767323974,472.75285044994774,200.43952706470918
全倾转无人机总体装配模型,全倾转无人机总体装配模型173,1327,3.7499999999999383,-239.01220740858327,320.8969854101121,955.6011700703959,0.9884519687385895,-0.15066109701812846,-0.016246210084223885,-239.15556006186753,318.523625915297,951.9798981090386,-231.52478924243326,324.6041809270695,959.3506751514701,7.630770819434275,6.080555011772503,7.370777042431541
全倾转无人机总体装配模型,全倾转无人机总体装配模型173,1329,3.7499999999999383,-237.1008386981273,338.480076285954,908.8338568601572,0.9884519687385895,-0.15066109701812846,-0.016246210084223885,-236.98552850056905,336.106716791139,905.2125848987997,-229.61342053197723,342.14784608461827,912.5791105550753,7.37210796859182,6.041129293479287,7.3665256562755985
全倾转无人机总体装配模型,全倾转无人机总体装配模型173,1330,3.7499999999999285,-254.14697912328688,231.0739337974031,867.7557343089154,0.9884519687385895,-0.15066109701812846,-0.016246210084223885,-254.03166892572855,228.70057430258805,864.1344623475578,-246.65956095713682,234.74170359606734,871.5009880038335,7.372107968591735,6.041129293479287,7.366525656275712
全倾转无人机总体装配模型,全倾转无人机总体装配模型173,1331,3.750000000000042,-220.05469827296767,445.886218774505,949.9119794113989,0.9884519687385895,-0.15066109701812846,-0.016246210084223885,-219.93938807540943,443.51285927968985,946.2907074500413,-212.56728010681766,449.55398857316936,953.6572331063171,7.372107968591763,6.041129293479514,7.366525656275826
全倾转无人机总体装配模型,全倾转无人机总体装配模型173,1332,27.000000000000007,-246.84449022339328,104.02754476904258,828.307018351087,0.14663346602287836,0.9239238063531262,0.35336019398917623,-273.5326933793352,108.095394388532,803.052669217558,-172.9355185063765,573.5472427923356,1004.3656824359819,100.59717487295873,465.45184840380364,201.31301321842386
全倾转无人机总体装配模型,全倾转无人机总体装配模型173,1334,2.0000000000000018,-263.44381851119505,112.94557098100793,811.8774380497986,-0.14663346602287836,-0.9239238063531262,-0.35336019398917623,-264.7717647742192,113.19332524269785,810.006463359105,-220.61491052419967,374.00425540018637,910.1503629208291,44.156854250019535,260.81093015748854,100.14389956172408
全倾转无人机总体装配模型,全倾转无人机总体装配模型173,1339,10.999999999999952,-208.0189213954279,301.33485924854403,822.602669010207,0.8644043015528646,-0.4317980721815034,-0.25759586238377674,-206.14152334424074,285.9172404471761,804.2460129182915,-176.5560211893846,308.23394606021463,830.6743530244477,29.58550215485613,22.31670561303855,26.428340106156156
全倾转无人机总体装配模型,全倾转无人机总体装配模型173,1343,1.000000000000031,-203.00460477650378,309.11547987132326,826.3866578539491,0.8644043015528646,-0.4317980721815034,-0.25759586238377674,-197.28371198076076,297.4468075200814,820.3041878943072,-180.89169985954962,306.8709554283307,825.5497395645721,16.39201212121114,9.424147908249324,5.245551670264831
全倾转无人机总体装配模型,全倾转无人机总体装配模型173,1345,10.999999999999952,-208.0189213954279,301.33485924854403,822.602669010207,0.8644043015528646,-0.4317980721815034,-0.25759586238377674,-207.49886244401532,278.4592437661579,804.9999380877667,-177.91336028915921,300.77594937919645,831.4282781939228,29.5855021548561,22.31670561303855,26.428340106156043
全倾转无人机总体装配模型,全倾转无人机总体装配模型173,1348,2.999999999999971,-207.55663914763585,306.088829913076,816.1850325259439,0.8644043015528646,-0.4317980721815034,-0.25759586238377674,-201.33245319384375,299.66740554082696,808.8840974590536,-190.14314547275043,305.68740504791816,813.3095816893998,11.189307721093314,6.0199995070912,4.425484230346228
全倾转无人机总体装配模型,全倾转无人机总体装配模型173,1350,3.000000000000002,-191.61146155500634,301.6758981296459,803.3299174145856,-0.37940291451661895,-0.2239706032657148,-0.897714095538823,-190.14316290733834,300.2031918289126,809.471846455963,-184.8162516537658,302.53099806917197,818.3356731899466,5.326911253572547,2.327806240259349,8.863826733983615
全倾转无人机总体装配模型,全倾转无人机总体装配模型173,1353,3.9999999999999916,-176.90036653952478,285.79012865000993,813.3292179643912,-0.8644043015528646,0.4317980721815034,0.25759586238377674,-187.55559906758344,285.6366320213015,811.7991284813062,-182.2979892938812,291.00399178488783,819.7701875774661,5.2576097737022565,5.3673597635863075,7.971059096159934
全倾转无人机总体装配模型,全倾转无人机总体装配模型173,1354,3.9999999999999916,-176.90036653952478,285.79012865000993,813.3292179643912,-0.8644043015528646,0.4317980721815034,0.25759586238377674,-187.06202121312,288.34863081439903,811.5249738742243,-181.80441143941772,293.7159905779854,819.4960329703842,5.257609773702285,5.367359763586364,7.971059096159934
全倾转无人机总体装配模型,全倾转无人机总体装配模型173,1355,6.999999999999992,68.59045510157866,163.15947615044072,740.1719930473566,-0.8644043015528646,0.4317980721815042,0.25759586238377546,-185.60637399567958,156.84568403966003,735.9328971270701,72.03900331738834,292.7555691814554,821.6385623698166,257.6453773130679,135.9098851417954,85.70566524274648
全倾转无人机总体装配模型,全倾转无人机总体装配模型173,1356,6.999999999999992,68.59045510157866,163.15947615044072,740.1719930473566,-0.8644043015528646,0.4317980721815042,0.25759586238377546,-185.5353405645618,158.78482405206233,733.4082238161916,72.1100367485061,294.69470919385765,819.1138890589381,257.6453773130679,135.90988514179531,85.70566524274648
全倾转无人机总体装配模型,全倾转无人机总体装配模型173,1358,11.000000000000023,86.18252463450172,156.6864697127641,732.414462693698,-0.08940691239645418,-0.6361632374397523,0.7663567963722291,74.77954306252053,145.1577682137492,726.8806093307597,87.17692957942711,163.90124265847302,743.3128136312419,12.397386516906579,18.74347444472383,16.432204300482113
全倾转无人机总体装配模型,全倾转无人机总体装配模型173,1359,11.000000000000023,86.18252463450172,156.6864697127641,732.414462693698,-0.08940691239645418,-0.6361632374397523,0.7663567963722291,86.90870884223771,158.84037356687043,739.3075147019971,93.99167263683513,163.76202854970086,743.3128136312419,7.082963794597418,4.921654982830432,4.005298929244759
全倾转无人机总体装配模型,全倾转无人机总体装配模型173,1363,11.000000000000023,86.18252463450172,156.6864697127641,732.414462693698,-0.08940691239645418,-0.6361632374397523,0.7663567963722291,84.56227130280114,145.018554104977,726.8806093307597,92.21178441654075,148.0843005272334,730.8859082600047,7.649513113739616,3.06574642225641,4.0052989292449865
全倾转无人机总体装配模型,全倾转无人机总体装配模型173,1366,11.000000000000023,94.52258414807494,150.20553398501767,732.4441171758851,-0.8644043015528637,0.43179807218150523,0.2575958623837767,63.147826646028406,146.19459662361567,723.6185079921693,94.00252519666232,173.08114946740392,746.6455807321958,30.854698550633913,26.88655284378825,23.027072740026483
全倾转无人机总体装配模型,全倾转无人机总体装配模型173,1367,11.000000000000023,94.52258414807494,150.20553398501767,732.4441171758851,-0.8644043015528637,0.43179807218150523,0.2575958623837767,63.0596839420316,143.3064471733471,727.773700527774,93.9143824926655,170.19300001713532,750.8007732678008,30.8546985506339,26.886552843788223,23.02707274002671
全倾转无人机总体装配模型,全倾转无人机总体装配模型173,1369,3.000000000000014,77.82174099014152,156.43759132040304,739.7141446299307,-0.49478440504187116,-0.6394112606065915,-0.5885079713452073,71.73041363652574,150.026356796544,736.3426492214862,81.03780032415312,162.2357303484872,746.2839018696627,9.307386687627385,12.209373551943202,9.941252648176487
全倾转无人机总体装配模型,全倾转无人机总体装配模型173,1374,11.000000000000016,-198.18710404544223,300.1622724948637,818.7399746265404,-0.3299373151269752,-0.8737205467042264,0.357426599952593,-210.2208218969595,290.44295941987474,809.1814742696363,-188.49108924897388,302.0712533594484,821.1485033509504,21.729732647985628,11.628293939573666,11.967029081314081
全倾转无人机总体装配模型,全倾转无人机总体装配模型173,1375,11.000000000000016,-198.18710404544223,300.1622724948637,818.7399746265404,-0.3299373151269752,-0.8737205467042264,0.357426599952593,-210.19268004779934,299.45009171933555,818.8334321017986,-206.20461086938695,303.7339391705582,826.7377711208935,3.9880691784123883,4.283847451222641,7.904339019094891
全倾转无人机总体装配模型,全倾转无人机总体装配模型173,1379,11.000000000000016,-198.18710404544223,300.1622724948637,818.7399746265404,-0.3299373151269752,-0.8737205467042264,0.357426599952593,-191.4835204007873,292.1372478033495,820.0762235510923,-188.46294739981371,298.1867875740829,827.680489528566,3.0205730009735987,6.049539770733418,7.604265977473688
全倾转无人机总体装配模型,全倾转无人机总体装配模型173,1386,6.0000000000000115,-195.54760552441266,307.15203686845445,815.8805618268976,-0.32993731512697716,-0.8737205467042259,0.35742659995259235,-201.87149721423884,303.0953754967401,810.2769144322743,-195.43033714321652,310.07060614561874,822.1319978928884,6.441160071022324,6.975230648878664,11.855083460614082
全倾转无人机总体装配模型,全倾转无人机总体装配模型173,1388,6.0000000000000115,-195.54760552441266,307.15203686845445,815.8805618268976,-0.32993731512697716,-0.8737205467042259,0.35742659995259235,-196.3247485358628,302.48602649788165,810.343978960812,-189.88358846484044,309.4612571467603,822.1990624214261,6.441160071022352,6.975230648878664,11.855083460614082
全倾转无人机总体装配模型,全倾转无人机总体装配模型173,1389,8.500000000000046,68.59045510158921,163.15947615044948,740.1719930473564,-0.864404301552864,0.4317980721815052,0.25759586238377613,38.38454834087708,154.6291324429956,731.4436529704599,71.37416693590785,178.7759544053096,755.9028734012713,32.98961859503077,24.146821962313993,24.459220430811456
全倾转无人机总体装配模型,全倾转无人机总体装配模型173,1391,8.500000000000046,68.59045510158921,163.15947615044948,740.1719930473564,-0.864404301552864,0.4317980721815052,0.25759586238377613,41.60342282379034,159.63334391667158,731.6537968401873,74.59304141882114,183.7801658789855,756.1130172709987,32.989618595030805,24.146821962313936,24.459220430811456
全倾转无人机总体装配模型,全倾转无人机总体装配模型173,1392,8.50000000000001,-182.08679234874205,288.3809170830841,814.8747931386507,0.8644043015528644,-0.43179807218150396,-0.25759586238377635,-184.93821950593474,272.88259350554847,799.1147412972132,-151.88088558802997,296.911260790538,823.6031332155472,33.05733391790477,24.028667284989524,24.48839191833406
全倾转无人机总体装配模型,全倾转无人机总体装配模型173,1394,8.50000000000001,-182.08679234874205,288.3809170830841,814.8747931386507,0.8644043015528644,-0.43179807218150396,-0.25759586238377635,-188.089378665974,267.7602273545482,798.9337689150084,-155.0320447480693,291.7888946395377,823.4221608333424,33.057333917904714,24.028667284989524,24.48839191833406
全倾转无人机总体装配模型,全倾转无人机总体装配模型173,1395,10.999999999999977,-208.01892139576023,301.3348592514195,301.5907539580045,0.864404301553766,-0.43179807219058364,0.25759586236553117,-206.14152334457347,285.91724044932175,293.51906994375304,-176.5560211897069,308.2339460629787,319.94741004942614,29.58550215486656,22.31670561365695,26.4283401056731
全倾转无人机总体装配模型,全倾转无人机总体装配模型173,1398,1.000000000000007,-213.03323801466692,293.55423862845504,305.3747428013887,0.864404301553766,-0.43179807219058364,0.25759586236553117,-207.48520528192154,281.98122476139395,307.53534043793974,-191.09319316069883,291.4053726698101,312.78089210784117,16.392012121222706,9.42414790841616,5.245551669901431
全倾转无人机总体装配模型,全倾转无人机总体装配模型173,1399,3.0000000000000093,-183.26459743598784,306.60325140446105,301.1137954520442,0.3794029145172279,0.22397060330729038,-0.8977140955281929,-190.1431454730979,300.20320212331916,305.8577085259636,-184.8162342195201,302.5310083639712,314.7215352598437,5.3269112535777765,2.3278062406520235,8.863826733880103
全倾转无人机总体装配模型,全倾转无人机总体装配模型173,1402,2.9999999999999987,-204.1260310838936,308.1139998034713,299.8911485934266,0.864404301553766,-0.43179807219058364,0.25759586236553117,-197.08538902764548,302.45201413886963,301.05696761826863,-186.24251548742203,307.79732420274445,305.85774977834905,10.84287354022345,5.34531006387482,4.800782160080416
全倾转无人机总体装配模型,全倾转无人机总体装配模型173,1403,10.999999999999977,-208.01892139576023,301.3348592514195,301.5907539580045,0.864404301553766,-0.43179807219058364,0.25759586236553117,-207.49886244432423,278.45924376880873,292.76514477410745,-177.91336028945773,300.7759493824656,319.19348487978056,29.585502154866504,22.316705613656893,26.4283401056731
全倾转无人机总体装配模型,全倾转无人机总体装配模型173,1405,3.0000000000000093,-185.62383746073053,298.76050431342424,295.8841080011993,0.3794029145172279,0.22397060330729038,-0.8977140955281929,-192.25438372550974,292.9666306164908,302.0441676866922,-185.12497764592726,300.0375959560739,315.2365509654959,7.1294060795824805,7.070965339583097,13.192383278803675
全倾转无人机总体装配模型,全倾转无人机总体装配模型173,1406,3.0000000000000093,-192.61804534312282,290.4221621850623,305.37705288297303,-0.3794029145172279,-0.22397060330729038,0.8977140955281929,-196.27961897002143,285.9211697427325,297.98305537966513,-187.35307075693464,290.70397270996256,312.4715581734002,8.92654821308679,4.7828029672300545,14.488502793735051
全倾转无人机总体装配模型,全倾转无人机总体装配模型173,1407,6.999999999999999,68.5904551015168,163.159476150577,384.0214299152331,-0.8644043015537667,0.43179807219058275,-0.2575958623655304,-185.6063739959922,156.84568403982675,302.9647606831188,69.0333809972275,291.284735868934,390.7851991464322,254.6397549932197,134.43905182910723,87.8204384633134
全倾转无人机总体装配模型,全倾转无人机总体装配模型173,1408,6.999999999999999,68.5904551015168,163.159476150577,384.0214299152331,-0.8644043015537667,0.43179807219058275,-0.2575958623655304,-182.52971824478638,160.25565736748908,302.5548605980302,72.11003674843336,294.6947091965963,390.3752990613436,254.63975499321975,134.43905182910723,87.8204384633134
全倾转无人机总体装配模型,全倾转无人机总体装配模型173,1416,11.0,94.52258414805831,150.20553398471543,391.74930578594063,-0.8644043015537662,0.4317980721905833,-0.25759586236553106,63.14782664599165,146.1945966230365,377.54784223054156,94.0025251966223,173.08114946732618,400.57491496983766,30.85469855063065,26.886552844289696,23.027072739296102
全倾转无人机总体装配模型,全倾转无人机总体装配模型173,1419,1.000000000000002,98.64165329723235,159.22503778203065,393.0461560450448,-0.8644043015537662,0.4317980721905833,-0.25759586236553106,76.94213884599694,161.61146104996217,385.6400067385924,93.09362056448695,170.921959888331,391.3726700343966,16.151481718490018,9.31049883836883,5.73266329580423
全倾转无人机总体装配模型,全倾转无人机总体装配模型173,1421,11.0,94.52258414805831,150.20553398471543,391.74930578594063,-0.8644043015537662,0.4317980721905833,-0.25759586236553106,63.05968394200501,143.30644717315622,373.392649694519,93.91438249263567,170.1930000174459,396.4197224338151,30.85469855063066,26.886552844289696,23.027072739296102
全倾转无人机总体装配模型,全倾转无人机总体装配模型173,1426,11.000000000000016,-198.18710404577675,300.16227249759515,305.4534483416323,-0.3299373151239126,-0.8737205466890806,-0.35742659999244364,-210.22082189729048,290.4429594223826,303.04491961737494,-188.49108924932813,302.0712533623429,315.01194869828896,21.72973264796235,11.628293939960258,11.967029080914017
全倾转无人机总体装配模型,全倾转无人机总体装配模型173,1427,11.000000000000016,-198.18710404577675,300.16227249759515,305.4534483416323,-0.3299373151239126,-0.8737205466890806,-0.35742659999244364,-191.48352040079382,292.1372478060239,296.51293343976994,-188.46294740013042,298.18678757692976,304.1171994173523,3.020573000663404,6.049539770905881,7.604265977582372
全倾转无人机总体装配模型,全倾转无人机总体装配模型173,1432,11.000000000000016,-198.18710404577675,300.16227249759515,305.4534483416323,-0.3299373151239126,-0.8737205466890806,-0.35742659999244364,-210.19268004809277,299.4500917222756,297.4556518469087,-206.20461086936353,303.7339391736067,305.35999086594256,3.9880691787292335,4.2838474513310985,7.904339019033841
全倾转无人机总体装配模型,全倾转无人机总体装配模型173,1437,6.000000000000009,-195.54760552468647,307.1520368712136,308.3128611416339,-0.3299373151239154,-0.8737205466890807,-0.3574265999924404,-201.8714972145129,303.91715579095023,301.99436054711725,-189.94215610693212,310.0706061485412,309.85119111612323,11.929341107580797,6.153450357590941,7.856830569005979
全倾转无人机总体装配模型,全倾转无人机总体装配模型173,1439,6.000000000000009,-195.54760552468647,307.1520368712136,308.3128611416339,-0.3299373151239154,-0.8737205466890807,-0.3574265999924404,-201.81292957268863,302.486026500508,306.0596779671597,-189.88358846510783,308.63947685809893,313.9165085361657,11.929341107580797,6.153450357590941,7.856830569005979
全倾转无人机总体装配模型,全倾转无人机总体装配模型173,1440,8.499999999999988,68.59045510151202,163.1594761505764,384.02142991524545,-0.864404301553767,0.4317980721905817,-0.2575958623655309,39.106930437035444,154.62913244314134,368.0804056921092,74.59304141873253,183.77939933881652,385.4695332798125,35.48611098169708,29.150266895675173,17.389127587703285
全倾转无人机总体装配模型,全倾转无人机总体装配模型173,1441,8.499999999999988,68.59045510151202,163.1594761505764,384.02142991524545,-0.864404301553767,0.4317980721905817,-0.2575958623655309,38.38454834078606,154.62989898367258,375.36064240444347,73.87065932248315,183.78016587934775,392.7497699921468,35.48611098169709,29.150266895675173,17.389127587703342
全倾转无人机总体装配模型,全倾转无人机总体装配模型173,1442,4.999999999999998,86.77261025645583,160.88514708065262,396.8369151262762,0.08940691239119482,0.6361632374024786,0.7663567964037842,81.79263434281762,157.09248023985214,393.62483923751773,87.39031963895292,165.2518501346321,400.66206554310764,5.597685296135296,8.159369894779957,7.037226305589911
全倾转无人机总体装配模型,全倾转无人机总体装配模型173,1443,4.999999999999998,86.77261025645583,160.88514708065262,396.8369151262762,0.08940691239119482,0.6361632374024786,0.7663567964037842,87.31879410903993,161.6221744417216,393.62485014656784,91.64855546051596,165.18674451137508,396.27767711669037,4.329761351476037,3.5645700696534846,2.6528269701225327
全倾转无人机总体装配模型,全倾转无人机总体装配模型173,1444,4.999999999999998,86.77261025645583,160.88514708065262,396.8369151262762,0.08940691239119482,0.6361632374024786,0.7663567964037842,86.2264264038717,157.02737461659513,399.1150089479633,89.95651021838724,158.21234639114374,400.66207645215763,3.730083814515538,1.1849717745486146,1.547067504194331
全倾转无人机总体装配模型,全倾转无人机总体装配模型173,1445,8.499999999999984,-182.0867923490631,288.3809170858492,309.3186298292046,0.864404301553767,-0.43179807219058136,0.25759586236553117,-188.08937866628366,267.76383750883303,308.0056831919402,-152.56441092760474,296.91126079328427,325.25965405234086,35.524967738678924,29.147423284451236,17.25397086040067
全倾转无人机总体装配模型,全倾转无人机总体装配模型173,1446,8.499999999999984,-182.0867923490631,288.3809170858492,309.3186298292046,0.864404301553767,-0.43179807219058136,0.25759586236553117,-187.40585332701608,267.76022735707784,300.5902897523032,-151.88088558833715,296.9076506415291,317.8442606127038,35.524967738678924,29.147423284451236,17.253970860400614
全倾转无人机总体装配模型,全倾转无人机总体装配模型173,1448,8.000000000000007,-178.94264772863414,9.75884325479137,520.0967114798547,-0.0016213469713784344,-0.9999986856161355,1.2410707361482242e-13,-178.96048254531937,-1.254113062757153,512.0967114798533,-170.92482342701987,20.75882879656787,520.096711479856,8.035659118299492,22.01294185932502,8.000000000002728
全倾转无人机总体装配模型,全倾转无人机总体装配模型173,1449,32.499999999999986,-300.94248737380246,9.956647585304792,562.0967114798552,-4.270546047768088e-15,-1.2410031269021716e-13,-1.0,-331.5421393609288,-22.5433524147014,512.0967114798563,-270.37850502004676,-0.9937541546703521,532.0967114798591,61.16363434088203,21.549598260031047,20.000000000002842
全倾转无人机总体装配模型,全倾转无人机总体装配模型173,1450,32.499999999999986,-300.94248737380246,9.956647585304792,562.0967114798552,-4.270546047768088e-15,-1.2410031269021716e-13,-1.0,-331.54213936092845,-22.54335241469147,592.0967114798564,-270.3785050200464,-0.993754154660424,612.0967114798592,61.16363434088203,21.549598260031047,20.000000000002842
全倾转无人机总体装配模型,全倾转无人机总体装配模型173,1451,8.000000000000007,-402.94235330664844,10.122024976380214,520.0967114798556,0.0016213469713784344,0.9999986856161355,-1.2410707361482242e-13,-410.96017760826265,-0.8779605653982683,512.0967114798542,-402.9245184899633,21.134981293928735,520.0967114798569,8.03565911829935,22.012941859327004,8.000000000002728
全倾转无人机总体装配模型,全倾转无人机总体装配模型173,1453,7.999999999999998,-402.94235330664804,10.12202497639064,604.0967114798556,0.0016213469713784344,0.9999986856161355,-1.2410707361482242e-13,-410.96017760826226,-0.877960565385859,604.0967114798542,-402.92451848996285,21.13498129393916,612.0967114798569,8.035659118299407,22.012941859325018,8.000000000002728
全倾转无人机总体装配模型,全倾转无人机总体装配模型173,1454,7.999999999999998,-178.94264772863377,9.758843254801794,604.0967114798547,-0.0016213469713784344,-0.9999986856161355,1.2410707361482242e-13,-178.9604825453189,-1.2541130627467223,604.0967114798533,-170.92482342701953,20.75882879658028,612.096711479856,8.035659118299378,22.012941859327,8.000000000002728
全倾转无人机总体装配模型,全倾转无人机总体装配模型173,1457,12.00000000000001,-218.96109472222327,-1.586287869528349,562.2622365404522,0.0016213469713784344,0.9999986856161355,-1.2410707361482242e-13,-230.95927253848066,-1.1730898345252263,550.4255094544632,-220.8975455912541,20.84313698805817,562.096711479856,10.06172694722656,22.016226822583395,11.671202025392859
全倾转无人机总体装配模型,全倾转无人机总体装配模型173,1458,12.000000000000005,-218.96109472222327,-1.5862878695283906,561.9311864192604,0.0016213469713784344,0.9999986856161355,-1.2410707361482242e-13,-230.95927253848063,-1.1730898345222704,562.0967114798542,-220.89754559129076,20.843136988058177,573.7679135052406,10.061726947189868,22.016226822580446,11.671202025386378
全倾转无人机总体装配模型,全倾转无人机总体装配模型173,1461,5.999999999999999,-185.9426385279469,9.77019268359615,561.4367114790897,4.270546047768088e-15,1.2410031269021716e-13,1.0,-191.94263064164366,9.76046460176982,577.0967114798539,-179.9426385279467,15.770192683602437,612.0967114798547,11.999992113696948,6.009728081832616,35.000000000000796
全倾转无人机总体装配模型,全倾转无人机总体装配模型173,1463,10.000000000000025,-300.94248737380246,9.956647585304792,562.0967114798552,-4.270546047768088e-15,-1.2410031269021716e-13,-1.0,-310.94248737380235,-0.04335241469151008,592.0967114798551,-290.94250051764084,9.972861055024781,612.0967114798565,19.999986856161513,10.016213469716291,20.000000000001364
全倾转无人机总体装配模型,全倾转无人机总体装配模型173,1464,10.000000000000025,-300.94248737380246,9.956647585304792,562.0967114798552,-4.270546047768088e-15,-1.2410031269021716e-13,-1.0,-310.94247422996375,9.940434115594728,592.0967114798539,-290.94248737380224,19.95664758531102,612.0967114798552,19.999986856161513,10.016213469716293,20.000000000001364
全倾转无人机总体装配模型,全倾转无人机总体装配模型173,1466,6.499999999999993,-397.96085944751167,-1.2960667616547985,536.096711479857,0.0016213469713784344,0.9999986856161355,-1.2410707361482242e-13,-404.4601861517578,-0.896606055566143,529.5967114798543,-391.42453360537775,21.124442538616762,536.096711479857,13.03565254638005,22.021048594182904,6.5000000000027285
全倾转无人机总体装配模型,全倾转无人机总体装配模型173,1467,6.499999999999993,-397.96085944751167,-1.2960667616547985,536.096711479857,0.0016213469713784344,0.9999986856161355,-1.2410707361482242e-13,-404.4601861517578,-0.896606055566143,536.0967114798542,-391.42453360537775,21.124442538616762,542.596711479857,13.03565254638005,22.021048594182904,6.500000000002842
全倾转无人机总体装配模型,全倾转无人机总体装配模型173,1468,6.499999999999993,-397.96085944751144,-1.2960667616483452,588.0967114798569,0.0016213469713784344,0.9999986856161355,-1.2410707361482242e-13,-404.46018615175757,-0.8966060555596899,581.5967114798542,-391.4245336053775,21.12444253862321,588.0967114798569,13.03565254638005,22.0210485941829,6.5000000000027285
全倾转无人机总体装配模型,全倾转无人机总体装配模型173,1469,6.499999999999993,-397.96085944751144,-1.2960667616483452,588.0967114798569,0.0016213469713784344,0.9999986856161355,-1.2410707361482242e-13,-404.46018615175757,-0.8966060555596899,588.0967114798542,-391.4245336053775,21.12444253862321,594.5967114798569,13.03565254638005,22.0210485941829,6.5000000000027285
全倾转无人机总体装配模型,全倾转无人机总体装配模型173,1470,6.499999999999993,-370.96089493587596,-1.339843129882024,536.0967114798569,0.0016213469713784344,0.9999986856161355,-1.2410707361482242e-13,-377.4602216401221,-0.9403824237933683,529.5967114798542,-364.42456909374204,21.080666170389527,536.0967114798569,13.03565254638005,22.021048594182897,6.5000000000027285
全倾转无人机总体装配模型,全倾转无人机总体装配模型173,1471,6.499999999999993,-370.96089493587596,-1.339843129882024,536.0967114798569,0.0016213469713784344,0.9999986856161355,-1.2410707361482242e-13,-377.4602216401221,-0.9403824237933683,536.0967114798541,-364.42456909374204,21.080666170389527,542.5967114798569,13.03565254638005,22.021048594182897,6.500000000002842
全倾转无人机总体装配模型,全倾转无人机总体装配模型173,1472,6.499999999999993,-370.96089493587573,-1.3398431298755706,588.0967114798568,0.0016213469713784344,0.9999986856161355,-1.2410707361482242e-13,-377.46022164012186,-0.9403824237869222,581.5967114798541,-364.4245690937418,21.08066617039598,588.0967114798568,13.03565254638005,22.0210485941829,6.5000000000027285
全倾转无人机总体装配模型,全倾转无人机总体装配模型173,1473,6.499999999999993,-370.96089493587573,-1.3398431298755706,588.0967114798568,0.0016213469713784344,0.9999986856161355,-1.2410707361482242e-13,-377.46022164012186,-0.9403824237869222,588.0967114798541,-364.4245690937418,21.08066617039598,594.5967114798568,13.03565254638005,22.0210485941829,6.5000000000027285
全倾转无人机总体装配模型,全倾转无人机总体装配模型173,1476,2.499999999999993,-348.442424940569,10.03366156644187,534.5967114798553,-0.0016213469713784344,-0.9999986856161355,1.2410707361482242e-13,-350.96025647129454,-0.9663239753359297,532.096711479854,-348.4245901238839,21.03770047564781,534.5967114798568,2.535666347410654,22.00402445098374,2.500000000002842
全倾转无人机总体装配模型,全倾转无人机总体装配模型173,1478,2.4999999999999467,-253.4425498070362,9.879633604160887,534.596711479855,-0.0016213469713784344,-0.9999986856161355,1.2410707361482242e-13,-253.46038462372135,-1.1244053050450502,532.0967114798536,-250.92471827631073,20.87961914593807,534.5967114798564,2.5356663474106256,22.00402445098312,2.5000000000027285
全倾转无人机总体装配模型,全倾转无人机总体装配模型173,1479,10.000000000000025,-300.94248737380246,9.956647585304792,562.0967114798552,-4.270546047768088e-15,-1.2410031269021716e-13,-1.0,-310.9424742299641,9.9404341155848,512.0967114798538,-290.9424873738026,19.95664758530109,532.0967114798551,19.999986856161513,10.016213469716291,20.000000000001364
全倾转无人机总体装配模型,全倾转无人机总体装配模型173,1481,10.000000000000025,-300.94248737380246,9.956647585304792,562.0967114798552,-4.270546047768088e-15,-1.2410031269021716e-13,-1.0,-310.9424873738027,-0.043352414701438136,512.096711479855,-290.9425005176412,9.972861055014853,532.0967114798564,19.999986856161513,10.016213469716291,20.000000000001364
全倾转无人机总体装配模型,全倾转无人机总体装配模型173,1483,5.999999999999999,-185.9426385279469,9.77019268359615,561.4367114790897,4.270546047768088e-15,1.2410031269021716e-13,1.0,-191.9426385279471,3.770192683590027,512.0967114798545,-179.94264641425016,9.779920765422641,547.0967114798556,11.999992113696948,6.009728081832614,35.00000000000102
全倾转无人机总体装配模型,全倾转无人机总体装配模型173,1484,5.999999999999999,-185.9426385279469,9.77019268359615,561.4367114790897,4.270546047768088e-15,1.2410031269021716e-13,1.0,-191.94263064164392,9.760464601761754,512.0967114798538,-179.94263852794697,15.77019268359437,547.0967114798548,11.999992113696948,6.009728081832616,35.00000000000102
全倾转无人机总体装配模型,全倾转无人机总体装配模型173,1486,6.499999999999993,-203.96111443798137,-1.6106080741022777,536.0967114798561,0.0016213469713784344,0.9999986856161355,-1.2410707361482242e-13,-210.4604411422275,-1.2111473680136222,536.0967114798534,-197.4247885958474,20.80990122616928,542.5967114798561,13.035652546380106,22.021048594182904,6.5000000000027285
全倾转无人机总体装配模型,全倾转无人机总体装配模型173,1487,6.499999999999993,-203.96111443798137,-1.6106080741022777,536.0967114798561,0.0016213469713784344,0.9999986856161355,-1.2410707361482242e-13,-210.4604411422275,-1.2111473680136222,529.5967114798534,-197.4247885958474,20.80990122616928,536.0967114798561,13.035652546380106,22.021048594182904,6.5000000000027285
全倾转无人机总体装配模型,全倾转无人机总体装配模型173,1488,6.499999999999993,-203.96111443798114,-1.6106080740958244,588.0967114798563,0.0016213469713784344,0.9999986856161355,-1.2410707361482242e-13,-210.46044114222727,-1.2111473680071725,588.0967114798535,-197.42478859584716,20.809901226175736,594.5967114798563,13.035652546380106,22.021048594182908,6.5000000000027285
全倾转无人机总体装配模型,全倾转无人机总体装配模型173,1489,6.499999999999993,-203.96111443798114,-1.6106080740958244,588.0967114798563,0.0016213469713784344,0.9999986856161355,-1.2410707361482242e-13,-210.46044114222727,-1.2111473680071725,581.5967114798535,-197.42478859584716,20.809901226175736,588.0967114798564,13.035652546380106,22.021048594182908,6.500000000002842
全倾转无人机总体装配模型,全倾转无人机总体装配模型173,1490,6.499999999999993,-230.96107894961702,-1.5668317058750523,536.0967114798563,0.0016213469713784344,0.9999986856161355,-1.2410707361482242e-13,-237.46040565386315,-1.1673709997863968,536.0967114798535,-224.42475310748304,20.853677594396505,542.5967114798563,13.035652546380106,22.0210485941829,6.5000000000027285
全倾转无人机总体装配模型,全倾转无人机总体装配模型173,1491,6.499999999999993,-230.96107894961702,-1.5668317058750523,536.0967114798563,0.0016213469713784344,0.9999986856161355,-1.2410707361482242e-13,-237.46040565386315,-1.1673709997863968,529.5967114798535,-224.42475310748304,20.853677594396505,536.0967114798563,13.035652546380106,22.0210485941829,6.5000000000027285
全倾转无人机总体装配模型,全倾转无人机总体装配模型173,1492,6.499999999999993,-230.9610789496168,-1.5668317058685992,588.0967114798564,0.0016213469713784344,0.9999986856161355,-1.2410707361482242e-13,-237.46040565386292,-1.1673709997799437,588.0967114798536,-224.42475310748281,20.85367759440296,594.5967114798564,13.035652546380106,22.021048594182904,6.5000000000027285
全倾转无人机总体装配模型,全倾转无人机总体装配模型173,1493,6.499999999999993,-230.9610789496168,-1.5668317058685992,588.0967114798564,0.0016213469713784344,0.9999986856161355,-1.2410707361482242e-13,-237.46040565386292,-1.1673709997799437,581.5967114798536,-224.42475310748281,20.853677594402956,588.0967114798565,13.035652546380106,22.0210485941829,6.500000000002842
全倾转无人机总体装配模型,全倾转无人机总体装配模型173,1497,2.5,-348.39216318445614,41.03362082054548,562.0967114798516,4.270546047768088e-15,1.2410031269021716e-13,1.0,-350.8921598984967,41.037674187967724,512.0967114798511,-348.3881098170275,43.53362082055169,612.0967114798516,2.504050081469188,2.4959466325839657,100.00000000000045
全倾转无人机总体装配模型,全倾转无人机总体装配模型173,1499,2.499999999999993,-253.3922880509233,40.8795928582645,562.0967114798511,4.270546047768088e-15,1.2410031269021716e-13,1.0,-253.3882346834951,40.87553949082985,512.0967114798508,-250.8922880509231,43.37958957231104,612.0967114798513,2.4959466325720143,2.5040500814811892,100.00000000000045
